Ticker,Ticker_name,Exposure,Date,wtd_pct_change
EDV,VANGUARD EXT DUR T;ETF,Bonds,2026-04-17,0.0058
HYG,ISHARES:IBOXX $HY CORP,Bonds,2026-04-17,0.0086
IEF,ISHARES:7-10 TRS BD ETF,Bonds,2026-04-17,0.0069
LQD,ISHARES:IBOXX $IG CORP,Bonds,2026-04-17,0.0077
SHY,ISHARES:1-3 TRS BD ETF,Bonds,2026-04-17,0.0028
STIP,ISHARES:0-5 TIPS BD ETF,Bonds,2026-04-17,0.0025
TIP,ISHARES:TIPS BD ETF,Bonds,2026-04-17,0.0041
TLT,ISHARES:20+ TRS BD ETF,Bonds,2026-04-17,0.0067
CHTR,"CHARTER COMMUNICATIONS, INC.",Communication Services,2026-04-17,0.0813
CMCSA,COMCAST ,Communication Services,2026-04-17,0.0609
DIS,THE WALT DISNEY COMPANY,Communication Services,2026-04-17,0.0718
EA,ELECTRONIC ARTS INC.,Communication Services,2026-04-17,0.0054
FOXA,FOX ,Communication Services,2026-04-17,0.0664
GOOGL,ALPHABET INC.,Communication Services,2026-04-17,0.077
LYV,"LIVE NATION ENTERTAINMENT, INC.",Communication Services,2026-04-17,-0.0251
META,"META PLATFORMS, INC.",Communication Services,2026-04-17,0.0932
NFLX,"NETFLIX, INC.",Communication Services,2026-04-17,-0.0553
NWSA,NEWS CORP.,Communication Services,2026-04-17,0.0625
OMC,OMNICOM GROUP INC.,Communication Services,2026-04-17,0.0522
PSKY,PARAMOUNT SKYDANCE ,Communication Services,2026-04-17,0.1055
SATS,ECHOSTAR CORPORATION,Communication Services,2026-04-17,0.0359
T,AT&T INC.,Communication Services,2026-04-17,0.0019
TKO,"TKO GROUP HOLDINGS, INC.",Communication Services,2026-04-17,-0.056
TMUS,"T-MOBILE US, INC.",Communication Services,2026-04-17,0.01
TTD,"THE TRADE DESK, INC.",Communication Services,2026-04-17,0.1185
TTWO,"TAKE-TWO INTERACTIVE SOFTWARE, INC.",Communication Services,2026-04-17,0.076
VZ,VERIZON COMMUNICATIONS INC.,Communication Services,2026-04-17,0.0111
WBD,"WARNER BROS. DISCOVERY, INC.",Communication Services,2026-04-17,0.0011
ABNB,"AIRBNB, INC.",Consumer Discretionary,2026-04-17,0.0976
AMZN,"AMAZON.COM, INC.",Consumer Discretionary,2026-04-17,0.0511
APTV,APTIV PLC,Consumer Discretionary,2026-04-17,-0.0005
AZO,"AUTOZONE, INC.",Consumer Discretionary,2026-04-17,0.0414
BBY,"BEST BUY CO., INC.",Consumer Discretionary,2026-04-17,0.0539
BKNG,BOOKING HOLDINGS INC.,Consumer Discretionary,2026-04-17,0.1069
CCL,CARNIVAL CORP,Consumer Discretionary,2026-04-17,0.0443
CMG,"CHIPOTLE MEXICAN GRILL, INC.",Consumer Discretionary,2026-04-17,0.051
CVNA,CARVANA CO.,Consumer Discretionary,2026-04-17,0.1523
DASH,"DOORDASH, INC.",Consumer Discretionary,2026-04-17,0.2052
DECK,DECKERS OUTDOOR ,Consumer Discretionary,2026-04-17,0.043
DHI,"D.R. HORTON, INC.",Consumer Discretionary,2026-04-17,0.0503
DPZ,"DOMINO'S PIZZA, INC.",Consumer Discretionary,2026-04-17,0.0167
DRI,"DARDEN RESTAURANTS, INC.",Consumer Discretionary,2026-04-17,0.0451
EBAY,EBAY INC.,Consumer Discretionary,2026-04-17,0.097
EXPE,"EXPEDIA GROUP, INC.",Consumer Discretionary,2026-04-17,0.1655
F,FORD MOTOR COMPANY,Consumer Discretionary,2026-04-17,0.061
GM,GENERAL MOTORS COMPANY,Consumer Discretionary,2026-04-17,0.0641
GPC,GENUINE PARTS COMPANY,Consumer Discretionary,2026-04-17,0.0584
GRMN,GARMIN LTD,Consumer Discretionary,2026-04-17,0.041
HAS,"HASBRO, INC.",Consumer Discretionary,2026-04-17,0.0591
HD,"THE HOME DEPOT, INC.",Consumer Discretionary,2026-04-17,0.0358
HLT,HILTON WORLDWIDE HOLDINGS INC.,Consumer Discretionary,2026-04-17,0.0544
LEN,LENNAR ,Consumer Discretionary,2026-04-17,0.0429
LOW,"LOWE'S COMPANIES, INC.",Consumer Discretionary,2026-04-17,0.0307
LULU,LULULEMON ATHLETICA INC.,Consumer Discretionary,2026-04-17,0.0209
LVS,LAS VEGAS SANDS CORP.,Consumer Discretionary,2026-04-17,0.0784
MAR,"MARRIOTT INTERNATIONAL, INC.",Consumer Discretionary,2026-04-17,0.0673
MCD,MCDONALD'S ,Consumer Discretionary,2026-04-17,0.0186
MGM,MGM RESORTS INTERNATIONAL,Consumer Discretionary,2026-04-17,0.034
NCLH,NORWEGIAN CRUISE LINE HOLDINGS LTD.,Consumer Discretionary,2026-04-17,0.0516
NKE,"NIKE, INC.",Consumer Discretionary,2026-04-17,0.08
NVR,"NVR, INC.",Consumer Discretionary,2026-04-17,0.0372
ORLY,"O'REILLY AUTOMOTIVE, INC.",Consumer Discretionary,2026-04-17,0.0075
PHM,"PULTEGROUP, INC.",Consumer Discretionary,2026-04-17,0.0515
POOL,POOL ,Consumer Discretionary,2026-04-17,0.0591
RCL,ROYAL CARIBBEAN CRUISES LTD.,Consumer Discretionary,2026-04-17,0.0308
RL,RALPH LAUREN ,Consumer Discretionary,2026-04-17,0.0185
ROST,"ROSS STORES, INC.",Consumer Discretionary,2026-04-17,0.0301
SBUX,STARBUCKS ,Consumer Discretionary,2026-04-17,0.0352
TJX,"THE TJX COMPANIES, INC.",Consumer Discretionary,2026-04-17,-0.0057
TPR,"TAPESTRY, INC.",Consumer Discretionary,2026-04-17,0.0369
TSCO,TRACTOR SUPPLY COMPANY,Consumer Discretionary,2026-04-17,-0.0004
TSLA,"TESLA, INC.",Consumer Discretionary,2026-04-17,0.1481
ULTA,"ULTA BEAUTY, INC.",Consumer Discretionary,2026-04-17,0.0634
WSM,"WILLIAMS-SONOMA, INC.",Consumer Discretionary,2026-04-17,0.0505
WYNN,"WYNN RESORTS, LIMITED",Consumer Discretionary,2026-04-17,0.0499
YUM,"YUM! BRANDS, INC.",Consumer Discretionary,2026-04-17,0.0064
ADM,ARCHER-DANIELS-MIDLAND COMPANY.,Consumer Staples,2026-04-17,-0.0386
BF.B,BROWN-FORMAN ,Consumer Staples,2026-04-17,-0.0115
BG,BUNGE LIMITED,Consumer Staples,2026-04-17,-0.0376
CAG,"CONAGRA BRANDS, INC.",Consumer Staples,2026-04-17,-0.0211
CASY,"CASEY'S GENERAL STORES, INC.",Consumer Staples,2026-04-17,0.0224
CHD,"CHURCH & DWIGHT CO., INC.",Consumer Staples,2026-04-17,0.0153
CL,COLGATE-PALMOLIVE COMPANY,Consumer Staples,2026-04-17,0.0174
CLX,THE CLOROX COMPANY,Consumer Staples,2026-04-17,-0.0066
COST,COSTCO WHOLESALE ,Consumer Staples,2026-04-17,0.0014
CPB,CAMPBELL SOUP COMPANY,Consumer Staples,2026-04-17,0.0274
DG,DOLLAR GENERAL ,Consumer Staples,2026-04-17,0.0946
DLTR,"DOLLAR TREE, INC.",Consumer Staples,2026-04-17,0.0641
EL,THE ESTEE LAUDER COMPANIES INC.,Consumer Staples,2026-04-17,0.0486
GIS,"GENERAL MILLS, INC.",Consumer Staples,2026-04-17,-0.0025
HRL,HORMEL FOODS ,Consumer Staples,2026-04-17,0.0153
HSY,THE HERSHEY COMPANY,Consumer Staples,2026-04-17,-0.0478
KDP,KEURIG DR PEPPER INC.,Consumer Staples,2026-04-17,-0.0015
KHC,THE KRAFT HEINZ COMPANY,Consumer Staples,2026-04-17,-0.0256
KMB,KIMBERLY-CLARK ,Consumer Staples,2026-04-17,0.016
KO,THE COCA-COLA COMPANY,Consumer Staples,2026-04-17,-0.0223
KR,THE KROGER CO.,Consumer Staples,2026-04-17,0.0029
KVUE,KENVUE INC.,Consumer Staples,2026-04-17,0.015
MDLZ,"MONDELEZ INTERNATIONAL, INC.",Consumer Staples,2026-04-17,-0.0297
MKC,"MCCORMICK & COMPANY, INC.",Consumer Staples,2026-04-17,0.0115
MNST,MONSTER BEVERAGE ,Consumer Staples,2026-04-17,0.0132
MO,"ALTRIA GROUP, INC.",Consumer Staples,2026-04-17,-0.0476
PEP,"PEPSICO, INC.",Consumer Staples,2026-04-17,0.0039
PG,THE PROCTER & GAMBLE COMPANY,Consumer Staples,2026-04-17,0.0122
PM,PHILIP MORRIS INTERNATIONAL INC.,Consumer Staples,2026-04-17,-0.0166
SJM,THE J. M. SMUCKER COMPANY,Consumer Staples,2026-04-17,0.0505
STZ,"CONSTELLATION BRANDS, INC.",Consumer Staples,2026-04-17,-0.0233
SYY,SYSCO ,Consumer Staples,2026-04-17,0.0474
TAP,MOLSON COORS BEVERAGE COMPANY,Consumer Staples,2026-04-17,-0.0102
TGT,TARGET ,Consumer Staples,2026-04-17,0.0488
TSN,"TYSON FOODS, INC.",Consumer Staples,2026-04-17,-0.0125
WMT,WALMART INC.,Consumer Staples,2026-04-17,0.0058
APA,APA ,Energy,2026-04-17,-0.0748
BKR,BAKER HUGHES COMPANY,Energy,2026-04-17,-0.0485
COP,CONOCOPHILLIPS,Energy,2026-04-17,-0.0531
CTRA,COTERRA ENERGY INC.,Energy,2026-04-17,-0.0754
CVX,CHEVRON ,Energy,2026-04-17,-0.0242
DVN,DEVON ENERGY ,Energy,2026-04-17,-0.0745
EOG,"EOG RESOURCES, INC.",Energy,2026-04-17,-0.057
EQT,EQT ,Energy,2026-04-17,-0.0034
EXE,EXPAND ENERGY ,Energy,2026-04-17,-0.032
FANG,"DIAMONDBACK ENERGY, INC.",Energy,2026-04-17,-0.0422
HAL,HALLIBURTON COMPANY,Energy,2026-04-17,-0.0117
KMI,"KINDER MORGAN, INC.",Energy,2026-04-17,-0.0202
MPC,MARATHON PETROLEUM ,Energy,2026-04-17,-0.0401
OKE,"ONEOK, INC.",Energy,2026-04-17,-0.0313
OXY,OCCIDENTAL PETROLEUM ,Energy,2026-04-17,-0.0721
PSX,PHILLIPS 66,Energy,2026-04-17,-0.0181
SLB,SCHLUMBERGER N.V.,Energy,2026-04-17,0.0143
TPL,TEXAS PACIFIC LAND ,Energy,2026-04-17,0.0308
TRGP,TARGA RESOURCES CORP.,Energy,2026-04-17,-0.0312
VLO,VALERO ENERGY ,Energy,2026-04-17,-0.0635
WMB,"THE WILLIAMS COMPANIES, INC.",Energy,2026-04-17,-0.0219
XOM,EXXON MOBIL ,Energy,2026-04-17,-0.0398
UNG,UNITED STATES NAT GAS,Energy Complex,2026-04-17,0.0065
USO,UNITED STATES OIL FUND,Energy Complex,2026-04-17,-0.0703
ACGL,ARCH CAPITAL GROUP LTD.,Financials,2026-04-17,0.0169
AFL,AFLAC INC.,Financials,2026-04-17,0.0345
AIG,"AMERICAN INTERNATIONAL GROUP, INC.",Financials,2026-04-17,0.0235
AIZ,"ASSURANT, INC.",Financials,2026-04-17,0.0381
AJG,ARTHUR J. GALLAGHER & CO.,Financials,2026-04-17,0.0377
ALL,THE ALLSTATE ,Financials,2026-04-17,0.0245
AMP,"AMERIPRISE FINANCIAL, INC.",Financials,2026-04-17,0.0221
AON,AON PLC,Financials,2026-04-17,0.0615
APO,"APOLLO GLOBAL MANAGEMENT, INC.",Financials,2026-04-17,0.1951
ARES,ARES MANAGEMENT CORP,Financials,2026-04-17,0.1724
AXP,AMERICAN EXPRESS COMPANY,Financials,2026-04-17,0.058
BAC,BANK OF AMERICA ,Financials,2026-04-17,0.0261
BEN,"FRANKLIN RESOURCES, INC.",Financials,2026-04-17,0.0947
BK,THE BANK OF NEW YORK MELLON ,Financials,2026-04-17,0.0591
BLK,"BLACKROCK, INC.",Financials,2026-04-17,0.0529
BRK.B,"BERKSHIRE HATHAWAY INC.,",Financials,2026-04-17,-0.0111
BRO,"BROWN & BROWN, INC.",Financials,2026-04-17,0.0406
BX,BLACKSTONE INC,Financials,2026-04-17,0.1241
C,CITIGROUP INC.,Financials,2026-04-17,0.0626
CB,CHUBB LTD,Financials,2026-04-17,0.0089
CBOE,"CBOE GLOBAL MARKETS, INC.",Financials,2026-04-17,0.0135
CFG,"CITIZENS FINANCIAL GROUP, INC.",Financials,2026-04-17,0.0044
CINF,CINCINNATI FINANCIAL ,Financials,2026-04-17,0.0352
CME,CME GROUP INC.,Financials,2026-04-17,-0.0259
COF,CAPITAL ONE FINANCIAL ,Financials,2026-04-17,0.0698
COIN,"COINBASE GLOBAL, INC.",Financials,2026-04-17,0.2293
CPAY,"FLEETCOR TECHNOLOGIES, INC.",Financials,2026-04-17,0.105
EG,"EVEREST GROUP, LTD.",Financials,2026-04-17,0.0655
ERIE,ERIE INDEMNITY COMPANY,Financials,2026-04-17,-0.0353
FDS,FACTSET RESEARCH SYSTEMS INC.,Financials,2026-04-17,0.0999
FIS,FIDELITY NATIONAL INFORMATION SERVICES,Financials,2026-04-17,0.1183
FISV,"FISERV, INC.",Financials,2026-04-17,0.1405
FITB,FIFTH THIRD BANCORP,Financials,2026-04-17,0.0209
GL,GLOBE LIFE INC.,Financials,2026-04-17,0.0413
GPN,GLOBAL PAYMENTS INC.,Financials,2026-04-17,0.1059
GS,"THE GOLDMAN SACHS GROUP, INC.",Financials,2026-04-17,0.02
HBAN,HUNTINGTON BANCSHARES INC.,Financials,2026-04-17,0.0287
HIG,THE HARTFORD FINANCIAL SERVICES GROUP,Financials,2026-04-17,0.019
HOOD,"ROBINHOOD MARKETS, INC.",Financials,2026-04-17,0.3116
IBKR,"INTERACTIVE BROKERS GROUP, INC.",Financials,2026-04-17,0.1475
ICE,"INTERCONTINENTAL EXCHANGE, INC.",Financials,2026-04-17,0.004
IVZ,INVESCO LTD.,Financials,2026-04-17,0.0522
JKHY,"JACK HENRY & ASSOCIATES, INC.",Financials,2026-04-17,0.0466
JPM,JPMORGAN CHASE & CO.,Financials,2026-04-17,0.0014
KEY,KEYCORP,Financials,2026-04-17,0.0158
KKR,KKR & CO. INC.,Financials,2026-04-17,0.1357
L,LOEWS ,Financials,2026-04-17,0.0172
MA,MASTERCARD INC..,Financials,2026-04-17,0.0454
MCO,MOODY'S ,Financials,2026-04-17,0.0654
MET,"METLIFE, INC.",Financials,2026-04-17,0.0568
MRSH,"MARSH & MCLENNAN COMPANIES, INC.",Financials,2026-04-17,0.0455
MS,MORGAN STANLEY,Financials,2026-04-17,0.0629
MSCI,MSCI INC.,Financials,2026-04-17,0.0598
MTB,M&T BANK ,Financials,2026-04-17,-0.0051
NDAQ,"NASDAQ, INC.",Financials,2026-04-17,0.0655
NTRS,NORTHERN TRUST ,Financials,2026-04-17,0.0455
PFG,"PRINCIPAL FINANCIAL GROUP, INC.",Financials,2026-04-17,0.0476
PGR,THE PROGRESSIVE ,Financials,2026-04-17,0.0435
PNC,"THE PNC FINANCIAL SERVICES GROUP, INC.",Financials,2026-04-17,0.0166
PRU,"PRUDENTIAL FINANCIAL, INC.",Financials,2026-04-17,0.049
PYPL,"PAYPAL HOLDINGS, INC.",Financials,2026-04-17,0.1231
RF,REGIONS FINANCIAL ,Financials,2026-04-17,0.0229
RJF,"RAYMOND JAMES FINANCIAL, INC.",Financials,2026-04-17,0.038
SCHW,THE CHARLES SCHWAB ,Financials,2026-04-17,-0.0266
SPGI,S&P GLOBAL INC.,Financials,2026-04-17,0.0654
STT,STATE STREET ,Financials,2026-04-17,0.0431
SYF,SYNCHRONY FINANCIAL,Financials,2026-04-17,0.0819
TFC,TRUIST FINANCIAL ,Financials,2026-04-17,0.0196
TROW,"T. ROWE PRICE GROUP, INC.",Financials,2026-04-17,0.06
TRV,"THE TRAVELERS COMPANIES, INC.",Financials,2026-04-17,0.0119
USB,U.S. BANCORP,Financials,2026-04-17,0.0228
V,VISA INC.,Financials,2026-04-17,0.0416
WFC,WELLS FARGO & COMPANY,Financials,2026-04-17,-0.0467
WRB,W. R. BERKLEY ,Financials,2026-04-17,0.0172
WTW,WILLIS TOWERS WATSON,Financials,2026-04-17,0.0625
XYZ,"BLOCK, INC.",Financials,2026-04-17,0.1457
GLD,SPDR GOLD,Gold,2026-04-17,0.0201
A,"AGILENT TECHNOLOGIES, INC.",Health Care,2026-04-17,0.0592
ABBV,ABBVIE INC.,Health Care,2026-04-17,0.0021
ABT,ABBOTT LABORATORIES,Health Care,2026-04-17,-0.0348
ALGN,"ALIGN TECHNOLOGY, INC.",Health Care,2026-04-17,0.0978
AMGN,AMGEN INC.,Health Care,2026-04-17,0.0122
BAX,BAXTER INTERNATIONAL INC.,Health Care,2026-04-17,0.091
BDX,"BECTON, DICKINSON AND COMPANY",Health Care,2026-04-17,0.028
BIIB,BIOGEN INC.,Health Care,2026-04-17,0.0253
BMY,BRISTOL-MYERS SQUIBB COMPANY,Health Care,2026-04-17,0.0264
BSX,BOSTON SCIENTIFIC ,Health Care,2026-04-17,0.0395
CAH,"CARDINAL HEALTH, INC.",Health Care,2026-04-17,-0.0071
CI,THE CIGNA GROUP,Health Care,2026-04-17,0.0272
CNC,CENTENE ,Health Care,2026-04-17,0.0233
COO,"THE COOPER COMPANIES, INC.",Health Care,2026-04-17,-0.0161
COR,"CENCORA, INC.",Health Care,2026-04-17,0.021
CRL,CHARLES RIVER LABORATORIES,Health Care,2026-04-17,0.0469
CVS,CVS HEALTH ,Health Care,2026-04-17,-0.0256
DGX,QUEST DIAGNOSTICS INC.,Health Care,2026-04-17,0.0183
DHR,DANAHER ,Health Care,2026-04-17,0.0271
DVA,DAVITA INC.,Health Care,2026-04-17,-0.0143
DXCM,"DEXCOM, INC.",Health Care,2026-04-17,-0.0006
ELV,"ELEVANCE HEALTH, INC.",Health Care,2026-04-17,0.037
EW,EDWARDS LIFESCIENCES ,Health Care,2026-04-17,0.0401
GEHC,GE HEALTHCARE TECHNOLOGIES INC.,Health Care,2026-04-17,0.0202
GILD,"GILEAD SCIENCES, INC.",Health Care,2026-04-17,-0.0097
HCA,"HCA HEALTHCARE, INC.",Health Care,2026-04-17,-0.0151
HSIC,"HENRY SCHEIN, INC.",Health Care,2026-04-17,0.0463
HUM,HUMANA INC.,Health Care,2026-04-17,0.0676
IDXX,"IDEXX LABORATORIES, INC.",Health Care,2026-04-17,0.0466
INCY,INCYTE ,Health Care,2026-04-17,0.0182
IQV,IQVIA HOLDINGS INC,Health Care,2026-04-17,0.0545
ISRG,"INTUITIVE SURGICAL, INC.",Health Care,2026-04-17,0.0413
JNJ,JOHNSON & JOHNSON,Health Care,2026-04-17,-0.0179
LH,LABORATORY  OF AMERICA HOLDINGS,Health Care,2026-04-17,0.0374
LLY,ELI LILLY AND COMPANY,Health Care,2026-04-17,-0.0132
MCK,MCKESSON ,Health Care,2026-04-17,0.0009
MDT,MEDTRONIC PUBLIC LIMITED COMPANY,Health Care,2026-04-17,-0.0117
MRK,"MERCK & CO., INC.",Health Care,2026-04-17,-0.0194
MRNA,"MODERNA, INC.",Health Care,2026-04-17,0.0542
MTD,METTLER-TOLEDO INTERNATIONAL INC.,Health Care,2026-04-17,0.0118
PFE,PFIZER INC.,Health Care,2026-04-17,0.0238
PODD,INSULET ,Health Care,2026-04-17,0.0345
REGN,"REGENERON PHARMACEUTICALS, INC.",Health Care,2026-04-17,0.0023
RMD,RESMED INC.,Health Care,2026-04-17,-0.0033
RVTY,"REVVITY, INC.",Health Care,2026-04-17,0.0464
SOLV,SOLVENTUM ,Health Care,2026-04-17,0.0713
STE,STERIS PUBLIC LIMITED COMPANY,Health Care,2026-04-17,0.0144
SYK,STRYKER ,Health Care,2026-04-17,0.0123
TECH,BIO-TECHNE ,Health Care,2026-04-17,0.0664
TMO,THERMO FISHER SCIENTIFIC INC.,Health Care,2026-04-17,0.0615
UHS,"UNIVERSAL HEALTH SERVICES, INC.",Health Care,2026-04-17,0.009
UNH,UNITEDHEALTH GROUP INC.,Health Care,2026-04-17,0.0667
VRTX,VERTEX PHARMACEUTICALS INC.,Health Care,2026-04-17,0.0113
VTRS,VIATRIS INC.,Health Care,2026-04-17,0.0898
WAT,WATERS ,Health Care,2026-04-17,0.0243
WST,"WEST PHARMACEUTICAL SERVICES, INC.",Health Care,2026-04-17,0.067
ZBH,"ZIMMER BIOMET HOLDINGS, INC.",Health Care,2026-04-17,0.0178
ZTS,ZOETIS INC.,Health Care,2026-04-17,0.0384
ADP,"AUTOMATIC DATA PROCESSING, INC.",Industrials,2026-04-17,0.0619
ALLE,ALLEGION PUBLIC LIMITED COMPANY,Industrials,2026-04-17,-0.0034
AME,"AMETEK, INC.",Industrials,2026-04-17,0.0057
AOS,A. O. SMITH ,Industrials,2026-04-17,-0.0167
AXON,"AXON ENTERPRISE, INC.",Industrials,2026-04-17,0.1645
BA,THE BOEING COMPANY,Industrials,2026-04-17,0.0264
BLDR,"BUILDERS FIRSTSOURCE, INC.",Industrials,2026-04-17,0.0375
BR,"BROADRIDGE FINANCIAL SOLUTIONS, INC.",Industrials,2026-04-17,0.0781
CARR,CARRIER GLOBAL ,Industrials,2026-04-17,-0.0319
CAT,CATERPILLAR INC.,Industrials,2026-04-17,0.005
CHRW,"C.H. ROBINSON WORLDWIDE, INC.",Industrials,2026-04-17,0.1147
CMI,CUMMINS INC.,Industrials,2026-04-17,0.0179
CPRT,"COPART, INC.",Industrials,2026-04-17,0.0211
CSX,CSX ,Industrials,2026-04-17,0.0256
CTAS,CINTAS ,Industrials,2026-04-17,0.0242
DAL,"DELTA AIR LINES, INC.",Industrials,2026-04-17,0.0575
DE,DEERE & COMPANY,Industrials,2026-04-17,-0.024
DOV,DOVER ,Industrials,2026-04-17,0.009
EFX,EQUIFAX INC.,Industrials,2026-04-17,0.1025
EME,"EMCOR GROUP, INC.",Industrials,2026-04-17,0.0045
EMR,EMERSON ELECTRIC CO.,Industrials,2026-04-17,0.0179
ETN,EATON  PUBLIC LIMITED COMPANY,Industrials,2026-04-17,0.008
EXPD,EXPEDITORS INTERNATIONAL OF WASHINGTON,Industrials,2026-04-17,0.0296
FAST,FASTENAL COMPANY,Industrials,2026-04-17,-0.0689
FDX,FEDEX ,Industrials,2026-04-17,0.0489
FIX,"COMFORT SYSTEMS USA, INC.",Industrials,2026-04-17,0.0362
FTV,FORTIVE ,Industrials,2026-04-17,0.037
GD,GENERAL DYNAMICS ,Industrials,2026-04-17,0.0034
GE,GENERAL ELECTRIC COMPANY,Industrials,2026-04-17,-0.0137
GEV,GE VERNOVA INC.,Industrials,2026-04-17,0.0115
GNRC,GENERAC HOLDINGS INC.,Industrials,2026-04-17,0.0245
GWW,"W.W. GRAINGER, INC.",Industrials,2026-04-17,-0.0078
HII,"HUNTINGTON INGALLS INDUSTRIES, INC.",Industrials,2026-04-17,0.001
HON,HONEYWELL INTERNATIONAL INC.,Industrials,2026-04-17,-0.0063
HUBB,HUBBELL INC.,Industrials,2026-04-17,-0.0008
HWM,HOWMET AEROSPACE INC.,Industrials,2026-04-17,0.012
IEX,IDEX ,Industrials,2026-04-17,0.024
IR,INGERSOLL RAND INC.,Industrials,2026-04-17,0.0049
ITW,ILLINOIS TOOL WORKS INC.,Industrials,2026-04-17,0.0064
J,JACOBS SOLUTIONS INC.,Industrials,2026-04-17,0.0493
JBHT,"J. B. HUNT TRANSPORT SERVICES, INC.",Industrials,2026-04-17,0.0795
JCI,JOHNSON CONTROLS INTERNATIONAL PLC,Industrials,2026-04-17,-0.0116
LDOS,"LEIDOS HOLDINGS, INC.",Industrials,2026-04-17,0.015
LHX,"L3HARRIS TECHNOLOGIES, INC.",Industrials,2026-04-17,-0.0092
LII,LENNOX INTERNATIONAL INC.,Industrials,2026-04-17,-0.036
LMT,LOCKHEED MARTIN ,Industrials,2026-04-17,-0.0351
LUV,SOUTHWEST AIRLINES CO.,Industrials,2026-04-17,0.0794
MAS,MASCO ,Industrials,2026-04-17,0.0573
MMM,3M COMPANY,Industrials,2026-04-17,0.0281
NDSN,NORDSON ,Industrials,2026-04-17,0.024
NOC,NORTHROP GRUMMAN ,Industrials,2026-04-17,-0.0126
NSC,NORFOLK SOUTHERN ,Industrials,2026-04-17,0.0206
ODFL,"OLD DOMINION FREIGHT LINE, INC.",Industrials,2026-04-17,0.0452
OTIS,OTIS WORLDWIDE ,Industrials,2026-04-17,0.0185
PAYX,"PAYCHEX, INC.",Industrials,2026-04-17,0.0747
PCAR,PACCAR INC,Industrials,2026-04-17,-0.0074
PH,PARKER-HANNIFIN ,Industrials,2026-04-17,0.0046
PNR,PENTAIR PUBLIC LIMITED COMPANY,Industrials,2026-04-17,0.0096
PWR,"QUANTA SERVICES, INC.",Industrials,2026-04-17,0.0282
ROK,"ROCKWELL AUTOMATION, INC.",Industrials,2026-04-17,0.0498
ROL,"ROLLINS, INC.",Industrials,2026-04-17,0.0142
RSG,"REPUBLIC SERVICES, INC.",Industrials,2026-04-17,-0.0326
RTX,RTX ,Industrials,2026-04-17,-0.0255
SNA,SNAP-ON INC.,Industrials,2026-04-17,0.0014
SWK,"STANLEY BLACK & DECKER, INC.",Industrials,2026-04-17,-0.0118
TDG,TRANSDIGM GROUP INC.,Industrials,2026-04-17,0.0486
TT,TRANE TECHNOLOGIES PLC,Industrials,2026-04-17,0.0223
TXT,TEXTRON INC.,Industrials,2026-04-17,0.0024
UAL,"UNITED AIRLINES HOLDINGS, INC.",Industrials,2026-04-17,0.056
UBER,"UBER TECHNOLOGIES, INC.",Industrials,2026-04-17,0.0942
UNP,UNION PACIFIC ,Industrials,2026-04-17,0.0025
UPS,"UNITED PARCEL SERVICE, INC.",Industrials,2026-04-17,0.0466
URI,"UNITED RENTALS, INC.",Industrials,2026-04-17,0.0314
VLTO,VERALTO ,Industrials,2026-04-17,0.0165
VRSK,"VERISK ANALYTICS, INC.",Industrials,2026-04-17,0.0839
VRT,VERTIV HOLDINGS CO,Industrials,2026-04-17,0.0414
WAB,WESTINGHOUSE AIR BRAKE TECHNOLOGIES ,Industrials,2026-04-17,-0.0146
WM,"WASTE MANAGEMENT, INC.",Industrials,2026-04-17,-0.024
XYL,XYLEM INC.,Industrials,2026-04-17,-0.0591
AAPL,APPLE INC.,Information Technology,2026-04-17,0.0374
ACN,ACCENTURE PUBLIC LIMITED COMPANY,Information Technology,2026-04-17,0.1009
ADBE,ADOBE INC.,Information Technology,2026-04-17,0.0848
ADI,"ANALOG DEVICES, INC.",Information Technology,2026-04-17,0.0609
ADSK,"AUTODESK, INC.",Information Technology,2026-04-17,0.1079
AKAM,"AKAMAI TECHNOLOGIES, INC.",Information Technology,2026-04-17,0.0497
AMAT,"APPLIED MATERIALS, INC.",Information Technology,2026-04-17,-0.0064
AMD,"ADVANCED MICRO DEVICES, INC.",Information Technology,2026-04-17,0.1361
ANET,"ARISTA NETWORKS, INC.",Information Technology,2026-04-17,0.1146
APH,AMPHENOL ,Information Technology,2026-04-17,0.0733
APP,APPLOVIN CORP,Information Technology,2026-04-17,0.2193
AVGO,BROADCOM INC.,Information Technology,2026-04-17,0.0942
CDNS,"CADENCE DESIGN SYSTEMS, INC.",Information Technology,2026-04-17,0.1708
CDW,CDW ,Information Technology,2026-04-17,0.0672
CIEN,CIENA CORPORATION,Information Technology,2026-04-17,0.023
COHR,COHERENT CORP.,Information Technology,2026-04-17,0.122
CRM,"SALESFORCE, INC.",Information Technology,2026-04-17,0.1041
CRWD,"CROWDSTRIKE HOLDINGS, INC.",Information Technology,2026-04-17,0.1185
CSCO,"CISCO SYSTEMS, INC.",Information Technology,2026-04-17,0.049
CTSH,COGNIZANT TECHNOLOGY SOLUTIONS ,Information Technology,2026-04-17,0.0584
DDOG,"DATADOG, INC.",Information Technology,2026-04-17,0.2016
DELL,DELL TECHNOLOGIES INC.,Information Technology,2026-04-17,0.1055
EPAM,"EPAM SYSTEMS, INC.",Information Technology,2026-04-17,0.0724
FFIV,"F5, INC.",Information Technology,2026-04-17,0.0727
FICO,FAIR ISAAC ,Information Technology,2026-04-17,0.1639
FSLR,"FIRST SOLAR, INC.",Information Technology,2026-04-17,-0.064
FTNT,"FORTINET, INC.",Information Technology,2026-04-17,0.067
GDDY,GODADDY INC.,Information Technology,2026-04-17,0.0811
GEN,GEN DIGITAL INC.,Information Technology,2026-04-17,0.1247
GLW,CORNING INC.,Information Technology,2026-04-17,-0.0401
HPE,HEWLETT PACKARD ENTERPRISE COMPANY,Information Technology,2026-04-17,0.0623
HPQ,HP INC.,Information Technology,2026-04-17,0.0887
IBM,INTERNATIONAL BUSINESS MACHINES ,Information Technology,2026-04-17,0.0984
INTC,INTEL ,Information Technology,2026-04-17,0.0981
INTU,INTUIT INC.,Information Technology,2026-04-17,0.1206
IT,"GARTNER, INC.",Information Technology,2026-04-17,0.0758
JBL,JABIL INC.,Information Technology,2026-04-17,0.0741
KEYS,"KEYSIGHT TECHNOLOGIES, INC.",Information Technology,2026-04-17,0.0313
KLAC,KLA ,Information Technology,2026-04-17,0.0312
LITE,LUMENTUM HOLDINGS INC.,Information Technology,2026-04-17,-0.0036
LRCX,LAM RESEARCH ,Information Technology,2026-04-17,0.0149
MCHP,MICROCHIP TECHNOLOGY INC.,Information Technology,2026-04-17,0.1006
MPWR,"MONOLITHIC POWER SYSTEMS, INC.",Information Technology,2026-04-17,0.0846
MSFT,MICROSOFT ,Information Technology,2026-04-17,0.14
MSI,"MOTOROLA SOLUTIONS, INC.",Information Technology,2026-04-17,0.0191
MU,"MICRON TECHNOLOGY, INC.",Information Technology,2026-04-17,0.082
NOW,"SERVICENOW, INC.",Information Technology,2026-04-17,0.1646
NTAP,"NETAPP, INC.",Information Technology,2026-04-17,0.0896
NVDA,NVIDIA ,Information Technology,2026-04-17,0.0692
NXPI,NXP SEMICONDUCTORS NV,Information Technology,2026-04-17,0.0571
ON,ON SEMICONDUCTOR ,Information Technology,2026-04-17,0.2092
ORCL,ORACLE ,Information Technology,2026-04-17,0.2677
PANW,"PALO ALTO NETWORKS, INC.",Information Technology,2026-04-17,0.0778
PLTR,PALANTIR TECHNOLOGIES INC.,Information Technology,2026-04-17,0.1431
PTC,PTC INC.,Information Technology,2026-04-17,0.0472
Q,"QNITY ELECTRONICS, INC.",Information Technology,2026-04-17,0.0432
QCOM,QUALCOMM INC.,Information Technology,2026-04-17,0.0636
ROP,"ROPER TECHNOLOGIES, INC.",Information Technology,2026-04-17,0.0562
SMCI,"SUPER MICRO COMPUTER, INC.",Information Technology,2026-04-17,0.1306
SNDK,SANDISK CORPORATION,Information Technology,2026-04-17,0.0813
SNPS,"SYNOPSYS, INC.",Information Technology,2026-04-17,0.1462
STX,SEAGATE TECHNOLOGY HOLDINGS,Information Technology,2026-04-17,0.0887
SWKS,"SKYWORKS SOLUTIONS, INC.",Information Technology,2026-04-17,0.0467
TDY,TELEDYNE TECHNOLOGIES INC.,Information Technology,2026-04-17,-0.0153
TEL,TE CONNECTIVITY LTD,Information Technology,2026-04-17,0.0712
TER,"TERADYNE, INC.",Information Technology,2026-04-17,0.0337
TRMB,TRIMBLE INC.,Information Technology,2026-04-17,0.0698
TXN,TEXAS INSTRUMENTS INC.,Information Technology,2026-04-17,0.0703
TYL,"TYLER TECHNOLOGIES, INC.",Information Technology,2026-04-17,0.0798
VRSN,"VERISIGN, INC.",Information Technology,2026-04-17,0.0549
WDAY,"WORKDAY, INC.",Information Technology,2026-04-17,0.1007
WDC,WESTERN DIGITAL ,Information Technology,2026-04-17,0.0847
ZBRA,ZEBRA TECHNOLOGIES ,Information Technology,2026-04-17,0.0554
ALB,ALBEMARLE ,Materials,2026-04-17,0.1389
AMCR,AMCOR PLC,Materials,2026-04-17,0.019
APD,"AIR PRODUCTS AND CHEMICALS, INC.",Materials,2026-04-17,-0.0231
AVY,AVERY DENNISON ,Materials,2026-04-17,0.0077
BALL,BALL ,Materials,2026-04-17,0.0352
CF,"CF INDUSTRIES HOLDINGS, INC.",Materials,2026-04-17,-0.0712
CRH,CRH PUBLIC LIMITED COMPANY,Materials,2026-04-17,-0.0071
CTVA,"CORTEVA, INC.",Materials,2026-04-17,-0.0416
DD,"DUPONT DE NEMOURS, INC.",Materials,2026-04-17,0.0021
DOW,DOW INC.,Materials,2026-04-17,-0.0874
ECL,ECOLAB INC.,Materials,2026-04-17,0.0055
FCX,FREEPORT-MCMORAN INC.,Materials,2026-04-17,0.0355
IFF,INTERNATIONAL FLAVORS & FRAGRANCES INC.,Materials,2026-04-17,0.0463
IP,INTERNATIONAL PAPER COMPANY,Materials,2026-04-17,0.0173
LIN,LINDE PUBLIC LIMITED COMPANY,Materials,2026-04-17,-0.0217
LYB,LYONDELLBASELL INDUSTRIES NV,Materials,2026-04-17,-0.1011
MLM,"MARTIN MARIETTA MATERIALS, INC.",Materials,2026-04-17,-0.0151
MOS,THE MOSAIC COMPANY,Materials,2026-04-17,-0.0077
NEM,NEWMONT ,Materials,2026-04-17,-0.0364
NUE,NUCOR ,Materials,2026-04-17,0.0524
PKG,PACKAGING  OF AMERICA,Materials,2026-04-17,0.034
PPG,"PPG INDUSTRIES, INC.",Materials,2026-04-17,0.041
SHW,THE SHERWIN-WILLIAMS COMPANY,Materials,2026-04-17,0.0281
STLD,"STEEL DYNAMICS, INC.",Materials,2026-04-17,0.0512
SW,SMURFIT WESTROCK PUBLIC LIMITED COMPANY,Materials,2026-04-17,0.0043
VMC,VULCAN MATERIALS COMPANY,Materials,2026-04-17,-0.0128
AMT,AMERICAN TOWER ,Real Estate,2026-04-17,0.0171
ARE,"ALEXANDRIA REAL ESTATE EQUITIES, INC.",Real Estate,2026-04-17,0.1413
AVB,"AVALONBAY COMMUNITIES, INC.",Real Estate,2026-04-17,0.0242
BXP,"BOSTON PROPERTIES, INC.",Real Estate,2026-04-17,0.0953
CBRE,"CBRE GROUP, INC.",Real Estate,2026-04-17,0.0729
CCI,CROWN CASTLE INC.,Real Estate,2026-04-17,0.028
CPT,CAMDEN PROPERTY TRUST,Real Estate,2026-04-17,0.0142
CSGP,"COSTAR GROUP, INC.",Real Estate,2026-04-17,0.0888
DLR,"DIGITAL REALTY TRUST, INC.",Real Estate,2026-04-17,0.0781
DOC,"HEALTHDOC PROPERTIES, INC.",Real Estate,2026-04-17,0.0376
EQIX,"EQUINIX, INC.",Real Estate,2026-04-17,0.0567
EQR,EQUITY RESIDENTIAL,Real Estate,2026-04-17,0.0252
ESS,"ESSEX PROPERTY TRUST, INC.",Real Estate,2026-04-17,0.0196
EXR,EXTRA SPACE STORAGE INC.,Real Estate,2026-04-17,0.0467
FRT,FEDERAL REALTY INVESTMENT TRUST,Real Estate,2026-04-17,0.0319
HST,"HOST HOTELS & RESORTS, INC.",Real Estate,2026-04-17,0.0487
INVH,INVITATION HOMES INC.,Real Estate,2026-04-17,0.0388
IRM,IRON MOUNTAIN INC.,Real Estate,2026-04-17,0.0795
KIM,KIMCO REALTY .,Real Estate,2026-04-17,0.044
MAA,"MID-AMERICA APARTMENT COMMUNITIES, INC.",Real Estate,2026-04-17,0.0123
O,REALTY INCOME ,Real Estate,2026-04-17,0.021
PLD,"PROLOGIS, INC.",Real Estate,2026-04-17,0.0577
PSA,PUBLIC STORAGE.,Real Estate,2026-04-17,0.0482
REG,REGENCY CENTERS ,Real Estate,2026-04-17,0.0323
SBAC,SBA COMMUNICATIONS ,Real Estate,2026-04-17,-0.0027
SPG,"SIMON PROPERTY GROUP, INC.",Real Estate,2026-04-17,0.0282
UDR,"UDR, INC.",Real Estate,2026-04-17,0.0048
VICI,VICI PROPERTIES INC.,Real Estate,2026-04-17,0.032
VTR,"VENTAS, INC.",Real Estate,2026-04-17,0.0016
WELL,WELLTOWER INC.,Real Estate,2026-04-17,0.0141
WY,WEYERHAEUSER COMPANY,Real Estate,2026-04-17,0.0215
DXY,US DOLLAR INDEX,USD,2026-04-17,-0.0048
AEE,AMEREN ,Utilities,2026-04-17,-0.0065
AEP,"AMERICAN ELECTRIC POWER COMPANY, INC.",Utilities,2026-04-17,-0.0194
AES,THE AES ,Utilities,2026-04-17,0.0056
ATO,ATMOS ENERGY ,Utilities,2026-04-17,-0.0201
AWK,"AMERICAN WATER WORKS COMPANY, INC.",Utilities,2026-04-17,-0.0409
CEG,CONSTELLATION ENERGY,Utilities,2026-04-17,0.0339
CMS,CMS ENERGY ,Utilities,2026-04-17,-0.0205
CNP,"CENTERPOINT ENERGY, INC.",Utilities,2026-04-17,-0.009
D,"DOMINION ENERGY, INC.",Utilities,2026-04-17,-0.0282
DTE,DTE ENERGY COMPANY,Utilities,2026-04-17,-0.018
DUK,DUKE ENERGY ,Utilities,2026-04-17,-0.0285
ED,"CONSOLIDATED EDISON, INC.",Utilities,2026-04-17,-0.03
EIX,EDISON INTERNATIONAL,Utilities,2026-04-17,-0.0656
ES,EVERSOURCE ENERGY,Utilities,2026-04-17,-0.0103
ETR,ENTERGY ,Utilities,2026-04-17,-0.0082
EVRG,"EVERGY, INC.",Utilities,2026-04-17,-0.0145
EXC,EXELON ,Utilities,2026-04-17,-0.0319
FE,FIRSTENERGY CORP.,Utilities,2026-04-17,-0.0259
LNT,ALLIANT ENERGY ,Utilities,2026-04-17,-0.0037
NEE,"NEXTERA ENERGY, INC.",Utilities,2026-04-17,-0.0223
NI,NISOURCE INC.,Utilities,2026-04-17,0.0054
NRG,"NRG ENERGY, INC.",Utilities,2026-04-17,0.0223
PCG,PG&E ,Utilities,2026-04-17,-0.069
PEG,PUBLIC SERVICE ENTERPRISE GROUP INC.,Utilities,2026-04-17,-0.0186
PNW,PINNACLE WEST CAPITAL ,Utilities,2026-04-17,0.0043
PPL,PPL ,Utilities,2026-04-17,-0.0159
SO,THE SOUTHERN COMPANY,Utilities,2026-04-17,-0.0272
SRE,SEMPRA,Utilities,2026-04-17,-0.0486
VST,VISTRA CORP.,Utilities,2026-04-17,0.0564
WEC,"WEC ENERGY GROUP, INC.",Utilities,2026-04-17,-0.0142
XEL,XCEL ENERGY INC.,Utilities,2026-04-17,-0.0158
FVX,5 YR TSY YLD NDX,Yields,2026-04-17,-0.0254
TNX,10 Y TSY YLD NDX,Yields,2026-04-17,-0.0162
TYX,30 Y TSY YLD NDX,Yields,2026-04-17,-0.0061
ASC,ARDMORE SHIPPING ,,2026-04-17,0.0265
BTC=F,BITCOIN FUTURES,,2026-04-17,0.0532
BTI,BRITISH AMERICAN TOBACCO P.L.C.,,2026-04-17,-0.0362
BTU,PEABODY ENERGY ,,2026-04-17,-0.0933
CALM,"CAL-MAINE FOODS, INC.",,2026-04-17,0.0102
CANE,TEUCRIUM:SUGAR,,2026-04-17,-0.0279
CCJ,CAMECO ,,2026-04-17,0.0398
CMBT,CMB.TECH NV,,2026-04-17,0.0506
CMRE,COSTAMARE INC.,,2026-04-17,0.0145
CNR,"CORE NATURAL RESOURCES, INC.",,2026-04-17,-0.0573
COMT,ISHARES:GSCI COMM DYN RS,,2026-04-17,-0.0196
CORN,TEUCRIUM:CORN,,2026-04-17,0.0113
CPER,UNITED STATES COPPER IDX,,2026-04-17,0.0396
CRESY,CRESUD INC.,,2026-04-17,-0.0358
DBA,INVESCO DB MS AGRI,,2026-04-17,0.0011
DBB,INVESCO DB MS BMTL,,2026-04-17,0.0284
DBC,INVESCO DB CM IDX,,2026-04-17,-0.0074
DHT,"DHT HOLDINGS, INC.",,2026-04-17,0.0493
DIA,SPDR DOW JONES INDUS AVG,,2026-04-17,0.0312
DJI,DOW JONES INDUSTRIAL AVG INDEX,,2026-04-17,0.0319
EC,ECOPETROL SA,,2026-04-17,-0.039
ECH,ISHARES:MSCI CHILE,,2026-04-17,0.0594
EDEN,ISHARES:MSCI DENMARK,,2026-04-17,0.0303
EFNL,ISHARES:MSCI FINLAND,,2026-04-17,0.0215
EIDO,ISHARES:MSCI INDONESIA,,2026-04-17,0.0337
EIRL,ISHARES:MSCI IRELAND,,2026-04-17,0.0315
EIS,ISHARES:MSCI ISRAEL,,2026-04-17,0.0336
ENZL,ISHARES:MSCI NEW ZLND,,2026-04-17,0.0034
EPHE,ISHARES:MSCI PHILIPPINES,,2026-04-17,0.0008
EPOL,ISHARES:MSCI POLAND,,2026-04-17,0.0344
EPU,ISHARES:MSCI PERU,,2026-04-17,-0.0062
ES=F,E-MINI S&P 500 FUTURES,,2026-04-17,0.0438
EWA,ISHARES:MSCI AUSTRALIA,,2026-04-17,0.0124
EWC,ISHARES:MSCI CANADA,,2026-04-17,0.031
EWD,ISHARES:MSCI SWEDEN,,2026-04-17,0.0486
EWG,ISHARES:MSCI GERMANY,,2026-04-17,0.0382
EWH,ISHARES:MSCI HONG KONG,,2026-04-17,-0.0172
EWI,ISHARES:MSCI ITALY,,2026-04-17,0.0251
EWJ,ISHARES:MSCI JAPAN,,2026-04-17,0.0234
EWK,ISHARES:MSCI BELGIUM,,2026-04-17,0.0257
EWL,ISHARES:MSCI SWITZERLAND,,2026-04-17,0.0287
EWM,ISHARES:MSCI MALAYSIA,,2026-04-17,0.0178
EWN,ISHARES:MSCI NETHERLANDS,,2026-04-17,0.0269
EWO,ISHARES:MSCI AUSTRIA,,2026-04-17,0.0408
EWP,ISHARES:MSCI SPAIN,,2026-04-17,0.0165
EWQ,ISHARES:MSCI FRANCE,,2026-04-17,0.0198
EWS,ISHARES:MSCI SINGAPORE,,2026-04-17,0.0148
EWT,ISHARES:MSCI TAIWAN,,2026-04-17,0.0816
EWU,ISHARES:MSCI UK,,2026-04-17,0.0122
EWW,ISHARES:MSCI MEXICO,,2026-04-17,-0.0006
EWY,ISHARES:MSCI S KOREA,,2026-04-17,0.098
EWZ,ISHARES:MSCI BRAZIL,,2026-04-17,-0.0041
FRO,FRONTLINE PLC,,2026-04-17,0.0812
FTI,TECHNIPFMC PLC,,2026-04-17,-0.0454
FXA,INVESCO:AU DOLLAR,,2026-04-17,0.0138
FXB,INVESCO:GBP STERLING,,2026-04-17,0.0039
FXC,INVESCO:CANADIAN DOLLAR,,2026-04-17,0.0105
FXE,INVESCO:EURO,,2026-04-17,0.0036
FXY,INVESCO:JAPANESE YEN,,2026-04-17,0.0043
GDX,VANECK:GOLD MINERS,,2026-04-17,0.0096
GDXJ,VANECK:JR GOLD MINERS,,2026-04-17,0.0332
GEOS,GEOSPACE TECHNOLOGIES ,,2026-04-17,0.0817
GGB,GERDAU SA,,2026-04-17,0.0165
GLATF,GLOBAL ATOMIC ,,2026-04-17,0.0339
GNK,GENCO SHIPPING & TRADING LIMITED,,2026-04-17,0.0498
GREK,GLBL X MSCI GREECE,,2026-04-17,0.033
HLX,"HELIX ENERGY SOLUTIONS GROUP, INC.",,2026-04-17,-0.0418
HYD,VANECK:HIGH YIELD MUNI,,2026-04-17,0.0037
ICL,ICL GROUP LTD,,2026-04-17,0.0116
INDA,ISHARES:MSCI INDIA,,2026-04-17,0.0393
IWD,ISHARES:RUSS 1000 VL ETF,,2026-04-17,0.0239
IWF,ISHARES:RUSS 1000 GR ETF,,2026-04-17,0.0676
IWM,ISHARES:RUSS 2000 ETF,,2026-04-17,0.0554
JNK,SPDR BBG HIGH YIELD BD,,2026-04-17,0.0087
MCHI,ISHARES:MSCI CHINA,,2026-04-17,0.0369
MDY,SPDR S&P MIDCAP 400 ETF,,2026-04-17,0.0347
MP,MP MATERIALS CORP,,2026-04-17,0.1041
MTUM,ISHARES:MSCI USA MOM FCT,,2026-04-17,0.0418
MUB,ISHARES:NATL MUNI BOND,,2026-04-17,0.005
NDX,NASDAQ 100 INDEX,,2026-04-17,0.062
NORW,GLBL X MSCI NORWAY ETF,,2026-04-17,-0.0271
NOV,NOV INC.,,2026-04-17,-0.02
NQ=F,NASDAQ 100 FUTURES,,2026-04-17,0.0595
OEF,ISHARES:S&P 100,,2026-04-17,0.0495
PAM,PAMPA ENERGIA SA,,2026-04-17,-0.0741
PBR,BRAZILIAN PETROLEUM  - PETROBRAS,,2026-04-17,-0.0493
PFF,ISHARES:PREF AND INC SEC,,2026-04-17,0.0218
POWA,INVESCO BLOOMBERG PRICING POWER,,2026-04-17,0.031
PPLT,ABRDN:PHYSICAL PLATINUM,,2026-04-17,0.0337
QAT,ISHARES:MSCI QATAR,,2026-04-17,0.0005
QQQ,INVESCO QQQ TRUST 1,,2026-04-17,0.0618
QUAL,ISHARES:MSCI USA QF,,2026-04-17,0.0373
RIG,TRANSOCEAN LTD,,2026-04-17,-0.089
ROKU,"ROKU, INC.",,2026-04-17,0.1339
RSP,INVESCO S&P500 EWGHT,,2026-04-17,0.0331
RUT,RUSSELL 2000 INDEX,,2026-04-17,0.0556
SBLK,STAR BULK CARRIERS CORP.,,2026-04-17,0.0095
SCHP,SCHWAB STR:US TIPS,,2026-04-17,0.0045
SD,"SANDRIDGE ENERGY, INC.",,2026-04-17,-0.068
SDY,SPDR S&P DIVIDEND,,2026-04-17,0.0118
SILJ,ETFMG PRIME JR SILVR MNR,,2026-04-17,0.0506
SLV,ISHARES:SILVER TRUST,,2026-04-17,0.0659
SM,SM ENERGY COMPANY,,2026-04-17,-0.0849
SMH,VANECK:SEMICONDUCTOR,,2026-04-17,0.0624
SOYB,TEUCRIUM:SOYBEAN,,2026-04-17,0.0008
SPHB,INVESCO S&P500 HI BE,,2026-04-17,0.079
SPLV,INVESCO S&P500 LOWVL,,2026-04-17,0.0066
SPX,S&P 500 INDEX,,2026-04-17,0.0454
SPY,SPDR S&P 500 ETF,,2026-04-17,0.0452
STLA,STELLANTIS NV,,2026-04-17,0.0721
STNG,SCORPIO TANKERS INC.,,2026-04-17,0.0094
TAGS,TEUCRIUM:AGRICULTURAL,,2026-04-17,0.0063
TDW,TIDEWATER INC.,,2026-04-17,-0.0099
TECK,TECK RESOURCES LIMITED,,2026-04-17,0.0508
THD,ISHARES:MSCI THAI,,2026-04-17,0.0035
TS,TENARIS SA,,2026-04-17,-0.0214
TUR,ISHARES:MSCI TURKEY,,2026-04-17,0.0307
URA,GLBL X URANIUM ETF,,2026-04-17,0.0962
URNM,SPROTT URANIUM MINERS,,2026-04-17,0.0774
UUP,INVESCO DB USD IDX BL,,2026-04-17,-0.0029
VAL,VALARIS LIMITED,,2026-04-17,-0.0925
VIX,CBOE MKT VOLATILITY IDX,,2026-04-17,-0.091
VNM,VANECK:VIETNAM,,2026-04-17,0.0462
VXN,CBOE NASDAQ MKT VOL NDX,,2026-04-17,-0.0658
WEAT,TEUCRIUM:WHEAT,,2026-04-17,0.0312
XES,SPDR S&P OIL&GAS E&S,,2026-04-17,-0.019
XLB,SEL SECTOR:MATRLS SPDR,,2026-04-17,-0.0015
XLC,SEL SECTOR:COMM SVC SPDR,,2026-04-17,0.0452
XLE,SEL SECTOR:ENERGY SPDR,,2026-04-17,-0.0337
XLF,SEL SECTOR:FINL S SPDR,,2026-04-17,0.0327
XLI,SEL SECTOR:INDUST SPDR,,2026-04-17,0.0116
XLK,SEL SECTOR:TECH SPDR,,2026-04-17,0.0822
XLP,SEL SECTOR:C STP SPDR,,2026-04-17,0.0011
XLRE,SEL SECTOR:RL EST SPDR,,2026-04-17,0.0388
XLU,SEL SECTOR:UTIL SPDR,,2026-04-17,-0.017
XLV,SEL SECTOR:H CARE SPDR,,2026-04-17,0.0101
XLY,SEL SECTOR:C DSC SPDR,,2026-04-17,0.0666
XOP,SPDR S&P OIL&GAS EXP,,2026-04-17,-0.0521
