Ticker,Ticker_name,Exposure,Date,mtd_pct_change
EDV,VANGUARD EXT DUR T;ETF,Bonds,2026-03-31,-0.0606
HYG,ISHARES:IBOXX $HY CORP,Bonds,2026-03-31,-0.0144
IEF,ISHARES:7-10 TRS BD ETF,Bonds,2026-03-31,-0.026
LQD,ISHARES:IBOXX $IG CORP,Bonds,2026-03-31,-0.0241
SHY,ISHARES:1-3 TRS BD ETF,Bonds,2026-03-31,-0.0073
STIP,ISHARES:0-5 TIPS BD ETF,Bonds,2026-03-31,0.0011
TIP,ISHARES:TIPS BD ETF,Bonds,2026-03-31,-0.0136
TLT,ISHARES:20+ TRS BD ETF,Bonds,2026-03-31,-0.0455
CHTR,"CHARTER COMMUNICATIONS, INC.",Communication Services,2026-03-31,-0.0799
CMCSA,COMCAST ,Communication Services,2026-03-31,-0.0727
DIS,THE WALT DISNEY COMPANY,Communication Services,2026-03-31,-0.0911
EA,ELECTRONIC ARTS INC.,Communication Services,2026-03-31,0.0165
FOXA,FOX ,Communication Services,2026-03-31,0.0366
GOOGL,ALPHABET INC.,Communication Services,2026-03-31,-0.0776
LYV,"LIVE NATION ENTERTAINMENT, INC.",Communication Services,2026-03-31,-0.0594
META,"META PLATFORMS, INC.",Communication Services,2026-03-31,-0.1173
MTCH,"MATCH GROUP, INC.",Communication Services,2026-03-31,-0.0282
NFLX,"NETFLIX, INC.",Communication Services,2026-03-31,-0.0009
NWSA,NEWS CORP.,Communication Services,2026-03-31,0.0263
OMC,OMNICOM GROUP INC.,Communication Services,2026-03-31,-0.117
PSKY,PARAMOUNT SKYDANCE ,Communication Services,2026-03-31,-0.3323
T,AT&T INC.,Communication Services,2026-03-31,0.035
TKO,"TKO GROUP HOLDINGS, INC.",Communication Services,2026-03-31,-0.0993
TMUS,"T-MOBILE US, INC.",Communication Services,2026-03-31,-0.0325
TTD,"THE TRADE DESK, INC.",Communication Services,2026-03-31,-0.0474
TTWO,"TAKE-TWO INTERACTIVE SOFTWARE, INC.",Communication Services,2026-03-31,-0.0661
VZ,VERIZON COMMUNICATIONS INC.,Communication Services,2026-03-31,0.0012
WBD,"WARNER BROS. DISCOVERY, INC.",Communication Services,2026-03-31,-0.0252
ABNB,"AIRBNB, INC.",Consumer Discretionary,2026-03-31,-0.0654
AMZN,"AMAZON.COM, INC.",Consumer Discretionary,2026-03-31,-0.0082
APTV,APTIV PLC,Consumer Discretionary,2026-03-31,-0.0558
AZO,"AUTOZONE, INC.",Consumer Discretionary,2026-03-31,-0.1006
BBY,"BEST BUY CO., INC.",Consumer Discretionary,2026-03-31,0.036
BKNG,BOOKING HOLDINGS INC.,Consumer Discretionary,2026-03-31,-0.0068
CCL,CARNIVAL CORP,Consumer Discretionary,2026-03-31,-0.1797
CMG,"CHIPOTLE MEXICAN GRILL, INC.",Consumer Discretionary,2026-03-31,-0.14
CVNA,CARVANA CO.,Consumer Discretionary,2026-03-31,-0.0592
DASH,"DOORDASH, INC.",Consumer Discretionary,2026-03-31,-0.1491
DECK,DECKERS OUTDOOR ,Consumer Discretionary,2026-03-31,-0.1465
DHI,"D.R. HORTON, INC.",Consumer Discretionary,2026-03-31,-0.1445
DPZ,"DOMINO'S PIZZA, INC.",Consumer Discretionary,2026-03-31,-0.1086
DRI,"DARDEN RESTAURANTS, INC.",Consumer Discretionary,2026-03-31,-0.0833
EBAY,EBAY INC.,Consumer Discretionary,2026-03-31,0.0018
EXPE,"EXPEDIA GROUP, INC.",Consumer Discretionary,2026-03-31,0.0705
F,FORD MOTOR COMPANY,Consumer Discretionary,2026-03-31,-0.181
GM,GENERAL MOTORS COMPANY,Consumer Discretionary,2026-03-31,-0.0535
GPC,GENUINE PARTS COMPANY,Consumer Discretionary,2026-03-31,-0.1133
GRMN,GARMIN LTD,Consumer Discretionary,2026-03-31,-0.0823
HAS,"HASBRO, INC.",Consumer Discretionary,2026-03-31,-0.0601
HD,"THE HOME DEPOT, INC.",Consumer Discretionary,2026-03-31,-0.1361
HLT,HILTON WORLDWIDE HOLDINGS INC.,Consumer Discretionary,2026-03-31,-0.0247
LEN,LENNAR ,Consumer Discretionary,2026-03-31,-0.2406
LOW,"LOWE'S COMPANIES, INC.",Consumer Discretionary,2026-03-31,-0.1069
LULU,LULULEMON ATHLETICA INC.,Consumer Discretionary,2026-03-31,-0.1732
LVS,LAS VEGAS SANDS CORP.,Consumer Discretionary,2026-03-31,-0.0501
MAR,"MARRIOTT INTERNATIONAL, INC.",Consumer Discretionary,2026-03-31,-0.0429
MCD,MCDONALD'S ,Consumer Discretionary,2026-03-31,-0.0888
MGM,MGM RESORTS INTERNATIONAL,Consumer Discretionary,2026-03-31,0.0041
NCLH,NORWEGIAN CRUISE LINE HOLDINGS LTD.,Consumer Discretionary,2026-03-31,-0.2457
NKE,"NIKE, INC.",Consumer Discretionary,2026-03-31,-0.1505
NVR,"NVR, INC.",Consumer Discretionary,2026-03-31,-0.1234
ORLY,"O'REILLY AUTOMOTIVE, INC.",Consumer Discretionary,2026-03-31,-0.0167
PHM,"PULTEGROUP, INC.",Consumer Discretionary,2026-03-31,-0.1428
POOL,POOL ,Consumer Discretionary,2026-03-31,-0.1094
RCL,ROYAL CARIBBEAN CRUISES LTD.,Consumer Discretionary,2026-03-31,-0.1151
RL,RALPH LAUREN ,Consumer Discretionary,2026-03-31,-0.0513
ROST,"ROSS STORES, INC.",Consumer Discretionary,2026-03-31,0.0534
SBUX,STARBUCKS ,Consumer Discretionary,2026-03-31,-0.086
TJX,"THE TJX COMPANIES, INC.",Consumer Discretionary,2026-03-31,-0.0121
TPR,"TAPESTRY, INC.",Consumer Discretionary,2026-03-31,-0.0924
TSCO,TRACTOR SUPPLY COMPANY,Consumer Discretionary,2026-03-31,-0.1262
TSLA,"TESLA, INC.",Consumer Discretionary,2026-03-31,-0.0764
ULTA,"ULTA BEAUTY, INC.",Consumer Discretionary,2026-03-31,-0.2367
WSM,"WILLIAMS-SONOMA, INC.",Consumer Discretionary,2026-03-31,-0.1134
WYNN,"WYNN RESORTS, LIMITED",Consumer Discretionary,2026-03-31,-0.0614
YUM,"YUM! BRANDS, INC.",Consumer Discretionary,2026-03-31,-0.0754
ADM,ARCHER-DANIELS-MIDLAND COMPANY.,Consumer Staples,2026-03-31,0.0529
BF.B,BROWN-FORMAN ,Consumer Staples,2026-03-31,-0.0839
BG,BUNGE LIMITED,Consumer Staples,2026-03-31,0.0543
CAG,"CONAGRA BRANDS, INC.",Consumer Staples,2026-03-31,-0.1834
CHD,"CHURCH & DWIGHT CO., INC.",Consumer Staples,2026-03-31,-0.1101
CL,COLGATE-PALMOLIVE COMPANY,Consumer Staples,2026-03-31,-0.1403
CLX,THE CLOROX COMPANY,Consumer Staples,2026-03-31,-0.185
COST,COSTCO WHOLESALE ,Consumer Staples,2026-03-31,-0.0142
CPB,CAMPBELL SOUP COMPANY,Consumer Staples,2026-03-31,-0.1737
DG,DOLLAR GENERAL ,Consumer Staples,2026-03-31,-0.2401
DLTR,"DOLLAR TREE, INC.",Consumer Staples,2026-03-31,-0.1342
EL,THE ESTEE LAUDER COMPANIES INC.,Consumer Staples,2026-03-31,-0.3444
GIS,"GENERAL MILLS, INC.",Consumer Staples,2026-03-31,-0.1771
HRL,HORMEL FOODS ,Consumer Staples,2026-03-31,-0.1152
HSY,THE HERSHEY COMPANY,Consumer Staples,2026-03-31,-0.1202
KDP,KEURIG DR PEPPER INC.,Consumer Staples,2026-03-31,-0.1304
KHC,THE KRAFT HEINZ COMPANY,Consumer Staples,2026-03-31,-0.0861
KMB,KIMBERLY-CLARK ,Consumer Staples,2026-03-31,-0.1343
KO,THE COCA-COLA COMPANY,Consumer Staples,2026-03-31,-0.0676
KR,THE KROGER CO.,Consumer Staples,2026-03-31,0.0604
KVUE,KENVUE INC.,Consumer Staples,2026-03-31,-0.0983
LW,"LAMB WESTON HOLDINGS, INC.",Consumer Staples,2026-03-31,-0.1231
MDLZ,"MONDELEZ INTERNATIONAL, INC.",Consumer Staples,2026-03-31,-0.064
MKC,"MCCORMICK & COMPANY, INC.",Consumer Staples,2026-03-31,-0.29
MNST,MONSTER BEVERAGE ,Consumer Staples,2026-03-31,-0.1505
MO,"ALTRIA GROUP, INC.",Consumer Staples,2026-03-31,-0.0442
PEP,"PEPSICO, INC.",Consumer Staples,2026-03-31,-0.0851
PG,THE PROCTER & GAMBLE COMPANY,Consumer Staples,2026-03-31,-0.1361
PM,PHILIP MORRIS INTERNATIONAL INC.,Consumer Staples,2026-03-31,-0.115
SJM,THE J. M. SMUCKER COMPANY,Consumer Staples,2026-03-31,-0.1683
STZ,"CONSTELLATION BRANDS, INC.",Consumer Staples,2026-03-31,-0.0498
SYY,SYSCO ,Consumer Staples,2026-03-31,-0.2175
TAP,MOLSON COORS BEVERAGE COMPANY,Consumer Staples,2026-03-31,-0.121
TGT,TARGET ,Consumer Staples,2026-03-31,0.0651
TSN,"TYSON FOODS, INC.",Consumer Staples,2026-03-31,-0.0142
WMT,WALMART INC.,Consumer Staples,2026-03-31,-0.0287
APA,APA ,Energy,2026-03-31,0.3974
BKR,BAKER HUGHES COMPANY,Energy,2026-03-31,-0.0645
COP,CONOCOPHILLIPS,Energy,2026-03-31,0.1634
CTRA,COTERRA ENERGY INC.,Energy,2026-03-31,0.1487
CVX,CHEVRON ,Energy,2026-03-31,0.1078
DVN,DEVON ENERGY ,Energy,2026-03-31,0.156
EOG,"EOG RESOURCES, INC.",Energy,2026-03-31,0.1651
EQT,EQT ,Energy,2026-03-31,0.0361
EXE,EXPAND ENERGY ,Energy,2026-03-31,0.0172
FANG,"DIAMONDBACK ENERGY, INC.",Energy,2026-03-31,0.1362
HAL,HALLIBURTON COMPANY,Energy,2026-03-31,0.0831
KMI,"KINDER MORGAN, INC.",Energy,2026-03-31,0.0078
MPC,MARATHON PETROLEUM ,Energy,2026-03-31,0.2319
OKE,"ONEOK, INC.",Energy,2026-03-31,0.0921
OXY,OCCIDENTAL PETROLEUM ,Energy,2026-03-31,0.2246
PSX,PHILLIPS 66,Energy,2026-03-31,0.1805
SLB,SCHLUMBERGER N.V.,Energy,2026-03-31,0.001
TPL,TEXAS PACIFIC LAND ,Energy,2026-03-31,-0.0949
TRGP,TARGA RESOURCES CORP.,Energy,2026-03-31,0.0633
VLO,VALERO ENERGY ,Energy,2026-03-31,0.2074
WMB,"THE WILLIAMS COMPANIES, INC.",Energy,2026-03-31,-0.026
XOM,EXXON MOBIL ,Energy,2026-03-31,0.1125
UNG,UNITED STATES NAT GAS,Energy Complex,2026-03-31,0.0182
USO,UNITED STATES OIL FUND,Energy Complex,2026-03-31,0.5528
ACGL,ARCH CAPITAL GROUP LTD.,Financials,2026-03-31,-0.0415
AFL,AFLAC INC.,Financials,2026-03-31,-0.0285
AIG,"AMERICAN INTERNATIONAL GROUP, INC.",Financials,2026-03-31,-0.0651
AIZ,"ASSURANT, INC.",Financials,2026-03-31,-0.0513
AJG,ARTHUR J. GALLAGHER & CO.,Financials,2026-03-31,-0.0509
ALL,THE ALLSTATE ,Financials,2026-03-31,-0.0335
AMP,"AMERIPRISE FINANCIAL, INC.",Financials,2026-03-31,-0.0547
AON,AON PLC,Financials,2026-03-31,-0.0378
APO,"APOLLO GLOBAL MANAGEMENT, INC.",Financials,2026-03-31,0.0652
ARES,ARES MANAGEMENT CORP,Financials,2026-03-31,-0.026
AXP,AMERICAN EXPRESS COMPANY,Financials,2026-03-31,-0.0208
BAC,BANK OF AMERICA ,Financials,2026-03-31,-0.0217
BEN,"FRANKLIN RESOURCES, INC.",Financials,2026-03-31,-0.11
BK,THE BANK OF NEW YORK MELLON ,Financials,2026-03-31,-0.0039
BLK,"BLACKROCK, INC.",Financials,2026-03-31,-0.0955
BRK.B,"BERKSHIRE HATHAWAY INC.,",Financials,2026-03-31,-0.051
BRO,"BROWN & BROWN, INC.",Financials,2026-03-31,-0.092
BX,BLACKSTONE INC,Financials,2026-03-31,0.0143
C,CITIGROUP INC.,Financials,2026-03-31,0.0292
CB,CHUBB LTD,Financials,2026-03-31,-0.0438
CBOE,"CBOE GLOBAL MARKETS, INC.",Financials,2026-03-31,-0.0622
CFG,"CITIZENS FINANCIAL GROUP, INC.",Financials,2026-03-31,-0.0037
CINF,CINCINNATI FINANCIAL ,Financials,2026-03-31,-0.0404
CME,CME GROUP INC.,Financials,2026-03-31,-0.0756
COF,CAPITAL ONE FINANCIAL ,Financials,2026-03-31,-0.0675
COIN,"COINBASE GLOBAL, INC.",Financials,2026-03-31,-0.0071
CPAY,"FLEETCOR TECHNOLOGIES, INC.",Financials,2026-03-31,-0.1049
EG,"EVEREST GROUP, LTD.",Financials,2026-03-31,-0.0258
ERIE,ERIE INDEMNITY COMPANY,Financials,2026-03-31,-0.0673
FDS,FACTSET RESEARCH SYSTEMS INC.,Financials,2026-03-31,0.0008
FIS,FIDELITY NATIONAL INFORMATION SERVICES,Financials,2026-03-31,-0.0795
FISV,"FISERV, INC.",Financials,2026-03-31,-0.1042
FITB,FIFTH THIRD BANCORP,Financials,2026-03-31,-0.0608
GL,GLOBE LIFE INC.,Financials,2026-03-31,-0.0419
GPN,GLOBAL PAYMENTS INC.,Financials,2026-03-31,-0.1198
GS,"THE GOLDMAN SACHS GROUP, INC.",Financials,2026-03-31,-0.0158
HBAN,HUNTINGTON BANCSHARES INC.,Financials,2026-03-31,-0.0685
HIG,THE HARTFORD FINANCIAL SERVICES GROUP,Financials,2026-03-31,-0.0398
HOOD,"ROBINHOOD MARKETS, INC.",Financials,2026-03-31,-0.0864
IBKR,"INTERACTIVE BROKERS GROUP, INC.",Financials,2026-03-31,-0.0579
ICE,"INTERCONTINENTAL EXCHANGE, INC.",Financials,2026-03-31,-0.0417
IVZ,INVESCO LTD.,Financials,2026-03-31,-0.075
JKHY,"JACK HENRY & ASSOCIATES, INC.",Financials,2026-03-31,-0.0272
JPM,JPMORGAN CHASE & CO.,Financials,2026-03-31,-0.0204
KEY,KEYCORP,Financials,2026-03-31,-0.0333
KKR,KKR & CO. INC.,Financials,2026-03-31,0.055
L,LOEWS ,Financials,2026-03-31,-0.0298
MA,MASTERCARD INC..,Financials,2026-03-31,-0.0339
MCO,MOODY'S ,Financials,2026-03-31,-0.0866
MET,"METLIFE, INC.",Financials,2026-03-31,-0.0187
MRSH,"MARSH & MCLENNAN COMPANIES, INC.",Financials,2026-03-31,-0.0712
MS,MORGAN STANLEY,Financials,2026-03-31,-0.0117
MSCI,MSCI INC.,Financials,2026-03-31,-0.0574
MTB,M&T BANK ,Financials,2026-03-31,-0.0473
NDAQ,"NASDAQ, INC.",Financials,2026-03-31,-0.0307
NTRS,NORTHERN TRUST ,Financials,2026-03-31,-0.0246
PFG,"PRINCIPAL FINANCIAL GROUP, INC.",Financials,2026-03-31,-0.0556
PGR,THE PROGRESSIVE ,Financials,2026-03-31,-0.0722
PNC,"THE PNC FINANCIAL SERVICES GROUP, INC.",Financials,2026-03-31,-0.0201
PRU,"PRUDENTIAL FINANCIAL, INC.",Financials,2026-03-31,-0.007
PYPL,"PAYPAL HOLDINGS, INC.",Financials,2026-03-31,-0.0212
RF,REGIONS FINANCIAL ,Financials,2026-03-31,-0.0614
RJF,"RAYMOND JAMES FINANCIAL, INC.",Financials,2026-03-31,-0.0542
SCHW,THE CHARLES SCHWAB ,Financials,2026-03-31,-0.0128
SPGI,S&P GLOBAL INC.,Financials,2026-03-31,-0.0374
STT,STATE STREET ,Financials,2026-03-31,-0.016
SYF,SYNCHRONY FINANCIAL,Financials,2026-03-31,-0.0158
TFC,TRUIST FINANCIAL ,Financials,2026-03-31,-0.0677
TROW,"T. ROWE PRICE GROUP, INC.",Financials,2026-03-31,-0.0474
TRV,"THE TRAVELERS COMPANIES, INC.",Financials,2026-03-31,-0.055
USB,U.S. BANCORP,Financials,2026-03-31,-0.0485
V,VISA INC.,Financials,2026-03-31,-0.0559
WFC,WELLS FARGO & COMPANY,Financials,2026-03-31,-0.0226
WRB,W. R. BERKLEY ,Financials,2026-03-31,-0.0756
WTW,WILLIS TOWERS WATSON,Financials,2026-03-31,-0.0474
XYZ,"BLOCK, INC.",Financials,2026-03-31,-0.0553
GLD,SPDR GOLD,Gold,2026-03-31,-0.1105
A,"AGILENT TECHNOLOGIES, INC.",Health Care,2026-03-31,-0.061
ABBV,ABBVIE INC.,Health Care,2026-03-31,-0.0629
ABT,ABBOTT LABORATORIES,Health Care,2026-03-31,-0.1176
ALGN,"ALIGN TECHNOLOGY, INC.",Health Care,2026-03-31,-0.0982
AMGN,AMGEN INC.,Health Care,2026-03-31,-0.0935
BAX,BAXTER INTERNATIONAL INC.,Health Care,2026-03-31,-0.1753
BDX,"BECTON, DICKINSON AND COMPANY",Health Care,2026-03-31,-0.1091
BIIB,BIOGEN INC.,Health Care,2026-03-31,-0.0443
BMY,BRISTOL-MYERS SQUIBB COMPANY,Health Care,2026-03-31,-0.0276
BSX,BOSTON SCIENTIFIC ,Health Care,2026-03-31,-0.1835
CAH,"CARDINAL HEALTH, INC.",Health Care,2026-03-31,-0.0782
CI,THE CIGNA GROUP,Health Care,2026-03-31,-0.0796
CNC,CENTENE ,Health Care,2026-03-31,-0.2705
COO,"THE COOPER COMPANIES, INC.",Health Care,2026-03-31,-0.1455
COR,"CENCORA, INC.",Health Care,2026-03-31,-0.1559
CRL,CHARLES RIVER LABORATORIES,Health Care,2026-03-31,-0.0336
CVS,CVS HEALTH ,Health Care,2026-03-31,-0.1011
DGX,QUEST DIAGNOSTICS INC.,Health Care,2026-03-31,-0.0752
DHR,DANAHER ,Health Care,2026-03-31,-0.0999
DVA,DAVITA INC.,Health Care,2026-03-31,-0.0167
DXCM,"DEXCOM, INC.",Health Care,2026-03-31,-0.1448
ELV,"ELEVANCE HEALTH, INC.",Health Care,2026-03-31,-0.0852
EW,EDWARDS LIFESCIENCES ,Health Care,2026-03-31,-0.0739
GEHC,GE HEALTHCARE TECHNOLOGIES INC.,Health Care,2026-03-31,-0.1553
GILD,"GILEAD SCIENCES, INC.",Health Care,2026-03-31,-0.0643
HCA,"HCA HEALTHCARE, INC.",Health Care,2026-03-31,-0.1066
HOLX,"HOLOGIC, INC.",Health Care,2026-03-31,0.0031
HSIC,"HENRY SCHEIN, INC.",Health Care,2026-03-31,-0.1055
HUM,HUMANA INC.,Health Care,2026-03-31,-0.09
IDXX,"IDEXX LABORATORIES, INC.",Health Care,2026-03-31,-0.1444
INCY,INCYTE ,Health Care,2026-03-31,-0.0706
IQV,IQVIA HOLDINGS INC,Health Care,2026-03-31,-0.0463
ISRG,"INTUITIVE SURGICAL, INC.",Health Care,2026-03-31,-0.0844
JNJ,JOHNSON & JOHNSON,Health Care,2026-03-31,-0.0161
LH,LABORATORY  OF AMERICA HOLDINGS,Health Care,2026-03-31,-0.0772
LLY,ELI LILLY AND COMPANY,Health Care,2026-03-31,-0.1257
MCK,MCKESSON ,Health Care,2026-03-31,-0.1236
MDT,MEDTRONIC PUBLIC LIMITED COMPANY,Health Care,2026-03-31,-0.1127
MOH,"MOLINA HEALTHCARE, INC.",Health Care,2026-03-31,-0.1347
MRK,"MERCK & CO., INC.",Health Care,2026-03-31,-0.0285
MRNA,"MODERNA, INC.",Health Care,2026-03-31,-0.0517
MTD,METTLER-TOLEDO INTERNATIONAL INC.,Health Care,2026-03-31,-0.0772
PFE,PFIZER INC.,Health Care,2026-03-31,0.0156
PODD,INSULET ,Health Care,2026-03-31,-0.1491
REGN,"REGENERON PHARMACEUTICALS, INC.",Health Care,2026-03-31,-0.0116
RMD,RESMED INC.,Health Care,2026-03-31,-0.124
RVTY,"REVVITY, INC.",Health Care,2026-03-31,-0.1088
SOLV,SOLVENTUM ,Health Care,2026-03-31,-0.1199
STE,STERIS PUBLIC LIMITED COMPANY,Health Care,2026-03-31,-0.1237
SYK,STRYKER ,Health Care,2026-03-31,-0.1519
TECH,BIO-TECHNE ,Health Care,2026-03-31,-0.1142
TMO,THERMO FISHER SCIENTIFIC INC.,Health Care,2026-03-31,-0.0568
UHS,"UNIVERSAL HEALTH SERVICES, INC.",Health Care,2026-03-31,-0.1316
UNH,UNITEDHEALTH GROUP INC.,Health Care,2026-03-31,-0.0773
VRTX,VERTEX PHARMACEUTICALS INC.,Health Care,2026-03-31,-0.1012
VTRS,VIATRIS INC.,Health Care,2026-03-31,-0.0951
WAT,WATERS ,Health Care,2026-03-31,-0.0676
WST,"WEST PHARMACEUTICAL SERVICES, INC.",Health Care,2026-03-31,-0.0145
ZBH,"ZIMMER BIOMET HOLDINGS, INC.",Health Care,2026-03-31,-0.0815
ZTS,ZOETIS INC.,Health Care,2026-03-31,-0.0983
ADP,"AUTOMATIC DATA PROCESSING, INC.",Industrials,2026-03-31,-0.0522
ALLE,ALLEGION PUBLIC LIMITED COMPANY,Industrials,2026-03-31,-0.0984
AME,"AMETEK, INC.",Industrials,2026-03-31,-0.1039
AOS,A. O. SMITH ,Industrials,2026-03-31,-0.1546
AXON,"AXON ENTERPRISE, INC.",Industrials,2026-03-31,-0.217
BA,THE BOEING COMPANY,Industrials,2026-03-31,-0.1253
BLDR,"BUILDERS FIRSTSOURCE, INC.",Industrials,2026-03-31,-0.2106
BR,"BROADRIDGE FINANCIAL SOLUTIONS, INC.",Industrials,2026-03-31,-0.1258
CARR,CARRIER GLOBAL ,Industrials,2026-03-31,-0.1256
CAT,CATERPILLAR INC.,Industrials,2026-03-31,-0.0463
CHRW,"C.H. ROBINSON WORLDWIDE, INC.",Industrials,2026-03-31,-0.1035
CMI,CUMMINS INC.,Industrials,2026-03-31,-0.0785
CPRT,"COPART, INC.",Industrials,2026-03-31,-0.1284
CSX,CSX ,Industrials,2026-03-31,-0.0384
CTAS,CINTAS ,Industrials,2026-03-31,-0.1591
DAL,"DELTA AIR LINES, INC.",Industrials,2026-03-31,0.0119
DE,DEERE & COMPANY,Industrials,2026-03-31,-0.1055
DOV,DOVER ,Industrials,2026-03-31,-0.0756
EFX,EQUIFAX INC.,Industrials,2026-03-31,-0.1383
EME,"EMCOR GROUP, INC.",Industrials,2026-03-31,0.0189
EMR,EMERSON ELECTRIC CO.,Industrials,2026-03-31,-0.1309
ETN,EATON  PUBLIC LIMITED COMPANY,Industrials,2026-03-31,-0.0485
EXPD,EXPEDITORS INTERNATIONAL OF WASHINGTON,Industrials,2026-03-31,-0.0124
FAST,FASTENAL COMPANY,Industrials,2026-03-31,0.0078
FDX,FEDEX ,Industrials,2026-03-31,-0.0796
FIX,"COMFORT SYSTEMS USA, INC.",Industrials,2026-03-31,-0.0352
FTV,FORTIVE ,Industrials,2026-03-31,-0.0662
GD,GENERAL DYNAMICS ,Industrials,2026-03-31,-0.0387
GE,GENERAL ELECTRIC COMPANY,Industrials,2026-03-31,-0.1709
GEV,GE VERNOVA INC.,Industrials,2026-03-31,-0.0008
GNRC,GENERAC HOLDINGS INC.,Industrials,2026-03-31,-0.1333
GWW,"W.W. GRAINGER, INC.",Industrials,2026-03-31,-0.0471
HII,"HUNTINGTON INGALLS INDUSTRIES, INC.",Industrials,2026-03-31,-0.1454
HON,HONEYWELL INTERNATIONAL INC.,Industrials,2026-03-31,-0.0721
HUBB,HUBBELL INC.,Industrials,2026-03-31,-0.0408
HWM,HOWMET AEROSPACE INC.,Industrials,2026-03-31,-0.1222
IEX,IDEX ,Industrials,2026-03-31,-0.0951
IR,INGERSOLL RAND INC.,Industrials,2026-03-31,-0.1489
ITW,ILLINOIS TOOL WORKS INC.,Industrials,2026-03-31,-0.1044
J,JACOBS SOLUTIONS INC.,Industrials,2026-03-31,-0.0767
JBHT,"J. B. HUNT TRANSPORT SERVICES, INC.",Industrials,2026-03-31,-0.0922
JCI,JOHNSON CONTROLS INTERNATIONAL PLC,Industrials,2026-03-31,-0.0925
LDOS,"LEIDOS HOLDINGS, INC.",Industrials,2026-03-31,-0.1118
LHX,"L3HARRIS TECHNOLOGIES, INC.",Industrials,2026-03-31,-0.0532
LII,LENNOX INTERNATIONAL INC.,Industrials,2026-03-31,-0.1857
LMT,LOCKHEED MARTIN ,Industrials,2026-03-31,-0.0816
LUV,SOUTHWEST AIRLINES CO.,Industrials,2026-03-31,-0.2373
MAS,MASCO ,Industrials,2026-03-31,-0.1571
MMM,3M COMPANY,Industrials,2026-03-31,-0.1215
NDSN,NORDSON ,Industrials,2026-03-31,-0.0933
NOC,NORTHROP GRUMMAN ,Industrials,2026-03-31,-0.0582
NSC,NORFOLK SOUTHERN ,Industrials,2026-03-31,-0.0881
ODFL,"OLD DOMINION FREIGHT LINE, INC.",Industrials,2026-03-31,-0.0377
OTIS,OTIS WORLDWIDE ,Industrials,2026-03-31,-0.1672
PAYC,"PAYCOM SOFTWARE, INC.",Industrials,2026-03-31,-0.0341
PAYX,"PAYCHEX, INC.",Industrials,2026-03-31,-0.0163
PCAR,PACCAR INC,Industrials,2026-03-31,-0.084
PH,PARKER-HANNIFIN ,Industrials,2026-03-31,-0.1129
PNR,PENTAIR PUBLIC LIMITED COMPANY,Industrials,2026-03-31,-0.1218
PWR,"QUANTA SERVICES, INC.",Industrials,2026-03-31,-0.025
ROK,"ROCKWELL AUTOMATION, INC.",Industrials,2026-03-31,-0.1192
ROL,"ROLLINS, INC.",Industrials,2026-03-31,-0.1228
RSG,"REPUBLIC SERVICES, INC.",Industrials,2026-03-31,-0.0436
RTX,RTX ,Industrials,2026-03-31,-0.048
SNA,SNAP-ON INC.,Industrials,2026-03-31,-0.0571
SWK,"STANLEY BLACK & DECKER, INC.",Industrials,2026-03-31,-0.1784
TDG,TRANSDIGM GROUP INC.,Industrials,2026-03-31,-0.1104
TT,TRANE TECHNOLOGIES PLC,Industrials,2026-03-31,-0.0986
TXT,TEXTRON INC.,Industrials,2026-03-31,-0.1124
UAL,"UNITED AIRLINES HOLDINGS, INC.",Industrials,2026-03-31,-0.1339
UBER,"UBER TECHNOLOGIES, INC.",Industrials,2026-03-31,-0.0463
UNP,UNION PACIFIC ,Industrials,2026-03-31,-0.0844
UPS,"UNITED PARCEL SERVICE, INC.",Industrials,2026-03-31,-0.1516
URI,"UNITED RENTALS, INC.",Industrials,2026-03-31,-0.1327
VLTO,VERALTO ,Industrials,2026-03-31,-0.0925
VRSK,"VERISK ANALYTICS, INC.",Industrials,2026-03-31,-0.0859
WAB,WESTINGHOUSE AIR BRAKE TECHNOLOGIES ,Industrials,2026-03-31,-0.0532
WM,"WASTE MANAGEMENT, INC.",Industrials,2026-03-31,-0.0459
XYL,XYLEM INC.,Industrials,2026-03-31,-0.0776
AAPL,APPLE INC.,Information Technology,2026-03-31,-0.0393
ACN,ACCENTURE PUBLIC LIMITED COMPANY,Information Technology,2026-03-31,-0.05
ADBE,ADOBE INC.,Information Technology,2026-03-31,-0.0737
ADI,"ANALOG DEVICES, INC.",Information Technology,2026-03-31,-0.1058
ADSK,"AUTODESK, INC.",Information Technology,2026-03-31,-0.0263
AKAM,"AKAMAI TECHNOLOGIES, INC.",Information Technology,2026-03-31,0.1673
AMAT,"APPLIED MATERIALS, INC.",Information Technology,2026-03-31,-0.082
AMD,"ADVANCED MICRO DEVICES, INC.",Information Technology,2026-03-31,0.0161
ANET,"ARISTA NETWORKS, INC.",Information Technology,2026-03-31,-0.0803
APH,AMPHENOL ,Information Technology,2026-03-31,-0.1349
APP,APPLOVIN CORP,Information Technology,2026-03-31,-0.0846
AVGO,BROADCOM INC.,Information Technology,2026-03-31,-0.0314
CDNS,"CADENCE DESIGN SYSTEMS, INC.",Information Technology,2026-03-31,-0.0781
CDW,CDW ,Information Technology,2026-03-31,-0.0132
CIEN,CIENA CORPORATION,Information Technology,2026-03-31,0.1134
CRM,"SALESFORCE, INC.",Information Technology,2026-03-31,-0.0417
CRWD,"CROWDSTRIKE HOLDINGS, INC.",Information Technology,2026-03-31,0.0495
CSCO,"CISCO SYSTEMS, INC.",Information Technology,2026-03-31,-0.0235
CTSH,COGNIZANT TECHNOLOGY SOLUTIONS ,Information Technology,2026-03-31,-0.0478
DDOG,"DATADOG, INC.",Information Technology,2026-03-31,0.0544
DELL,DELL TECHNOLOGIES INC.,Information Technology,2026-03-31,0.1084
EPAM,"EPAM SYSTEMS, INC.",Information Technology,2026-03-31,-0.0397
FFIV,"F5, INC.",Information Technology,2026-03-31,0.0662
FICO,FAIR ISAAC ,Information Technology,2026-03-31,-0.2425
FSLR,"FIRST SOLAR, INC.",Information Technology,2026-03-31,0.0003
FTNT,"FORTINET, INC.",Information Technology,2026-03-31,0.034
GDDY,GODADDY INC.,Information Technology,2026-03-31,-0.0515
GEN,GEN DIGITAL INC.,Information Technology,2026-03-31,-0.1657
GLW,CORNING INC.,Information Technology,2026-03-31,-0.0958
HPE,HEWLETT PACKARD ENTERPRISE COMPANY,Information Technology,2026-03-31,0.109
HPQ,HP INC.,Information Technology,2026-03-31,0.0116
IBM,INTERNATIONAL BUSINESS MACHINES ,Information Technology,2026-03-31,0.0091
INTC,INTEL ,Information Technology,2026-03-31,-0.0324
INTU,INTUIT INC.,Information Technology,2026-03-31,0.0571
IT,"GARTNER, INC.",Information Technology,2026-03-31,0.0073
JBL,JABIL INC.,Information Technology,2026-03-31,0.0024
KEYS,"KEYSIGHT TECHNOLOGIES, INC.",Information Technology,2026-03-31,-0.0812
KLAC,KLA ,Information Technology,2026-03-31,-0.0342
LRCX,LAM RESEARCH ,Information Technology,2026-03-31,-0.0865
MCHP,MICROCHIP TECHNOLOGY INC.,Information Technology,2026-03-31,-0.1344
MPWR,"MONOLITHIC POWER SYSTEMS, INC.",Information Technology,2026-03-31,-0.0432
MSFT,MICROSOFT ,Information Technology,2026-03-31,-0.0575
MSI,"MOTOROLA SOLUTIONS, INC.",Information Technology,2026-03-31,-0.1001
MU,"MICRON TECHNOLOGY, INC.",Information Technology,2026-03-31,-0.1807
NOW,"SERVICENOW, INC.",Information Technology,2026-03-31,-0.032
NTAP,"NETAPP, INC.",Information Technology,2026-03-31,0.0339
NVDA,NVIDIA ,Information Technology,2026-03-31,-0.0157
NXPI,NXP SEMICONDUCTORS NV,Information Technology,2026-03-31,-0.1328
ON,ON SEMICONDUCTOR ,Information Technology,2026-03-31,-0.0686
ORCL,ORACLE ,Information Technology,2026-03-31,0.0118
PANW,"PALO ALTO NETWORKS, INC.",Information Technology,2026-03-31,0.0766
PLTR,PALANTIR TECHNOLOGIES INC.,Information Technology,2026-03-31,0.0663
PTC,PTC INC.,Information Technology,2026-03-31,-0.09
Q,"QNITY ELECTRONICS, INC.",Information Technology,2026-03-31,-0.0898
QCOM,QUALCOMM INC.,Information Technology,2026-03-31,-0.0954
ROP,"ROPER TECHNOLOGIES, INC.",Information Technology,2026-03-31,0.0118
SMCI,"SUPER MICRO COMPUTER, INC.",Information Technology,2026-03-31,-0.297
SNDK,SANDISK CORPORATION,Information Technology,2026-03-31,-0.0
SNPS,"SYNOPSYS, INC.",Information Technology,2026-03-31,-0.0423
STX,SEAGATE TECHNOLOGY HOLDINGS,Information Technology,2026-03-31,-0.0394
SWKS,"SKYWORKS SOLUTIONS, INC.",Information Technology,2026-03-31,-0.1012
TDY,TELEDYNE TECHNOLOGIES INC.,Information Technology,2026-03-31,-0.1117
TEL,TE CONNECTIVITY LTD,Information Technology,2026-03-31,-0.0918
TER,"TERADYNE, INC.",Information Technology,2026-03-31,-0.0736
TRMB,TRIMBLE INC.,Information Technology,2026-03-31,-0.0245
TXN,TEXAS INSTRUMENTS INC.,Information Technology,2026-03-31,-0.0847
TYL,"TYLER TECHNOLOGIES, INC.",Information Technology,2026-03-31,-0.0347
VRSN,"VERISIGN, INC.",Information Technology,2026-03-31,0.0896
WDAY,"WORKDAY, INC.",Information Technology,2026-03-31,-0.0287
WDC,WESTERN DIGITAL ,Information Technology,2026-03-31,-0.0329
ZBRA,ZEBRA TECHNOLOGIES ,Information Technology,2026-03-31,-0.0664
ALB,ALBEMARLE ,Materials,2026-03-31,0.0048
AMCR,AMCOR PLC,Materials,2026-03-31,-0.1792
APD,"AIR PRODUCTS AND CHEMICALS, INC.",Materials,2026-03-31,0.0538
AVY,AVERY DENNISON ,Materials,2026-03-31,-0.1206
BALL,BALL ,Materials,2026-03-31,-0.1195
CF,"CF INDUSTRIES HOLDINGS, INC.",Materials,2026-03-31,0.3044
CRH,CRH PUBLIC LIMITED COMPANY,Materials,2026-03-31,-0.1239
CTVA,"CORTEVA, INC.",Materials,2026-03-31,0.0448
DD,"DUPONT DE NEMOURS, INC.",Materials,2026-03-31,-0.0847
DOW,DOW INC.,Materials,2026-03-31,0.3554
ECL,ECOLAB INC.,Materials,2026-03-31,-0.1373
FCX,FREEPORT-MCMORAN INC.,Materials,2026-03-31,-0.1366
IFF,INTERNATIONAL FLAVORS & FRAGRANCES INC.,Materials,2026-03-31,-0.1177
IP,INTERNATIONAL PAPER COMPANY,Materials,2026-03-31,-0.1803
LIN,LINDE PUBLIC LIMITED COMPANY,Materials,2026-03-31,-0.0242
LYB,LYONDELLBASELL INDUSTRIES NV,Materials,2026-03-31,0.4006
MLM,"MARTIN MARIETTA MATERIALS, INC.",Materials,2026-03-31,-0.1299
MOS,THE MOSAIC COMPANY,Materials,2026-03-31,-0.0841
NEM,NEWMONT ,Materials,2026-03-31,-0.1673
NUE,NUCOR ,Materials,2026-03-31,-0.044
PKG,PACKAGING  OF AMERICA,Materials,2026-03-31,-0.0858
PPG,"PPG INDUSTRIES, INC.",Materials,2026-03-31,-0.133
SHW,THE SHERWIN-WILLIAMS COMPANY,Materials,2026-03-31,-0.1159
STLD,"STEEL DYNAMICS, INC.",Materials,2026-03-31,-0.068
SW,SMURFIT WESTROCK PUBLIC LIMITED COMPANY,Materials,2026-03-31,-0.1523
VMC,VULCAN MATERIALS COMPANY,Materials,2026-03-31,-0.1216
AMT,AMERICAN TOWER ,Real Estate,2026-03-31,-0.1005
ARE,"ALEXANDRIA REAL ESTATE EQUITIES, INC.",Real Estate,2026-03-31,-0.141
AVB,"AVALONBAY COMMUNITIES, INC.",Real Estate,2026-03-31,-0.0783
BXP,"BOSTON PROPERTIES, INC.",Real Estate,2026-03-31,-0.0986
CBRE,"CBRE GROUP, INC.",Real Estate,2026-03-31,-0.0826
CCI,CROWN CASTLE INC.,Real Estate,2026-03-31,-0.0919
CPT,CAMDEN PROPERTY TRUST,Real Estate,2026-03-31,-0.0986
CSGP,"COSTAR GROUP, INC.",Real Estate,2026-03-31,-0.0961
DLR,"DIGITAL REALTY TRUST, INC.",Real Estate,2026-03-31,0.017
DOC,"HEALTHDOC PROPERTIES, INC.",Real Estate,2026-03-31,-0.0707
EQIX,"EQUINIX, INC.",Real Estate,2026-03-31,0.0061
EQR,EQUITY RESIDENTIAL,Real Estate,2026-03-31,-0.0642
ESS,"ESSEX PROPERTY TRUST, INC.",Real Estate,2026-03-31,-0.0514
EXR,EXTRA SPACE STORAGE INC.,Real Estate,2026-03-31,-0.1318
FRT,FEDERAL REALTY INVESTMENT TRUST,Real Estate,2026-03-31,-0.0235
HST,"HOST HOTELS & RESORTS, INC.",Real Estate,2026-03-31,-0.0219
INVH,INVITATION HOMES INC.,Real Estate,2026-03-31,-0.0566
IRM,IRON MOUNTAIN INC.,Real Estate,2026-03-31,-0.0571
KIM,KIMCO REALTY .,Real Estate,2026-03-31,-0.0459
MAA,"MID-AMERICA APARTMENT COMMUNITIES, INC.",Real Estate,2026-03-31,-0.0877
O,REALTY INCOME ,Real Estate,2026-03-31,-0.0869
PLD,"PROLOGIS, INC.",Real Estate,2026-03-31,-0.0729
PSA,PUBLIC STORAGE.,Real Estate,2026-03-31,-0.1178
REG,REGENCY CENTERS ,Real Estate,2026-03-31,-0.0423
SBAC,SBA COMMUNICATIONS ,Real Estate,2026-03-31,-0.1444
SPG,"SIMON PROPERTY GROUP, INC.",Real Estate,2026-03-31,-0.085
UDR,"UDR, INC.",Real Estate,2026-03-31,-0.0992
VICI,VICI PROPERTIES INC.,Real Estate,2026-03-31,-0.0957
VTR,"VENTAS, INC.",Real Estate,2026-03-31,-0.0508
WELL,WELLTOWER INC.,Real Estate,2026-03-31,-0.0454
WY,WEYERHAEUSER COMPANY,Real Estate,2026-03-31,-0.0041
DXY,US DOLLAR INDEX,USD,2026-03-31,0.0228
AEE,AMEREN ,Utilities,2026-03-31,-0.0297
AEP,"AMERICAN ELECTRIC POWER COMPANY, INC.",Utilities,2026-03-31,-0.0205
AES,THE AES ,Utilities,2026-03-31,-0.1846
ATO,ATMOS ENERGY ,Utilities,2026-03-31,-0.0111
AWK,"AMERICAN WATER WORKS COMPANY, INC.",Utilities,2026-03-31,0.0004
CEG,CONSTELLATION ENERGY,Utilities,2026-03-31,-0.1535
CMS,CMS ENERGY ,Utilities,2026-03-31,-0.0063
CNP,"CENTERPOINT ENERGY, INC.",Utilities,2026-03-31,-0.0078
D,"DOMINION ENERGY, INC.",Utilities,2026-03-31,-0.0209
DTE,DTE ENERGY COMPANY,Utilities,2026-03-31,-0.0136
DUK,DUKE ENERGY ,Utilities,2026-03-31,0.0007
ED,"CONSOLIDATED EDISON, INC.",Utilities,2026-03-31,0.0059
EIX,EDISON INTERNATIONAL,Utilities,2026-03-31,-0.0209
ES,EVERSOURCE ENERGY,Utilities,2026-03-31,-0.0909
ETR,ENTERGY ,Utilities,2026-03-31,0.049
EVRG,"EVERGY, INC.",Utilities,2026-03-31,-0.0208
EXC,EXELON ,Utilities,2026-03-31,-0.0091
FE,FIRSTENERGY CORP.,Utilities,2026-03-31,-0.0098
LNT,ALLIANT ENERGY ,Utilities,2026-03-31,-0.008
NEE,"NEXTERA ENERGY, INC.",Utilities,2026-03-31,-0.0095
NI,NISOURCE INC.,Utilities,2026-03-31,-0.0135
NRG,"NRG ENERGY, INC.",Utilities,2026-03-31,-0.1834
PCG,PG&E ,Utilities,2026-03-31,-0.0753
PEG,PUBLIC SERVICE ENTERPRISE GROUP INC.,Utilities,2026-03-31,-0.0595
PNW,PINNACLE WEST CAPITAL ,Utilities,2026-03-31,0.0045
PPL,PPL ,Utilities,2026-03-31,-0.02
SO,THE SOUTHERN COMPANY,Utilities,2026-03-31,-0.0088
SRE,SEMPRA,Utilities,2026-03-31,0.0093
VST,VISTRA CORP.,Utilities,2026-03-31,-0.1355
WEC,"WEC ENERGY GROUP, INC.",Utilities,2026-03-31,-0.0102
XEL,XCEL ENERGY INC.,Utilities,2026-03-31,-0.047
FVX,5 YR TSY YLD NDX,Yields,2026-03-31,0.1254
TNX,10 Y TSY YLD NDX,Yields,2026-03-31,0.0884
TYX,30 Y TSY YLD NDX,Yields,2026-03-31,0.0562
ASC,ARDMORE SHIPPING ,,2026-03-31,-0.069
BTC=F,BITCOIN FUTURES,,2026-03-31,0.0372
BTI,BRITISH AMERICAN TOBACCO P.L.C.,,2026-03-31,-0.0667
BTU,PEABODY ENERGY ,,2026-03-31,0.0447
CALM,"CAL-MAINE FOODS, INC.",,2026-03-31,-0.0914
CANE,TEUCRIUM:SUGAR,,2026-03-31,0.1238
CCJ,CAMECO ,,2026-03-31,-0.0827
CMBT,CMB.TECH NV,,2026-03-31,-0.1458
CMRE,COSTAMARE INC.,,2026-03-31,-0.0381
CNR,"CORE NATURAL RESOURCES, INC.",,2026-03-31,0.276
COMT,ISHARES:GSCI COMM DYN RS,,2026-03-31,0.2045
CORN,TEUCRIUM:CORN,,2026-03-31,0.0285
CPER,UNITED STATES COPPER IDX,,2026-03-31,-0.0664
CRESY,CRESUD INC.,,2026-03-31,0.1178
DBA,INVESCO DB MS AGRI,,2026-03-31,0.05
DBB,INVESCO DB MS BMTL,,2026-03-31,-0.0281
DBC,INVESCO DB CM IDX,,2026-03-31,0.1534
DHT,"DHT HOLDINGS, INC.",,2026-03-31,-0.0626
DIA,SPDR DOW JONES INDUS AVG,,2026-03-31,-0.0541
DJI,DOW JONES INDUSTRIAL AVG INDEX,,2026-03-31,-0.0538
EC,ECOPETROL SA,,2026-03-31,0.2607
ECH,ISHARES:MSCI CHILE,,2026-03-31,-0.086
EDEN,ISHARES:MSCI DENMARK,,2026-03-31,-0.0325
EFNL,ISHARES:MSCI FINLAND,,2026-03-31,-0.042
EIDO,ISHARES:MSCI INDONESIA,,2026-03-31,-0.1139
EIRL,ISHARES:MSCI IRELAND,,2026-03-31,-0.0843
EIS,ISHARES:MSCI ISRAEL,,2026-03-31,-0.0231
ENZL,ISHARES:MSCI NEW ZLND,,2026-03-31,-0.1017
EPHE,ISHARES:MSCI PHILIPPINES,,2026-03-31,-0.1104
EPOL,ISHARES:MSCI POLAND,,2026-03-31,-0.0451
EPU,ISHARES:MSCI PERU,,2026-03-31,-0.1399
ES=F,E-MINI S&P 500 FUTURES,,2026-03-31,-0.0459
EWA,ISHARES:MSCI AUSTRALIA,,2026-03-31,-0.0774
EWC,ISHARES:MSCI CANADA,,2026-03-31,-0.055
EWD,ISHARES:MSCI SWEDEN,,2026-03-31,-0.1096
EWG,ISHARES:MSCI GERMANY,,2026-03-31,-0.1053
EWH,ISHARES:MSCI HONG KONG,,2026-03-31,-0.0463
EWI,ISHARES:MSCI ITALY,,2026-03-31,-0.0682
EWJ,ISHARES:MSCI JAPAN,,2026-03-31,-0.0859
EWK,ISHARES:MSCI BELGIUM,,2026-03-31,-0.0847
EWL,ISHARES:MSCI SWITZERLAND,,2026-03-31,-0.0963
EWM,ISHARES:MSCI MALAYSIA,,2026-03-31,-0.0277
EWN,ISHARES:MSCI NETHERLANDS,,2026-03-31,-0.0842
EWO,ISHARES:MSCI AUSTRIA,,2026-03-31,-0.0644
EWP,ISHARES:MSCI SPAIN,,2026-03-31,-0.0512
EWQ,ISHARES:MSCI FRANCE,,2026-03-31,-0.0938
EWS,ISHARES:MSCI SINGAPORE,,2026-03-31,-0.0191
EWT,ISHARES:MSCI TAIWAN,,2026-03-31,-0.0628
EWU,ISHARES:MSCI UK,,2026-03-31,-0.0641
EWW,ISHARES:MSCI MEXICO,,2026-03-31,-0.0705
EWY,ISHARES:MSCI S KOREA,,2026-03-31,-0.1874
EWZ,ISHARES:MSCI BRAZIL,,2026-03-31,-0.0088
FRO,FRONTLINE PLC,,2026-03-31,-0.0814
FTI,TECHNIPFMC PLC,,2026-03-31,0.0425
FXA,INVESCO:AU DOLLAR,,2026-03-31,-0.0306
FXB,INVESCO:GBP STERLING,,2026-03-31,-0.0182
FXC,INVESCO:CANADIAN DOLLAR,,2026-03-31,-0.0193
FXE,INVESCO:EURO,,2026-03-31,-0.0219
FXY,INVESCO:JAPANESE YEN,,2026-03-31,-0.0161
GDX,VANECK:GOLD MINERS,,2026-03-31,-0.2078
GDXJ,VANECK:JR GOLD MINERS,,2026-03-31,-0.2314
GEOS,GEOSPACE TECHNOLOGIES ,,2026-03-31,0.3304
GGB,GERDAU SA,,2026-03-31,-0.1064
GLATF,GLOBAL ATOMIC ,,2026-03-31,-0.0952
GNK,GENCO SHIPPING & TRADING LIMITED,,2026-03-31,-0.0624
GREK,GLBL X MSCI GREECE,,2026-03-31,-0.0963
HLX,"HELIX ENERGY SOLUTIONS GROUP, INC.",,2026-03-31,0.0762
HYD,VANECK:HIGH YIELD MUNI,,2026-03-31,-0.0283
ICL,ICL GROUP LTD,,2026-03-31,0.0792
INDA,ISHARES:MSCI INDIA,,2026-03-31,-0.1039
IWD,ISHARES:RUSS 1000 VL ETF,,2026-03-31,-0.0525
IWF,ISHARES:RUSS 1000 GR ETF,,2026-03-31,-0.0528
IWM,ISHARES:RUSS 2000 ETF,,2026-03-31,-0.0513
JNK,SPDR BBG HIGH YIELD BD,,2026-03-31,-0.0157
MCHI,ISHARES:MSCI CHINA,,2026-03-31,-0.0488
MDY,SPDR S&P MIDCAP 400 ETF,,2026-03-31,-0.0552
MP,MP MATERIALS CORP,,2026-03-31,-0.1802
MTUM,ISHARES:MSCI USA MOM FCT,,2026-03-31,-0.0513
MUB,ISHARES:NATL MUNI BOND,,2026-03-31,-0.0254
NDX,NASDAQ 100 INDEX,,2026-03-31,-0.0489
NORW,GLBL X MSCI NORWAY ETF,,2026-03-31,0.0682
NOV,NOV INC.,,2026-03-31,-0.0716
NQ=F,NASDAQ 100 FUTURES,,2026-03-31,-0.0416
OEF,ISHARES:S&P 100,,2026-03-31,-0.0502
PAM,PAMPA ENERGIA SA,,2026-03-31,0.1378
PBR,BRAZILIAN PETROLEUM  - PETROBRAS,,2026-03-31,0.2477
PFF,ISHARES:PREF AND INC SEC,,2026-03-31,-0.0347
POWA,INVESCO BLOOMBERG PRICING POWER,,2026-03-31,-0.0754
PPLT,ABRDN:PHYSICAL PLATINUM,,2026-03-31,-0.17
QAT,ISHARES:MSCI QATAR,,2026-03-31,-0.0442
QQQ,INVESCO QQQ TRUST 1,,2026-03-31,-0.0496
QUAL,ISHARES:MSCI USA QF,,2026-03-31,-0.0637
RIG,TRANSOCEAN LTD,,2026-03-31,0.0231
ROKU,"ROKU, INC.",,2026-03-31,-0.0385
RSP,INVESCO S&P500 EWGHT,,2026-03-31,-0.0637
RUT,RUSSELL 2000 INDEX,,2026-03-31,-0.0517
SBLK,STAR BULK CARRIERS CORP.,,2026-03-31,-0.1263
SCHP,SCHWAB STR:US TIPS,,2026-03-31,-0.0126
SD,"SANDRIDGE ENERGY, INC.",,2026-03-31,-0.0696
SDY,SPDR S&P DIVIDEND,,2026-03-31,-0.0641
SILJ,ETFMG PRIME JR SILVR MNR,,2026-03-31,-0.2625
SLV,ISHARES:SILVER TRUST,,2026-03-31,-0.1983
SM,SM ENERGY COMPANY,,2026-03-31,0.348
SMH,VANECK:SEMICONDUCTOR,,2026-03-31,-0.0565
SOYB,TEUCRIUM:SOYBEAN,,2026-03-31,0.0243
SPHB,INVESCO S&P500 HI BE,,2026-03-31,-0.0581
SPLV,INVESCO S&P500 LOWVL,,2026-03-31,-0.055
SPX,S&P 500 INDEX,,2026-03-31,-0.0509
SPY,SPDR S&P 500 ETF,,2026-03-31,-0.052
STLA,STELLANTIS NV,,2026-03-31,-0.1236
STNG,SCORPIO TANKERS INC.,,2026-03-31,-0.0559
TAGS,TEUCRIUM:AGRICULTURAL,,2026-03-31,0.062
TDW,TIDEWATER INC.,,2026-03-31,0.052
TECK,TECK RESOURCES LIMITED,,2026-03-31,-0.1212
THD,ISHARES:MSCI THAI,,2026-03-31,-0.0755
TS,TENARIS SA,,2026-03-31,0.0695
TUR,ISHARES:MSCI TURKEY,,2026-03-31,-0.0487
URA,GLBL X URANIUM ETF,,2026-03-31,-0.1088
URNM,SPROTT URANIUM MINERS,,2026-03-31,-0.1222
UUP,INVESCO DB USD IDX BL,,2026-03-31,0.0258
VAL,VALARIS LIMITED,,2026-03-31,0.0228
VIX,CBOE MKT VOLATILITY IDX,,2026-03-31,0.2714
VNM,VANECK:VIETNAM,,2026-03-31,-0.0928
VXN,CBOE NASDAQ MKT VOL NDX,,2026-03-31,0.1517
WEAT,TEUCRIUM:WHEAT,,2026-03-31,0.0443
XES,SPDR S&P OIL&GAS E&S,,2026-03-31,0.029
XLB,SEL SECTOR:MATRLS SPDR,,2026-03-31,-0.0644
XLC,SEL SECTOR:COMM SVC SPDR,,2026-03-31,-0.0609
XLE,SEL SECTOR:ENERGY SPDR,,2026-03-31,0.0955
XLF,SEL SECTOR:FINL S SPDR,,2026-03-31,-0.0401
XLI,SEL SECTOR:INDUST SPDR,,2026-03-31,-0.087
XLK,SEL SECTOR:TECH SPDR,,2026-03-31,-0.0422
XLP,SEL SECTOR:C STP SPDR,,2026-03-31,-0.0892
XLRE,SEL SECTOR:RL EST SPDR,,2026-03-31,-0.0687
XLU,SEL SECTOR:UTIL SPDR,,2026-03-31,-0.0386
XLV,SEL SECTOR:H CARE SPDR,,2026-03-31,-0.0848
XLY,SEL SECTOR:C DSC SPDR,,2026-03-31,-0.0674
XOP,SPDR S&P OIL&GAS EXP,,2026-03-31,0.1829
