Ticker,Ticker_name,Exposure,Date,qtd_pct_change
EDV,VANGUARD EXT DUR T;ETF,Bonds,2026-03-31,-0.0009
HYG,ISHARES:IBOXX $HY CORP,Bonds,2026-03-31,-0.0133
IEF,ISHARES:7-10 TRS BD ETF,Bonds,2026-03-31,-0.0075
LQD,ISHARES:IBOXX $IG CORP,Bonds,2026-03-31,-0.0109
SHY,ISHARES:1-3 TRS BD ETF,Bonds,2026-03-31,-0.003
STIP,ISHARES:0-5 TIPS BD ETF,Bonds,2026-03-31,0.0102
TIP,ISHARES:TIPS BD ETF,Bonds,2026-03-31,0.0041
TLT,ISHARES:20+ TRS BD ETF,Bonds,2026-03-31,-0.0054
CHTR,"CHARTER COMMUNICATIONS, INC.",Communication Services,2026-03-31,0.0342
CMCSA,COMCAST ,Communication Services,2026-03-31,0.025
DIS,THE WALT DISNEY COMPANY,Communication Services,2026-03-31,-0.1529
EA,ELECTRONIC ARTS INC.,Communication Services,2026-03-31,-0.0023
FOXA,FOX ,Communication Services,2026-03-31,-0.2008
GOOGL,ALPHABET INC.,Communication Services,2026-03-31,-0.0813
LYV,"LIVE NATION ENTERTAINMENT, INC.",Communication Services,2026-03-31,0.0702
META,"META PLATFORMS, INC.",Communication Services,2026-03-31,-0.1333
MTCH,"MATCH GROUP, INC.",Communication Services,2026-03-31,-0.0489
NFLX,"NETFLIX, INC.",Communication Services,2026-03-31,0.0255
NWSA,NEWS CORP.,Communication Services,2026-03-31,-0.0456
OMC,OMNICOM GROUP INC.,Communication Services,2026-03-31,-0.0674
PSKY,PARAMOUNT SKYDANCE ,Communication Services,2026-03-31,-0.3269
T,AT&T INC.,Communication Services,2026-03-31,0.1671
TKO,"TKO GROUP HOLDINGS, INC.",Communication Services,2026-03-31,-0.0352
TMUS,"T-MOBILE US, INC.",Communication Services,2026-03-31,0.0344
TTD,"THE TRADE DESK, INC.",Communication Services,2026-03-31,-0.4023
TTWO,"TAKE-TWO INTERACTIVE SOFTWARE, INC.",Communication Services,2026-03-31,-0.2286
VZ,VERIZON COMMUNICATIONS INC.,Communication Services,2026-03-31,0.2325
WBD,"WARNER BROS. DISCOVERY, INC.",Communication Services,2026-03-31,-0.0472
ABNB,"AIRBNB, INC.",Consumer Discretionary,2026-03-31,-0.0696
AMZN,"AMAZON.COM, INC.",Consumer Discretionary,2026-03-31,-0.0977
APTV,APTIV PLC,Consumer Discretionary,2026-03-31,-0.0874
AZO,"AUTOZONE, INC.",Consumer Discretionary,2026-03-31,-0.004
BBY,"BEST BUY CO., INC.",Consumer Discretionary,2026-03-31,-0.0408
BKNG,BOOKING HOLDINGS INC.,Consumer Discretionary,2026-03-31,-0.2138
CCL,CARNIVAL CORP,Consumer Discretionary,2026-03-31,-0.1526
CMG,"CHIPOTLE MEXICAN GRILL, INC.",Consumer Discretionary,2026-03-31,-0.1349
CVNA,CARVANA CO.,Consumer Discretionary,2026-03-31,-0.2551
DASH,"DOORDASH, INC.",Consumer Discretionary,2026-03-31,-0.337
DECK,DECKERS OUTDOOR ,Consumer Discretionary,2026-03-31,-0.0345
DHI,"D.R. HORTON, INC.",Consumer Discretionary,2026-03-31,-0.0473
DPZ,"DOMINO'S PIZZA, INC.",Consumer Discretionary,2026-03-31,-0.1392
DRI,"DARDEN RESTAURANTS, INC.",Consumer Discretionary,2026-03-31,0.0653
EBAY,EBAY INC.,Consumer Discretionary,2026-03-31,0.045
EXPE,"EXPEDIA GROUP, INC.",Consumer Discretionary,2026-03-31,-0.185
F,FORD MOTOR COMPANY,Consumer Discretionary,2026-03-31,-0.1204
GM,GENERAL MOTORS COMPANY,Consumer Discretionary,2026-03-31,-0.0839
GPC,GENUINE PARTS COMPANY,Consumer Discretionary,2026-03-31,-0.14
GRMN,GARMIN LTD,Consumer Discretionary,2026-03-31,0.1438
HAS,"HASBRO, INC.",Consumer Discretionary,2026-03-31,0.1415
HD,"THE HOME DEPOT, INC.",Consumer Discretionary,2026-03-31,-0.0442
HLT,HILTON WORLDWIDE HOLDINGS INC.,Consumer Discretionary,2026-03-31,0.0586
LEN,LENNAR ,Consumer Discretionary,2026-03-31,-0.1553
LOW,"LOWE'S COMPANIES, INC.",Consumer Discretionary,2026-03-31,-0.0202
LULU,LULULEMON ATHLETICA INC.,Consumer Discretionary,2026-03-31,-0.2633
LVS,LAS VEGAS SANDS CORP.,Consumer Discretionary,2026-03-31,-0.1722
MAR,"MARRIOTT INTERNATIONAL, INC.",Consumer Discretionary,2026-03-31,0.0542
MCD,MCDONALD'S ,Consumer Discretionary,2026-03-31,0.0169
MGM,MGM RESORTS INTERNATIONAL,Consumer Discretionary,2026-03-31,0.0143
NCLH,NORWEGIAN CRUISE LINE HOLDINGS LTD.,Consumer Discretionary,2026-03-31,-0.1622
NKE,"NIKE, INC.",Consumer Discretionary,2026-03-31,-0.1709
NVR,"NVR, INC.",Consumer Discretionary,2026-03-31,-0.0964
ORLY,"O'REILLY AUTOMOTIVE, INC.",Consumer Discretionary,2026-03-31,0.0121
PHM,"PULTEGROUP, INC.",Consumer Discretionary,2026-03-31,0.003
POOL,POOL ,Consumer Discretionary,2026-03-31,-0.1155
RCL,ROYAL CARIBBEAN CRUISES LTD.,Consumer Discretionary,2026-03-31,-0.0134
RL,RALPH LAUREN ,Consumer Discretionary,2026-03-31,-0.0272
ROST,"ROSS STORES, INC.",Consumer Discretionary,2026-03-31,0.2026
SBUX,STARBUCKS ,Consumer Discretionary,2026-03-31,0.0639
TJX,"THE TJX COMPANIES, INC.",Consumer Discretionary,2026-03-31,0.0396
TPR,"TAPESTRY, INC.",Consumer Discretionary,2026-03-31,0.1044
TSCO,TRACTOR SUPPLY COMPANY,Consumer Discretionary,2026-03-31,-0.0942
TSLA,"TESLA, INC.",Consumer Discretionary,2026-03-31,-0.1734
ULTA,"ULTA BEAUTY, INC.",Consumer Discretionary,2026-03-31,-0.136
WSM,"WILLIAMS-SONOMA, INC.",Consumer Discretionary,2026-03-31,0.0209
WYNN,"WYNN RESORTS, LIMITED",Consumer Discretionary,2026-03-31,-0.1561
YUM,"YUM! BRANDS, INC.",Consumer Discretionary,2026-03-31,0.0278
ADM,ARCHER-DANIELS-MIDLAND COMPANY.,Consumer Staples,2026-03-31,0.2644
BF.B,BROWN-FORMAN ,Consumer Staples,2026-03-31,0.0146
BG,BUNGE LIMITED,Consumer Staples,2026-03-31,0.4279
CAG,"CONAGRA BRANDS, INC.",Consumer Staples,2026-03-31,-0.0919
CHD,"CHURCH & DWIGHT CO., INC.",Consumer Staples,2026-03-31,0.1129
CL,COLGATE-PALMOLIVE COMPANY,Consumer Staples,2026-03-31,0.0786
CLX,THE CLOROX COMPANY,Consumer Staples,2026-03-31,0.0278
COST,COSTCO WHOLESALE ,Consumer Staples,2026-03-31,0.1555
CPB,CAMPBELL SOUP COMPANY,Consumer Staples,2026-03-31,-0.2009
DG,DOLLAR GENERAL ,Consumer Staples,2026-03-31,-0.1057
DLTR,"DOLLAR TREE, INC.",Consumer Staples,2026-03-31,-0.1097
EL,THE ESTEE LAUDER COMPANIES INC.,Consumer Staples,2026-03-31,-0.3146
GIS,"GENERAL MILLS, INC.",Consumer Staples,2026-03-31,-0.1996
HRL,HORMEL FOODS ,Consumer Staples,2026-03-31,-0.0443
HSY,THE HERSHEY COMPANY,Consumer Staples,2026-03-31,0.1424
KDP,KEURIG DR PEPPER INC.,Consumer Staples,2026-03-31,-0.06
KHC,THE KRAFT HEINZ COMPANY,Consumer Staples,2026-03-31,-0.0726
KMB,KIMBERLY-CLARK ,Consumer Staples,2026-03-31,-0.0438
KO,THE COCA-COLA COMPANY,Consumer Staples,2026-03-31,0.0878
KR,THE KROGER CO.,Consumer Staples,2026-03-31,0.1581
KVUE,KENVUE INC.,Consumer Staples,2026-03-31,-0.0006
LW,"LAMB WESTON HOLDINGS, INC.",Consumer Staples,2026-03-31,0.0088
MDLZ,"MONDELEZ INTERNATIONAL, INC.",Consumer Staples,2026-03-31,0.0708
MKC,"MCCORMICK & COMPANY, INC.",Consumer Staples,2026-03-31,-0.2594
MNST,MONSTER BEVERAGE ,Consumer Staples,2026-03-31,-0.0549
MO,"ALTRIA GROUP, INC.",Consumer Staples,2026-03-31,0.1445
PEP,"PEPSICO, INC.",Consumer Staples,2026-03-31,0.082
PG,THE PROCTER & GAMBLE COMPANY,Consumer Staples,2026-03-31,0.0079
PM,PHILIP MORRIS INTERNATIONAL INC.,Consumer Staples,2026-03-31,0.0308
SJM,THE J. M. SMUCKER COMPANY,Consumer Staples,2026-03-31,-0.014
STZ,"CONSTELLATION BRANDS, INC.",Consumer Staples,2026-03-31,0.0873
SYY,SYSCO ,Consumer Staples,2026-03-31,-0.032
TAP,MOLSON COORS BEVERAGE COMPANY,Consumer Staples,2026-03-31,-0.0775
TGT,TARGET ,Consumer Staples,2026-03-31,0.2399
TSN,"TYSON FOODS, INC.",Consumer Staples,2026-03-31,0.093
WMT,WALMART INC.,Consumer Staples,2026-03-31,0.1155
APA,APA ,Energy,2026-03-31,0.7351
BKR,BAKER HUGHES COMPANY,Energy,2026-03-31,0.3406
COP,CONOCOPHILLIPS,Energy,2026-03-31,0.4101
CTRA,COTERRA ENERGY INC.,Energy,2026-03-31,0.3351
CVX,CHEVRON ,Energy,2026-03-31,0.3575
DVN,DEVON ENERGY ,Energy,2026-03-31,0.3737
EOG,"EOG RESOURCES, INC.",Energy,2026-03-31,0.3767
EQT,EQT ,Energy,2026-03-31,0.1873
EXE,EXPAND ENERGY ,Energy,2026-03-31,-0.0053
FANG,"DIAMONDBACK ENERGY, INC.",Energy,2026-03-31,0.3157
HAL,HALLIBURTON COMPANY,Energy,2026-03-31,0.3797
KMI,"KINDER MORGAN, INC.",Energy,2026-03-31,0.2197
MPC,MARATHON PETROLEUM ,Energy,2026-03-31,0.5014
OKE,"ONEOK, INC.",Energy,2026-03-31,0.2298
OXY,OCCIDENTAL PETROLEUM ,Energy,2026-03-31,0.5807
PSX,PHILLIPS 66,Energy,2026-03-31,0.4118
SLB,SCHLUMBERGER N.V.,Energy,2026-03-31,0.339
TPL,TEXAS PACIFIC LAND ,Energy,2026-03-31,0.6523
TRGP,TARGA RESOURCES CORP.,Energy,2026-03-31,0.359
VLO,VALERO ENERGY ,Energy,2026-03-31,0.5178
WMB,"THE WILLIAMS COMPANIES, INC.",Energy,2026-03-31,0.2108
XOM,EXXON MOBIL ,Energy,2026-03-31,0.4098
UNG,UNITED STATES NAT GAS,Energy Complex,2026-03-31,-0.0432
USO,UNITED STATES OIL FUND,Energy Complex,2026-03-31,0.8399
ACGL,ARCH CAPITAL GROUP LTD.,Financials,2026-03-31,0.0007
AFL,AFLAC INC.,Financials,2026-03-31,-0.0051
AIG,"AMERICAN INTERNATIONAL GROUP, INC.",Financials,2026-03-31,-0.1204
AIZ,"ASSURANT, INC.",Financials,2026-03-31,-0.0957
AJG,ARTHUR J. GALLAGHER & CO.,Financials,2026-03-31,-0.1631
ALL,THE ALLSTATE ,Financials,2026-03-31,-0.0039
AMP,"AMERIPRISE FINANCIAL, INC.",Financials,2026-03-31,-0.0937
AON,AON PLC,Financials,2026-03-31,-0.0853
APO,"APOLLO GLOBAL MANAGEMENT, INC.",Financials,2026-03-31,-0.2303
ARES,ARES MANAGEMENT CORP,Financials,2026-03-31,-0.325
AXP,AMERICAN EXPRESS COMPANY,Financials,2026-03-31,-0.1824
BAC,BANK OF AMERICA ,Financials,2026-03-31,-0.1136
BEN,"FRANKLIN RESOURCES, INC.",Financials,2026-03-31,-0.0113
BK,THE BANK OF NEW YORK MELLON ,Financials,2026-03-31,0.0219
BLK,"BLACKROCK, INC.",Financials,2026-03-31,-0.1015
BRK.B,"BERKSHIRE HATHAWAY INC.,",Financials,2026-03-31,-0.0467
BRO,"BROWN & BROWN, INC.",Financials,2026-03-31,-0.1818
BX,BLACKSTONE INC,Financials,2026-03-31,-0.254
C,CITIGROUP INC.,Financials,2026-03-31,-0.0281
CB,CHUBB LTD,Financials,2026-03-31,0.0442
CBOE,"CBOE GLOBAL MARKETS, INC.",Financials,2026-03-31,0.1198
CFG,"CITIZENS FINANCIAL GROUP, INC.",Financials,2026-03-31,0.0267
CINF,CINCINNATI FINANCIAL ,Financials,2026-03-31,-0.0366
CME,CME GROUP INC.,Financials,2026-03-31,0.0816
COF,CAPITAL ONE FINANCIAL ,Financials,2026-03-31,-0.2473
COIN,"COINBASE GLOBAL, INC.",Financials,2026-03-31,-0.2279
CPAY,"FLEETCOR TECHNOLOGIES, INC.",Financials,2026-03-31,-0.033
EG,"EVEREST GROUP, LTD.",Financials,2026-03-31,-0.0368
ERIE,ERIE INDEMNITY COMPANY,Financials,2026-03-31,-0.1233
FDS,FACTSET RESEARCH SYSTEMS INC.,Financials,2026-03-31,-0.2522
FIS,FIDELITY NATIONAL INFORMATION SERVICES,Financials,2026-03-31,-0.2942
FISV,"FISERV, INC.",Financials,2026-03-31,-0.1693
FITB,FIFTH THIRD BANCORP,Financials,2026-03-31,-0.0075
GL,GLOBE LIFE INC.,Financials,2026-03-31,-0.0049
GPN,GLOBAL PAYMENTS INC.,Financials,2026-03-31,-0.1305
GS,"THE GOLDMAN SACHS GROUP, INC.",Financials,2026-03-31,-0.0376
HBAN,HUNTINGTON BANCSHARES INC.,Financials,2026-03-31,-0.098
HIG,THE HARTFORD FINANCIAL SERVICES GROUP,Financials,2026-03-31,-0.0187
HOOD,"ROBINHOOD MARKETS, INC.",Financials,2026-03-31,-0.3873
IBKR,"INTERACTIVE BROKERS GROUP, INC.",Financials,2026-03-31,0.0429
ICE,"INTERCONTINENTAL EXCHANGE, INC.",Financials,2026-03-31,-0.0289
IVZ,INVESCO LTD.,Financials,2026-03-31,-0.0754
JKHY,"JACK HENRY & ASSOCIATES, INC.",Financials,2026-03-31,-0.1339
JPM,JPMORGAN CHASE & CO.,Financials,2026-03-31,-0.0871
KEY,KEYCORP,Financials,2026-03-31,-0.0286
KKR,KKR & CO. INC.,Financials,2026-03-31,-0.2744
L,LOEWS ,Financials,2026-03-31,0.0136
MA,MASTERCARD INC..,Financials,2026-03-31,-0.1248
MCO,MOODY'S ,Financials,2026-03-31,-0.146
MET,"METLIFE, INC.",Financials,2026-03-31,-0.1041
MRSH,"MARSH & MCLENNAN COMPANIES, INC.",Financials,2026-03-31,-0.0651
MS,MORGAN STANLEY,Financials,2026-03-31,-0.073
MSCI,MSCI INC.,Financials,2026-03-31,-0.0605
MTB,M&T BANK ,Financials,2026-03-31,0.026
NDAQ,"NASDAQ, INC.",Financials,2026-03-31,-0.126
NTRS,NORTHERN TRUST ,Financials,2026-03-31,0.0218
PFG,"PRINCIPAL FINANCIAL GROUP, INC.",Financials,2026-03-31,0.0215
PGR,THE PROGRESSIVE ,Financials,2026-03-31,-0.1295
PNC,"THE PNC FINANCIAL SERVICES GROUP, INC.",Financials,2026-03-31,-0.0031
PRU,"PRUDENTIAL FINANCIAL, INC.",Financials,2026-03-31,-0.1346
PYPL,"PAYPAL HOLDINGS, INC.",Financials,2026-03-31,-0.2252
RF,REGIONS FINANCIAL ,Financials,2026-03-31,-0.0362
RJF,"RAYMOND JAMES FINANCIAL, INC.",Financials,2026-03-31,-0.0984
SCHW,THE CHARLES SCHWAB ,Financials,2026-03-31,-0.0594
SPGI,S&P GLOBAL INC.,Financials,2026-03-31,-0.1861
STT,STATE STREET ,Financials,2026-03-31,-0.019
SYF,SYNCHRONY FINANCIAL,Financials,2026-03-31,-0.1847
TFC,TRUIST FINANCIAL ,Financials,2026-03-31,-0.0658
TROW,"T. ROWE PRICE GROUP, INC.",Financials,2026-03-31,-0.1196
TRV,"THE TRAVELERS COMPANIES, INC.",Financials,2026-03-31,0.0056
USB,U.S. BANCORP,Financials,2026-03-31,-0.0253
V,VISA INC.,Financials,2026-03-31,-0.1382
WFC,WELLS FARGO & COMPANY,Financials,2026-03-31,-0.1458
WRB,W. R. BERKLEY ,Financials,2026-03-31,-0.0548
WTW,WILLIS TOWERS WATSON,Financials,2026-03-31,-0.1153
XYZ,"BLOCK, INC.",Financials,2026-03-31,-0.0754
GLD,SPDR GOLD,Gold,2026-03-31,0.0857
A,"AGILENT TECHNOLOGIES, INC.",Health Care,2026-03-31,-0.1623
ABBV,ABBVIE INC.,Health Care,2026-03-31,-0.0481
ABT,ABBOTT LABORATORIES,Health Care,2026-03-31,-0.1805
ALGN,"ALIGN TECHNOLOGY, INC.",Health Care,2026-03-31,0.0979
AMGN,AMGEN INC.,Health Care,2026-03-31,0.075
BAX,BAXTER INTERNATIONAL INC.,Health Care,2026-03-31,-0.1209
BDX,"BECTON, DICKINSON AND COMPANY",Health Care,2026-03-31,0.0305
BIIB,BIOGEN INC.,Health Care,2026-03-31,0.0417
BMY,BRISTOL-MYERS SQUIBB COMPANY,Health Care,2026-03-31,0.1244
BSX,BOSTON SCIENTIFIC ,Health Care,2026-03-31,-0.3419
CAH,"CARDINAL HEALTH, INC.",Health Care,2026-03-31,0.0283
CI,THE CIGNA GROUP,Health Care,2026-03-31,-0.0308
CNC,CENTENE ,Health Care,2026-03-31,-0.2044
COO,"THE COOPER COMPANIES, INC.",Health Care,2026-03-31,-0.1276
COR,"CENCORA, INC.",Health Care,2026-03-31,-0.0699
CRL,CHARLES RIVER LABORATORIES,Health Care,2026-03-31,-0.1353
CVS,CVS HEALTH ,Health Care,2026-03-31,-0.095
DGX,QUEST DIAGNOSTICS INC.,Health Care,2026-03-31,0.1294
DHR,DANAHER ,Health Care,2026-03-31,-0.1718
DVA,DAVITA INC.,Health Care,2026-03-31,0.3528
DXCM,"DEXCOM, INC.",Health Care,2026-03-31,-0.0538
ELV,"ELEVANCE HEALTH, INC.",Health Care,2026-03-31,-0.1649
EW,EDWARDS LIFESCIENCES ,Health Care,2026-03-31,-0.0606
GEHC,GE HEALTHCARE TECHNOLOGIES INC.,Health Care,2026-03-31,-0.1322
GILD,"GILEAD SCIENCES, INC.",Health Care,2026-03-31,0.1355
HCA,"HCA HEALTHCARE, INC.",Health Care,2026-03-31,0.0137
HOLX,"HOLOGIC, INC.",Health Care,2026-03-31,0.0148
HSIC,"HENRY SCHEIN, INC.",Health Care,2026-03-31,-0.0249
HUM,HUMANA INC.,Health Care,2026-03-31,-0.323
IDXX,"IDEXX LABORATORIES, INC.",Health Care,2026-03-31,-0.1695
INCY,INCYTE ,Health Care,2026-03-31,-0.0471
IQV,IQVIA HOLDINGS INC,Health Care,2026-03-31,-0.2434
ISRG,"INTUITIVE SURGICAL, INC.",Health Care,2026-03-31,-0.186
JNJ,JOHNSON & JOHNSON,Health Care,2026-03-31,0.1812
LH,LABORATORY  OF AMERICA HOLDINGS,Health Care,2026-03-31,0.0635
LLY,ELI LILLY AND COMPANY,Health Care,2026-03-31,-0.1441
MCK,MCKESSON ,Health Care,2026-03-31,0.0549
MDT,MEDTRONIC PUBLIC LIMITED COMPANY,Health Care,2026-03-31,-0.098
MOH,"MOLINA HEALTHCARE, INC.",Health Care,2026-03-31,-0.2319
MRK,"MERCK & CO., INC.",Health Care,2026-03-31,0.1428
MRNA,"MODERNA, INC.",Health Care,2026-03-31,0.7226
MTD,METTLER-TOLEDO INTERNATIONAL INC.,Health Care,2026-03-31,-0.0954
PFE,PFIZER INC.,Health Care,2026-03-31,0.1277
PODD,INSULET ,Health Care,2026-03-31,-0.2618
REGN,"REGENERON PHARMACEUTICALS, INC.",Health Care,2026-03-31,0.001
RMD,RESMED INC.,Health Care,2026-03-31,-0.068
RVTY,"REVVITY, INC.",Health Care,2026-03-31,-0.0945
SOLV,SOLVENTUM ,Health Care,2026-03-31,-0.1759
STE,STERIS PUBLIC LIMITED COMPANY,Health Care,2026-03-31,-0.1278
SYK,STRYKER ,Health Care,2026-03-31,-0.0651
TECH,BIO-TECHNE ,Health Care,2026-03-31,-0.1114
TMO,THERMO FISHER SCIENTIFIC INC.,Health Care,2026-03-31,-0.1517
UHS,"UNIVERSAL HEALTH SERVICES, INC.",Health Care,2026-03-31,-0.1791
UNH,UNITEDHEALTH GROUP INC.,Health Care,2026-03-31,-0.1803
VRTX,VERTEX PHARMACEUTICALS INC.,Health Care,2026-03-31,-0.015
VTRS,VIATRIS INC.,Health Care,2026-03-31,0.0851
WAT,WATERS ,Health Care,2026-03-31,-0.216
WST,"WEST PHARMACEUTICAL SERVICES, INC.",Health Care,2026-03-31,-0.089
ZBH,"ZIMMER BIOMET HOLDINGS, INC.",Health Care,2026-03-31,0.0056
ZTS,ZOETIS INC.,Health Care,2026-03-31,-0.0605
ADP,"AUTOMATIC DATA PROCESSING, INC.",Industrials,2026-03-31,-0.2101
ALLE,ALLEGION PUBLIC LIMITED COMPANY,Industrials,2026-03-31,-0.0875
AME,"AMETEK, INC.",Industrials,2026-03-31,0.0441
AOS,A. O. SMITH ,Industrials,2026-03-31,-0.0141
AXON,"AXON ENTERPRISE, INC.",Industrials,2026-03-31,-0.2522
BA,THE BOEING COMPANY,Industrials,2026-03-31,-0.0833
BLDR,"BUILDERS FIRSTSOURCE, INC.",Industrials,2026-03-31,-0.1998
BR,"BROADRIDGE FINANCIAL SOLUTIONS, INC.",Industrials,2026-03-31,-0.2719
CARR,CARRIER GLOBAL ,Industrials,2026-03-31,0.0657
CAT,CATERPILLAR INC.,Industrials,2026-03-31,0.2367
CHRW,"C.H. ROBINSON WORLDWIDE, INC.",Industrials,2026-03-31,0.033
CMI,CUMMINS INC.,Industrials,2026-03-31,0.054
CPRT,"COPART, INC.",Industrials,2026-03-31,-0.152
CSX,CSX ,Industrials,2026-03-31,0.1324
CTAS,CINTAS ,Industrials,2026-03-31,-0.1007
DAL,"DELTA AIR LINES, INC.",Industrials,2026-03-31,-0.0421
DE,DEERE & COMPANY,Industrials,2026-03-31,0.2099
DOV,DOVER ,Industrials,2026-03-31,0.0677
EFX,EQUIFAX INC.,Industrials,2026-03-31,-0.1701
EME,"EMCOR GROUP, INC.",Industrials,2026-03-31,0.2068
EMR,EMERSON ELECTRIC CO.,Industrials,2026-03-31,-0.0128
ETN,EATON  PUBLIC LIMITED COMPANY,Industrials,2026-03-31,0.1229
EXPD,EXPEDITORS INTERNATIONAL OF WASHINGTON,Industrials,2026-03-31,-0.0388
FAST,FASTENAL COMPANY,Industrials,2026-03-31,0.1562
FDX,FEDEX ,Industrials,2026-03-31,0.2331
FIX,"COMFORT SYSTEMS USA, INC.",Industrials,2026-03-31,0.4776
FTV,FORTIVE ,Industrials,2026-03-31,0.0013
GD,GENERAL DYNAMICS ,Industrials,2026-03-31,0.0195
GE,GENERAL ELECTRIC COMPANY,Industrials,2026-03-31,-0.0788
GEV,GE VERNOVA INC.,Industrials,2026-03-31,0.3356
GNRC,GENERAC HOLDINGS INC.,Industrials,2026-03-31,0.4324
GWW,"W.W. GRAINGER, INC.",Industrials,2026-03-31,0.081
HII,"HUNTINGTON INGALLS INDUSTRIES, INC.",Industrials,2026-03-31,0.1171
HON,HONEYWELL INTERNATIONAL INC.,Industrials,2026-03-31,0.1586
HUBB,HUBBELL INC.,Industrials,2026-03-31,0.105
HWM,HOWMET AEROSPACE INC.,Industrials,2026-03-31,0.1241
IEX,IDEX ,Industrials,2026-03-31,0.0652
IR,INGERSOLL RAND INC.,Industrials,2026-03-31,0.0114
ITW,ILLINOIS TOOL WORKS INC.,Industrials,2026-03-31,0.0568
J,JACOBS SOLUTIONS INC.,Industrials,2026-03-31,-0.0391
JBHT,"J. B. HUNT TRANSPORT SERVICES, INC.",Industrials,2026-03-31,0.0904
JCI,JOHNSON CONTROLS INTERNATIONAL PLC,Industrials,2026-03-31,0.0935
LDOS,"LEIDOS HOLDINGS, INC.",Industrials,2026-03-31,-0.1379
LHX,"L3HARRIS TECHNOLOGIES, INC.",Industrials,2026-03-31,0.1757
LII,LENNOX INTERNATIONAL INC.,Industrials,2026-03-31,-0.0442
LMT,LOCKHEED MARTIN ,Industrials,2026-03-31,0.2496
LUV,SOUTHWEST AIRLINES CO.,Industrials,2026-03-31,-0.091
MAS,MASCO ,Industrials,2026-03-31,-0.0487
MMM,3M COMPANY,Industrials,2026-03-31,-0.0929
NDSN,NORDSON ,Industrials,2026-03-31,0.1066
NOC,NORTHROP GRUMMAN ,Industrials,2026-03-31,0.1965
NSC,NORFOLK SOUTHERN ,Industrials,2026-03-31,-0.006
ODFL,"OLD DOMINION FREIGHT LINE, INC.",Industrials,2026-03-31,0.2462
OTIS,OTIS WORLDWIDE ,Industrials,2026-03-31,-0.1176
PAYC,"PAYCOM SOFTWARE, INC.",Industrials,2026-03-31,-0.2373
PAYX,"PAYCHEX, INC.",Industrials,2026-03-31,-0.1788
PCAR,PACCAR INC,Industrials,2026-03-31,0.0547
PH,PARKER-HANNIFIN ,Industrials,2026-03-31,0.0185
PNR,PENTAIR PUBLIC LIMITED COMPANY,Industrials,2026-03-31,-0.1635
PWR,"QUANTA SERVICES, INC.",Industrials,2026-03-31,0.3008
ROK,"ROCKWELL AUTOMATION, INC.",Industrials,2026-03-31,-0.0776
ROL,"ROLLINS, INC.",Industrials,2026-03-31,-0.1101
RSG,"REPUBLIC SERVICES, INC.",Industrials,2026-03-31,0.0335
RTX,RTX ,Industrials,2026-03-31,0.0518
SNA,SNAP-ON INC.,Industrials,2026-03-31,0.054
SWK,"STANLEY BLACK & DECKER, INC.",Industrials,2026-03-31,-0.0433
TDG,TRANSDIGM GROUP INC.,Industrials,2026-03-31,-0.1285
TT,TRANE TECHNOLOGIES PLC,Industrials,2026-03-31,0.0708
TXT,TEXTRON INC.,Industrials,2026-03-31,0.0045
UAL,"UNITED AIRLINES HOLDINGS, INC.",Industrials,2026-03-31,-0.1766
UBER,"UBER TECHNOLOGIES, INC.",Industrials,2026-03-31,-0.1197
UNP,UNION PACIFIC ,Industrials,2026-03-31,0.0489
UPS,"UNITED PARCEL SERVICE, INC.",Industrials,2026-03-31,-0.0082
URI,"UNITED RENTALS, INC.",Industrials,2026-03-31,-0.0998
VLTO,VERALTO ,Industrials,2026-03-31,-0.1139
VRSK,"VERISK ANALYTICS, INC.",Industrials,2026-03-31,-0.1517
WAB,WESTINGHOUSE AIR BRAKE TECHNOLOGIES ,Industrials,2026-03-31,0.1708
WM,"WASTE MANAGEMENT, INC.",Industrials,2026-03-31,0.0459
XYL,XYLEM INC.,Industrials,2026-03-31,-0.1225
AAPL,APPLE INC.,Information Technology,2026-03-31,-0.0665
ACN,ACCENTURE PUBLIC LIMITED COMPANY,Information Technology,2026-03-31,-0.2609
ADBE,ADOBE INC.,Information Technology,2026-03-31,-0.3055
ADI,"ANALOG DEVICES, INC.",Information Technology,2026-03-31,0.1731
ADSK,"AUTODESK, INC.",Information Technology,2026-03-31,-0.1912
AKAM,"AKAMAI TECHNOLOGIES, INC.",Information Technology,2026-03-31,0.3163
AMAT,"APPLIED MATERIALS, INC.",Information Technology,2026-03-31,0.33
AMD,"ADVANCED MICRO DEVICES, INC.",Information Technology,2026-03-31,-0.0501
ANET,"ARISTA NETWORKS, INC.",Information Technology,2026-03-31,-0.063
APH,AMPHENOL ,Information Technology,2026-03-31,-0.065
APP,APPLOVIN CORP,Information Technology,2026-03-31,-0.4093
AVGO,BROADCOM INC.,Information Technology,2026-03-31,-0.1057
CDNS,"CADENCE DESIGN SYSTEMS, INC.",Information Technology,2026-03-31,-0.111
CDW,CDW ,Information Technology,2026-03-31,-0.1115
CIEN,CIENA CORPORATION,Information Technology,2026-03-31,0.66
CRM,"SALESFORCE, INC.",Information Technology,2026-03-31,-0.2953
CRWD,"CROWDSTRIKE HOLDINGS, INC.",Information Technology,2026-03-31,-0.1671
CSCO,"CISCO SYSTEMS, INC.",Information Technology,2026-03-31,0.0073
CTSH,COGNIZANT TECHNOLOGY SOLUTIONS ,Information Technology,2026-03-31,-0.2608
DDOG,"DATADOG, INC.",Information Technology,2026-03-31,-0.1319
DELL,DELL TECHNOLOGIES INC.,Information Technology,2026-03-31,0.3039
EPAM,"EPAM SYSTEMS, INC.",Information Technology,2026-03-31,-0.3391
FFIV,"F5, INC.",Information Technology,2026-03-31,0.1335
FICO,FAIR ISAAC ,Information Technology,2026-03-31,-0.3686
FSLR,"FIRST SOLAR, INC.",Information Technology,2026-03-31,-0.2449
FTNT,"FORTINET, INC.",Information Technology,2026-03-31,0.0291
GDDY,GODADDY INC.,Information Technology,2026-03-31,-0.3337
GEN,GEN DIGITAL INC.,Information Technology,2026-03-31,-0.3075
GLW,CORNING INC.,Information Technology,2026-03-31,0.5529
HPE,HEWLETT PACKARD ENTERPRISE COMPANY,Information Technology,2026-03-31,-0.0087
HPQ,HP INC.,Information Technology,2026-03-31,-0.1378
IBM,INTERNATIONAL BUSINESS MACHINES ,Information Technology,2026-03-31,-0.1817
INTC,INTEL ,Information Technology,2026-03-31,0.1959
INTU,INTUIT INC.,Information Technology,2026-03-31,-0.3473
IT,"GARTNER, INC.",Information Technology,2026-03-31,-0.3724
JBL,JABIL INC.,Information Technology,2026-03-31,0.1649
KEYS,"KEYSIGHT TECHNOLOGIES, INC.",Information Technology,2026-03-31,0.3897
KLAC,KLA ,Information Technology,2026-03-31,0.2118
LRCX,LAM RESEARCH ,Information Technology,2026-03-31,0.2482
MCHP,MICROCHIP TECHNOLOGY INC.,Information Technology,2026-03-31,0.014
MPWR,"MONOLITHIC POWER SYSTEMS, INC.",Information Technology,2026-03-31,0.2063
MSFT,MICROSOFT ,Information Technology,2026-03-31,-0.2346
MSI,"MOTOROLA SOLUTIONS, INC.",Information Technology,2026-03-31,0.1321
MU,"MICRON TECHNOLOGY, INC.",Information Technology,2026-03-31,0.1837
NOW,"SERVICENOW, INC.",Information Technology,2026-03-31,-0.3175
NTAP,"NETAPP, INC.",Information Technology,2026-03-31,-0.0439
NVDA,NVIDIA ,Information Technology,2026-03-31,-0.0649
NXPI,NXP SEMICONDUCTORS NV,Information Technology,2026-03-31,-0.0931
ON,ON SEMICONDUCTOR ,Information Technology,2026-03-31,0.1435
ORCL,ORACLE ,Information Technology,2026-03-31,-0.2452
PANW,"PALO ALTO NETWORKS, INC.",Information Technology,2026-03-31,-0.1296
PLTR,PALANTIR TECHNOLOGIES INC.,Information Technology,2026-03-31,-0.177
PTC,PTC INC.,Information Technology,2026-03-31,-0.1821
Q,"QNITY ELECTRONICS, INC.",Information Technology,2026-03-31,0.4131
QCOM,QUALCOMM INC.,Information Technology,2026-03-31,-0.2471
ROP,"ROPER TECHNOLOGIES, INC.",Information Technology,2026-03-31,-0.205
SMCI,"SUPER MICRO COMPUTER, INC.",Information Technology,2026-03-31,-0.2221
SNDK,SANDISK CORPORATION,Information Technology,2026-03-31,1.6765
SNPS,"SYNOPSYS, INC.",Information Technology,2026-03-31,-0.1559
STX,SEAGATE TECHNOLOGY HOLDINGS,Information Technology,2026-03-31,0.4226
SWKS,"SKYWORKS SOLUTIONS, INC.",Information Technology,2026-03-31,-0.1555
TDY,TELEDYNE TECHNOLOGIES INC.,Information Technology,2026-03-31,0.1846
TEL,TE CONNECTIVITY LTD,Information Technology,2026-03-31,-0.0813
TER,"TERADYNE, INC.",Information Technology,2026-03-31,0.5316
TRMB,TRIMBLE INC.,Information Technology,2026-03-31,-0.1675
TXN,TEXAS INSTRUMENTS INC.,Information Technology,2026-03-31,0.119
TYL,"TYLER TECHNOLOGIES, INC.",Information Technology,2026-03-31,-0.2458
VRSN,"VERISIGN, INC.",Information Technology,2026-03-31,0.0223
WDAY,"WORKDAY, INC.",Information Technology,2026-03-31,-0.3951
WDC,WESTERN DIGITAL ,Information Technology,2026-03-31,0.5702
ZBRA,ZEBRA TECHNOLOGIES ,Information Technology,2026-03-31,-0.139
ALB,ALBEMARLE ,Materials,2026-03-31,0.2693
AMCR,AMCOR PLC,Materials,2026-03-31,-0.0468
APD,"AIR PRODUCTS AND CHEMICALS, INC.",Materials,2026-03-31,0.176
AVY,AVERY DENNISON ,Materials,2026-03-31,-0.0506
BALL,BALL ,Materials,2026-03-31,0.1159
CF,"CF INDUSTRIES HOLDINGS, INC.",Materials,2026-03-31,0.6788
CRH,CRH PUBLIC LIMITED COMPANY,Materials,2026-03-31,-0.1577
CTVA,"CORTEVA, INC.",Materials,2026-03-31,0.2488
DD,"DUPONT DE NEMOURS, INC.",Materials,2026-03-31,0.1393
DOW,DOW INC.,Materials,2026-03-31,0.7814
ECL,ECOLAB INC.,Materials,2026-03-31,0.0133
FCX,FREEPORT-MCMORAN INC.,Materials,2026-03-31,0.1573
IFF,INTERNATIONAL FLAVORS & FRAGRANCES INC.,Materials,2026-03-31,0.0766
IP,INTERNATIONAL PAPER COMPANY,Materials,2026-03-31,-0.0937
LIN,LINDE PUBLIC LIMITED COMPANY,Materials,2026-03-31,0.1627
LYB,LYONDELLBASELL INDUSTRIES NV,Materials,2026-03-31,0.8605
MLM,"MARTIN MARIETTA MATERIALS, INC.",Materials,2026-03-31,-0.0546
MOS,THE MOSAIC COMPANY,Materials,2026-03-31,0.0585
NEM,NEWMONT ,Materials,2026-03-31,0.0841
NUE,NUCOR ,Materials,2026-03-31,0.0367
PKG,PACKAGING  OF AMERICA,Materials,2026-03-31,0.029
PPG,"PPG INDUSTRIES, INC.",Materials,2026-03-31,0.0431
SHW,THE SHERWIN-WILLIAMS COMPANY,Materials,2026-03-31,-0.0107
STLD,"STEEL DYNAMICS, INC.",Materials,2026-03-31,0.0623
SW,SMURFIT WESTROCK PUBLIC LIMITED COMPANY,Materials,2026-03-31,0.0305
VMC,VULCAN MATERIALS COMPANY,Materials,2026-03-31,-0.0453
AMT,AMERICAN TOWER ,Real Estate,2026-03-31,-0.017
ARE,"ALEXANDRIA REAL ESTATE EQUITIES, INC.",Real Estate,2026-03-31,-0.0515
AVB,"AVALONBAY COMMUNITIES, INC.",Real Estate,2026-03-31,-0.0991
BXP,"BOSTON PROPERTIES, INC.",Real Estate,2026-03-31,-0.2309
CBRE,"CBRE GROUP, INC.",Real Estate,2026-03-31,-0.1575
CCI,CROWN CASTLE INC.,Real Estate,2026-03-31,-0.0851
CPT,CAMDEN PROPERTY TRUST,Real Estate,2026-03-31,-0.1128
CSGP,"COSTAR GROUP, INC.",Real Estate,2026-03-31,-0.4001
DLR,"DIGITAL REALTY TRUST, INC.",Real Estate,2026-03-31,0.1648
DOC,"HEALTHDOC PROPERTIES, INC.",Real Estate,2026-03-31,0.0218
EQIX,"EQUINIX, INC.",Real Estate,2026-03-31,0.2794
EQR,EQUITY RESIDENTIAL,Real Estate,2026-03-31,-0.0617
ESS,"ESSEX PROPERTY TRUST, INC.",Real Estate,2026-03-31,-0.0752
EXR,EXTRA SPACE STORAGE INC.,Real Estate,2026-03-31,0.007
FRT,FEDERAL REALTY INVESTMENT TRUST,Real Estate,2026-03-31,0.0537
HST,"HOST HOTELS & RESORTS, INC.",Real Estate,2026-03-31,0.0807
INVH,INVITATION HOMES INC.,Real Estate,2026-03-31,-0.1058
IRM,IRON MOUNTAIN INC.,Real Estate,2026-03-31,0.2313
KIM,KIMCO REALTY .,Real Estate,2026-03-31,0.1085
MAA,"MID-AMERICA APARTMENT COMMUNITIES, INC.",Real Estate,2026-03-31,-0.1209
O,REALTY INCOME ,Real Estate,2026-03-31,0.0853
PLD,"PROLOGIS, INC.",Real Estate,2026-03-31,0.0354
PSA,PUBLIC STORAGE.,Real Estate,2026-03-31,0.0439
REG,REGENCY CENTERS ,Real Estate,2026-03-31,0.096
SBAC,SBA COMMUNICATIONS ,Real Estate,2026-03-31,-0.1102
SPG,"SIMON PROPERTY GROUP, INC.",Real Estate,2026-03-31,0.0077
UDR,"UDR, INC.",Real Estate,2026-03-31,-0.0791
VICI,VICI PROPERTIES INC.,Real Estate,2026-03-31,-0.0284
VTR,"VENTAS, INC.",Real Estate,2026-03-31,0.0569
WELL,WELLTOWER INC.,Real Estate,2026-03-31,0.0652
WY,WEYERHAEUSER COMPANY,Real Estate,2026-03-31,0.0312
DXY,US DOLLAR INDEX,USD,2026-03-31,0.0159
AEE,AMEREN ,Utilities,2026-03-31,0.1007
AEP,"AMERICAN ELECTRIC POWER COMPANY, INC.",Utilities,2026-03-31,0.1368
AES,THE AES ,Utilities,2026-03-31,-0.0174
ATO,ATMOS ENERGY ,Utilities,2026-03-31,0.102
AWK,"AMERICAN WATER WORKS COMPANY, INC.",Utilities,2026-03-31,0.0428
CEG,CONSTELLATION ENERGY,Utilities,2026-03-31,-0.2095
CMS,CMS ENERGY ,Utilities,2026-03-31,0.1094
CNP,"CENTERPOINT ENERGY, INC.",Utilities,2026-03-31,0.1257
D,"DOMINION ENERGY, INC.",Utilities,2026-03-31,0.0551
DTE,DTE ENERGY COMPANY,Utilities,2026-03-31,0.1337
DUK,DUKE ENERGY ,Utilities,2026-03-31,0.1171
ED,"CONSOLIDATED EDISON, INC.",Utilities,2026-03-31,0.1395
EIX,EDISON INTERNATIONAL,Utilities,2026-03-31,0.2193
ES,EVERSOURCE ENERGY,Utilities,2026-03-31,0.029
ETR,ENTERGY ,Utilities,2026-03-31,0.2156
EVRG,"EVERGY, INC.",Utilities,2026-03-31,0.1301
EXC,EXELON ,Utilities,2026-03-31,0.1246
FE,FIRSTENERGY CORP.,Utilities,2026-03-31,0.1316
LNT,ALLIANT ENERGY ,Utilities,2026-03-31,0.1038
NEE,"NEXTERA ENERGY, INC.",Utilities,2026-03-31,0.157
NI,NISOURCE INC.,Utilities,2026-03-31,0.1173
NRG,"NRG ENERGY, INC.",Utilities,2026-03-31,-0.0823
PCG,PG&E ,Utilities,2026-03-31,0.0933
PEG,PUBLIC SERVICE ENTERPRISE GROUP INC.,Utilities,2026-03-31,0.0081
PNW,PINNACLE WEST CAPITAL ,Utilities,2026-03-31,0.1359
PPL,PPL ,Utilities,2026-03-31,0.0908
SO,THE SOUTHERN COMPANY,Utilities,2026-03-31,0.1069
SRE,SEMPRA,Utilities,2026-03-31,0.1006
VST,VISTRA CORP.,Utilities,2026-03-31,-0.0682
WEC,"WEC ENERGY GROUP, INC.",Utilities,2026-03-31,0.0978
XEL,XCEL ENERGY INC.,Utilities,2026-03-31,0.0755
FVX,5 YR TSY YLD NDX,Yields,2026-03-31,0.0618
TNX,10 Y TSY YLD NDX,Yields,2026-03-31,0.0361
TYX,30 Y TSY YLD NDX,Yields,2026-03-31,0.0103
ASC,ARDMORE SHIPPING ,,2026-03-31,0.44
BTC=F,BITCOIN FUTURES,,2026-03-31,-0.2202
BTI,BRITISH AMERICAN TOBACCO P.L.C.,,2026-03-31,0.0327
BTU,PEABODY ENERGY ,,2026-03-31,0.1094
CALM,"CAL-MAINE FOODS, INC.",,2026-03-31,-0.0053
CANE,TEUCRIUM:SUGAR,,2026-03-31,0.0697
CCJ,CAMECO ,,2026-03-31,0.1871
CMBT,CMB.TECH NV,,2026-03-31,0.3109
CMRE,COSTAMARE INC.,,2026-03-31,0.0703
CNR,"CORE NATURAL RESOURCES, INC.",,2026-03-31,0.1833
COMT,ISHARES:GSCI COMM DYN RS,,2026-03-31,0.3578
CORN,TEUCRIUM:CORN,,2026-03-31,0.0378
CPER,UNITED STATES COPPER IDX,,2026-03-31,-0.0152
CRESY,CRESUD INC.,,2026-03-31,0.0071
DBA,INVESCO DB MS AGRI,,2026-03-31,0.0705
DBB,INVESCO DB MS BMTL,,2026-03-31,0.0244
DBC,INVESCO DB CM IDX,,2026-03-31,0.2947
DHT,"DHT HOLDINGS, INC.",,2026-03-31,0.4963
DIA,SPDR DOW JONES INDUS AVG,,2026-03-31,-0.0362
DJI,DOW JONES INDUSTRIAL AVG INDEX,,2026-03-31,-0.0358
EC,ECOPETROL SA,,2026-03-31,0.496
ECH,ISHARES:MSCI CHILE,,2026-03-31,-0.0158
EDEN,ISHARES:MSCI DENMARK,,2026-03-31,-0.0854
EFNL,ISHARES:MSCI FINLAND,,2026-03-31,0.0243
EIDO,ISHARES:MSCI INDONESIA,,2026-03-31,-0.1556
EIRL,ISHARES:MSCI IRELAND,,2026-03-31,-0.0633
EIS,ISHARES:MSCI ISRAEL,,2026-03-31,0.0546
ENZL,ISHARES:MSCI NEW ZLND,,2026-03-31,-0.0579
EPHE,ISHARES:MSCI PHILIPPINES,,2026-03-31,-0.0036
EPOL,ISHARES:MSCI POLAND,,2026-03-31,0.0347
EPU,ISHARES:MSCI PERU,,2026-03-31,0.1155
ES=F,E-MINI S&P 500 FUTURES,,2026-03-31,-0.0464
EWA,ISHARES:MSCI AUSTRALIA,,2026-03-31,0.0599
EWC,ISHARES:MSCI CANADA,,2026-03-31,0.0159
EWD,ISHARES:MSCI SWEDEN,,2026-03-31,-0.0104
EWG,ISHARES:MSCI GERMANY,,2026-03-31,-0.0666
EWH,ISHARES:MSCI HONG KONG,,2026-03-31,0.0866
EWI,ISHARES:MSCI ITALY,,2026-03-31,-0.0167
EWJ,ISHARES:MSCI JAPAN,,2026-03-31,0.0458
EWK,ISHARES:MSCI BELGIUM,,2026-03-31,0.0004
EWL,ISHARES:MSCI SWITZERLAND,,2026-03-31,-0.0192
EWM,ISHARES:MSCI MALAYSIA,,2026-03-31,0.0384
EWN,ISHARES:MSCI NETHERLANDS,,2026-03-31,0.0084
EWO,ISHARES:MSCI AUSTRIA,,2026-03-31,-0.0006
EWP,ISHARES:MSCI SPAIN,,2026-03-31,0.0074
EWQ,ISHARES:MSCI FRANCE,,2026-03-31,-0.0358
EWS,ISHARES:MSCI SINGAPORE,,2026-03-31,0.0258
EWT,ISHARES:MSCI TAIWAN,,2026-03-31,0.1163
EWU,ISHARES:MSCI UK,,2026-03-31,0.0359
EWW,ISHARES:MSCI MEXICO,,2026-03-31,0.0851
EWY,ISHARES:MSCI S KOREA,,2026-03-31,0.2653
EWZ,ISHARES:MSCI BRAZIL,,2026-03-31,0.2084
FRO,FRONTLINE PLC,,2026-03-31,0.5976
FTI,TECHNIPFMC PLC,,2026-03-31,0.5514
FXA,INVESCO:AU DOLLAR,,2026-03-31,0.0343
FXB,INVESCO:GBP STERLING,,2026-03-31,-0.0185
FXC,INVESCO:CANADIAN DOLLAR,,2026-03-31,-0.0132
FXE,INVESCO:EURO,,2026-03-31,-0.0163
FXY,INVESCO:JAPANESE YEN,,2026-03-31,-0.0135
GDX,VANECK:GOLD MINERS,,2026-03-31,0.07
GDXJ,VANECK:JR GOLD MINERS,,2026-03-31,0.055
GEOS,GEOSPACE TECHNOLOGIES ,,2026-03-31,-0.2785
GGB,GERDAU SA,,2026-03-31,-0.0217
GLATF,GLOBAL ATOMIC ,,2026-03-31,0.0556
GNK,GENCO SHIPPING & TRADING LIMITED,,2026-03-31,0.2235
GREK,GLBL X MSCI GREECE,,2026-03-31,-0.031
HLX,"HELIX ENERGY SOLUTIONS GROUP, INC.",,2026-03-31,0.5774
HYD,VANECK:HIGH YIELD MUNI,,2026-03-31,-0.0192
ICL,ICL GROUP LTD,,2026-03-31,-0.0928
INDA,ISHARES:MSCI INDIA,,2026-03-31,-0.1334
IWD,ISHARES:RUSS 1000 VL ETF,,2026-03-31,0.0158
IWF,ISHARES:RUSS 1000 GR ETF,,2026-03-31,-0.0991
IWM,ISHARES:RUSS 2000 ETF,,2026-03-31,0.0075
JNK,SPDR BBG HIGH YIELD BD,,2026-03-31,-0.0153
MCHI,ISHARES:MSCI CHINA,,2026-03-31,-0.0648
MDY,SPDR S&P MIDCAP 400 ETF,,2026-03-31,0.0223
MP,MP MATERIALS CORP,,2026-03-31,-0.0447
MTUM,ISHARES:MSCI USA MOM FCT,,2026-03-31,-0.0412
MUB,ISHARES:NATL MUNI BOND,,2026-03-31,-0.009
NDX,NASDAQ 100 INDEX,,2026-03-31,-0.0598
NORW,GLBL X MSCI NORWAY ETF,,2026-03-31,0.272
NOV,NOV INC.,,2026-03-31,0.2035
NQ=F,NASDAQ 100 FUTURES,,2026-03-31,-0.0586
OEF,ISHARES:S&P 100,,2026-03-31,-0.0726
PAM,PAMPA ENERGIA SA,,2026-03-31,-0.0001
PBR,BRAZILIAN PETROLEUM  - PETROBRAS,,2026-03-31,0.7511
PFF,ISHARES:PREF AND INC SEC,,2026-03-31,-0.0207
POWA,INVESCO BLOOMBERG PRICING POWER,,2026-03-31,-0.0421
PPLT,ABRDN:PHYSICAL PLATINUM,,2026-03-31,-0.044
QAT,ISHARES:MSCI QATAR,,2026-03-31,-0.0117
QQQ,INVESCO QQQ TRUST 1,,2026-03-31,-0.0604
QUAL,ISHARES:MSCI USA QF,,2026-03-31,-0.0343
RIG,TRANSOCEAN LTD,,2026-03-31,0.6053
ROKU,"ROKU, INC.",,2026-03-31,-0.1278
RSP,INVESCO S&P500 EWGHT,,2026-03-31,0.0019
RUT,RUSSELL 2000 INDEX,,2026-03-31,0.0058
SBLK,STAR BULK CARRIERS CORP.,,2026-03-31,0.1951
SCHP,SCHWAB STR:US TIPS,,2026-03-31,0.0045
SD,"SANDRIDGE ENERGY, INC.",,2026-03-31,0.1303
SDY,SPDR S&P DIVIDEND,,2026-03-31,0.0487
SILJ,ETFMG PRIME JR SILVR MNR,,2026-03-31,0.0741
SLV,ISHARES:SILVER TRUST,,2026-03-31,0.0577
SM,SM ENERGY COMPANY,,2026-03-31,0.6674
SMH,VANECK:SEMICONDUCTOR,,2026-03-31,0.0646
SOYB,TEUCRIUM:SOYBEAN,,2026-03-31,0.1162
SPHB,INVESCO S&P500 HI BE,,2026-03-31,-0.0087
SPLV,INVESCO S&P500 LOWVL,,2026-03-31,0.0241
SPX,S&P 500 INDEX,,2026-03-31,-0.0463
SPY,SPDR S&P 500 ETF,,2026-03-31,-0.0463
STLA,STELLANTIS NV,,2026-03-31,-0.3489
STNG,SCORPIO TANKERS INC.,,2026-03-31,0.4688
TAGS,TEUCRIUM:AGRICULTURAL,,2026-03-31,0.1065
TDW,TIDEWATER INC.,,2026-03-31,0.6541
TECK,TECK RESOURCES LIMITED,,2026-03-31,0.0806
THD,ISHARES:MSCI THAI,,2026-03-31,0.1627
TS,TENARIS SA,,2026-03-31,0.5131
TUR,ISHARES:MSCI TURKEY,,2026-03-31,0.1229
URA,GLBL X URANIUM ETF,,2026-03-31,0.1334
URNM,SPROTT URANIUM MINERS,,2026-03-31,0.1505
UUP,INVESCO DB USD IDX BL,,2026-03-31,0.0277
VAL,VALARIS LIMITED,,2026-03-31,0.9452
VIX,CBOE MKT VOLATILITY IDX,,2026-03-31,0.689
VNM,VANECK:VIETNAM,,2026-03-31,-0.0928
VXN,CBOE NASDAQ MKT VOL NDX,,2026-03-31,0.4438
WEAT,TEUCRIUM:WHEAT,,2026-03-31,0.1803
XES,SPDR S&P OIL&GAS E&S,,2026-03-31,0.4192
XLB,SEL SECTOR:MATRLS SPDR,,2026-03-31,0.1019
XLC,SEL SECTOR:COMM SVC SPDR,,2026-03-31,-0.0583
XLE,SEL SECTOR:ENERGY SPDR,,2026-03-31,0.3702
XLF,SEL SECTOR:FINL S SPDR,,2026-03-31,-0.0986
XLI,SEL SECTOR:INDUST SPDR,,2026-03-31,0.0426
XLK,SEL SECTOR:TECH SPDR,,2026-03-31,-0.0769
XLP,SEL SECTOR:C STP SPDR,,2026-03-31,0.0554
XLRE,SEL SECTOR:RL EST SPDR,,2026-03-31,0.0119
XLU,SEL SECTOR:UTIL SPDR,,2026-03-31,0.075
XLV,SEL SECTOR:H CARE SPDR,,2026-03-31,-0.0529
XLY,SEL SECTOR:C DSC SPDR,,2026-03-31,-0.0873
XOP,SPDR S&P OIL&GAS EXP,,2026-03-31,0.4401
