Ticker,Ticker_name,Exposure,Date,day_pct_change
EDV,VANGUARD EXT DUR T;ETF,Bonds,2026-03-31,-0.0029
HYG,ISHARES:IBOXX $HY CORP,Bonds,2026-03-31,0.0095
IEF,ISHARES:7-10 TRS BD ETF,Bonds,2026-03-31,0.0018
LQD,ISHARES:IBOXX $IG CORP,Bonds,2026-03-31,0.0063
SHY,ISHARES:1-3 TRS BD ETF,Bonds,2026-03-31,0.0008
STIP,ISHARES:0-5 TIPS BD ETF,Bonds,2026-03-31,0.0005
TIP,ISHARES:TIPS BD ETF,Bonds,2026-03-31,0.0001
TLT,ISHARES:20+ TRS BD ETF,Bonds,2026-03-31,-0.001
CHTR,"CHARTER COMMUNICATIONS, INC.",Communication Services,2026-03-31,-0.0229
CMCSA,COMCAST ,Communication Services,2026-03-31,-0.0066
DIS,THE WALT DISNEY COMPANY,Communication Services,2026-03-31,0.0218
EA,ELECTRONIC ARTS INC.,Communication Services,2026-03-31,0.0064
FOXA,FOX ,Communication Services,2026-03-31,-0.0123
GOOGL,ALPHABET INC.,Communication Services,2026-03-31,0.0514
LYV,"LIVE NATION ENTERTAINMENT, INC.",Communication Services,2026-03-31,0.0257
META,"META PLATFORMS, INC.",Communication Services,2026-03-31,0.0667
MTCH,"MATCH GROUP, INC.",Communication Services,2026-03-31,0.0186
NFLX,"NETFLIX, INC.",Communication Services,2026-03-31,0.0342
NWSA,NEWS CORP.,Communication Services,2026-03-31,0.0061
OMC,OMNICOM GROUP INC.,Communication Services,2026-03-31,-0.0001
PSKY,PARAMOUNT SKYDANCE ,Communication Services,2026-03-31,0.0112
T,AT&T INC.,Communication Services,2026-03-31,0.0073
TKO,"TKO GROUP HOLDINGS, INC.",Communication Services,2026-03-31,0.0319
TMUS,"T-MOBILE US, INC.",Communication Services,2026-03-31,-0.0183
TTD,"THE TRADE DESK, INC.",Communication Services,2026-03-31,0.0309
TTWO,"TAKE-TWO INTERACTIVE SOFTWARE, INC.",Communication Services,2026-03-31,0.0229
VZ,VERIZON COMMUNICATIONS INC.,Communication Services,2026-03-31,-0.002
WBD,"WARNER BROS. DISCOVERY, INC.",Communication Services,2026-03-31,0.0137
ABNB,"AIRBNB, INC.",Consumer Discretionary,2026-03-31,0.0258
AMZN,"AMAZON.COM, INC.",Consumer Discretionary,2026-03-31,0.0364
APTV,APTIV PLC,Consumer Discretionary,2026-03-31,0.042
AZO,"AUTOZONE, INC.",Consumer Discretionary,2026-03-31,0.0106
BBY,"BEST BUY CO., INC.",Consumer Discretionary,2026-03-31,0.0045
BKNG,BOOKING HOLDINGS INC.,Consumer Discretionary,2026-03-31,0.0225
CCL,CARNIVAL CORP,Consumer Discretionary,2026-03-31,0.0801
CMG,"CHIPOTLE MEXICAN GRILL, INC.",Consumer Discretionary,2026-03-31,0.0273
CVNA,CARVANA CO.,Consumer Discretionary,2026-03-31,0.0811
DASH,"DOORDASH, INC.",Consumer Discretionary,2026-03-31,0.0145
DECK,DECKERS OUTDOOR ,Consumer Discretionary,2026-03-31,0.0539
DHI,"D.R. HORTON, INC.",Consumer Discretionary,2026-03-31,0.0354
DPZ,"DOMINO'S PIZZA, INC.",Consumer Discretionary,2026-03-31,0.0166
DRI,"DARDEN RESTAURANTS, INC.",Consumer Discretionary,2026-03-31,0.0051
EBAY,EBAY INC.,Consumer Discretionary,2026-03-31,0.0342
EXPE,"EXPEDIA GROUP, INC.",Consumer Discretionary,2026-03-31,0.0193
F,FORD MOTOR COMPANY,Consumer Discretionary,2026-03-31,0.0294
GM,GENERAL MOTORS COMPANY,Consumer Discretionary,2026-03-31,0.0239
GPC,GENUINE PARTS COMPANY,Consumer Discretionary,2026-03-31,0.0134
GRMN,GARMIN LTD,Consumer Discretionary,2026-03-31,0.0266
HAS,"HASBRO, INC.",Consumer Discretionary,2026-03-31,0.0471
HD,"THE HOME DEPOT, INC.",Consumer Discretionary,2026-03-31,0.0167
HLT,HILTON WORLDWIDE HOLDINGS INC.,Consumer Discretionary,2026-03-31,0.0277
LEN,LENNAR ,Consumer Discretionary,2026-03-31,0.0231
LOW,"LOWE'S COMPANIES, INC.",Consumer Discretionary,2026-03-31,0.0159
LULU,LULULEMON ATHLETICA INC.,Consumer Discretionary,2026-03-31,0.0499
LVS,LAS VEGAS SANDS CORP.,Consumer Discretionary,2026-03-31,0.0438
MAR,"MARRIOTT INTERNATIONAL, INC.",Consumer Discretionary,2026-03-31,0.0243
MCD,MCDONALD'S ,Consumer Discretionary,2026-03-31,0.0073
MGM,MGM RESORTS INTERNATIONAL,Consumer Discretionary,2026-03-31,0.039
NCLH,NORWEGIAN CRUISE LINE HOLDINGS LTD.,Consumer Discretionary,2026-03-31,0.0595
NKE,"NIKE, INC.",Consumer Discretionary,2026-03-31,0.0308
NVR,"NVR, INC.",Consumer Discretionary,2026-03-31,0.0139
ORLY,"O'REILLY AUTOMOTIVE, INC.",Consumer Discretionary,2026-03-31,0.0022
PHM,"PULTEGROUP, INC.",Consumer Discretionary,2026-03-31,0.0342
POOL,POOL ,Consumer Discretionary,2026-03-31,0.0092
RCL,ROYAL CARIBBEAN CRUISES LTD.,Consumer Discretionary,2026-03-31,0.0528
RL,RALPH LAUREN ,Consumer Discretionary,2026-03-31,0.0532
ROST,"ROSS STORES, INC.",Consumer Discretionary,2026-03-31,0.0376
SBUX,STARBUCKS ,Consumer Discretionary,2026-03-31,0.0331
TJX,"THE TJX COMPANIES, INC.",Consumer Discretionary,2026-03-31,0.0251
TPR,"TAPESTRY, INC.",Consumer Discretionary,2026-03-31,0.0306
TSCO,TRACTOR SUPPLY COMPANY,Consumer Discretionary,2026-03-31,-0.0024
TSLA,"TESLA, INC.",Consumer Discretionary,2026-03-31,0.0464
ULTA,"ULTA BEAUTY, INC.",Consumer Discretionary,2026-03-31,0.0247
WSM,"WILLIAMS-SONOMA, INC.",Consumer Discretionary,2026-03-31,0.031
WYNN,"WYNN RESORTS, LIMITED",Consumer Discretionary,2026-03-31,0.0494
YUM,"YUM! BRANDS, INC.",Consumer Discretionary,2026-03-31,0.0058
ADM,ARCHER-DANIELS-MIDLAND COMPANY.,Consumer Staples,2026-03-31,0.0131
BF.B,BROWN-FORMAN ,Consumer Staples,2026-03-31,-0.0101
BG,BUNGE LIMITED,Consumer Staples,2026-03-31,0.0073
CAG,"CONAGRA BRANDS, INC.",Consumer Staples,2026-03-31,-0.0006
CHD,"CHURCH & DWIGHT CO., INC.",Consumer Staples,2026-03-31,-0.0063
CL,COLGATE-PALMOLIVE COMPANY,Consumer Staples,2026-03-31,-0.0058
CLX,THE CLOROX COMPANY,Consumer Staples,2026-03-31,0.0118
COST,COSTCO WHOLESALE ,Consumer Staples,2026-03-31,-0.0002
CPB,CAMPBELL SOUP COMPANY,Consumer Staples,2026-03-31,0.0041
DG,DOLLAR GENERAL ,Consumer Staples,2026-03-31,0.0076
DLTR,"DOLLAR TREE, INC.",Consumer Staples,2026-03-31,0.0357
EL,THE ESTEE LAUDER COMPANIES INC.,Consumer Staples,2026-03-31,0.0558
GIS,"GENERAL MILLS, INC.",Consumer Staples,2026-03-31,0.003
HRL,HORMEL FOODS ,Consumer Staples,2026-03-31,-0.0161
HSY,THE HERSHEY COMPANY,Consumer Staples,2026-03-31,-0.0265
KDP,KEURIG DR PEPPER INC.,Consumer Staples,2026-03-31,-0.0045
KHC,THE KRAFT HEINZ COMPANY,Consumer Staples,2026-03-31,0.0067
KMB,KIMBERLY-CLARK ,Consumer Staples,2026-03-31,0.0012
KO,THE COCA-COLA COMPANY,Consumer Staples,2026-03-31,-0.0029
KR,THE KROGER CO.,Consumer Staples,2026-03-31,-0.0184
KVUE,KENVUE INC.,Consumer Staples,2026-03-31,0.0
LW,"LAMB WESTON HOLDINGS, INC.",Consumer Staples,2026-03-31,0.032
MDLZ,"MONDELEZ INTERNATIONAL, INC.",Consumer Staples,2026-03-31,-0.0105
MKC,"MCCORMICK & COMPANY, INC.",Consumer Staples,2026-03-31,-0.0611
MNST,MONSTER BEVERAGE ,Consumer Staples,2026-03-31,0.016
MO,"ALTRIA GROUP, INC.",Consumer Staples,2026-03-31,-0.0154
PEP,"PEPSICO, INC.",Consumer Staples,2026-03-31,-0.0098
PG,THE PROCTER & GAMBLE COMPANY,Consumer Staples,2026-03-31,-0.0019
PM,PHILIP MORRIS INTERNATIONAL INC.,Consumer Staples,2026-03-31,0.0031
SJM,THE J. M. SMUCKER COMPANY,Consumer Staples,2026-03-31,0.0133
STZ,"CONSTELLATION BRANDS, INC.",Consumer Staples,2026-03-31,-0.0066
SYY,SYSCO ,Consumer Staples,2026-03-31,0.0293
TAP,MOLSON COORS BEVERAGE COMPANY,Consumer Staples,2026-03-31,0.0033
TGT,TARGET ,Consumer Staples,2026-03-31,0.0204
TSN,"TYSON FOODS, INC.",Consumer Staples,2026-03-31,0.0049
WMT,WALMART INC.,Consumer Staples,2026-03-31,0.0063
APA,APA ,Energy,2026-03-31,-0.0297
BKR,BAKER HUGHES COMPANY,Energy,2026-03-31,0.0061
COP,CONOCOPHILLIPS,Energy,2026-03-31,-0.0067
CTRA,COTERRA ENERGY INC.,Energy,2026-03-31,-0.0214
CVX,CHEVRON ,Energy,2026-03-31,-0.0181
DVN,DEVON ENERGY ,Energy,2026-03-31,-0.0233
EOG,"EOG RESOURCES, INC.",Energy,2026-03-31,-0.0355
EQT,EQT ,Energy,2026-03-31,-0.0124
EXE,EXPAND ENERGY ,Energy,2026-03-31,-0.015
FANG,"DIAMONDBACK ENERGY, INC.",Energy,2026-03-31,-0.0043
HAL,HALLIBURTON COMPANY,Energy,2026-03-31,-0.0069
KMI,"KINDER MORGAN, INC.",Energy,2026-03-31,-0.0036
MPC,MARATHON PETROLEUM ,Energy,2026-03-31,-0.004
OKE,"ONEOK, INC.",Energy,2026-03-31,-0.0276
OXY,OCCIDENTAL PETROLEUM ,Energy,2026-03-31,-0.0187
PSX,PHILLIPS 66,Energy,2026-03-31,-0.0142
SLB,SCHLUMBERGER N.V.,Energy,2026-03-31,-0.0027
TPL,TEXAS PACIFIC LAND ,Energy,2026-03-31,0.0154
TRGP,TARGA RESOURCES CORP.,Energy,2026-03-31,0.0106
VLO,VALERO ENERGY ,Energy,2026-03-31,-0.0127
WMB,"THE WILLIAMS COMPANIES, INC.",Energy,2026-03-31,0.0043
XOM,EXXON MOBIL ,Energy,2026-03-31,-0.0106
UNG,UNITED STATES NAT GAS,Energy Complex,2026-03-31,0.0043
USO,UNITED STATES OIL FUND,Energy Complex,2026-03-31,-0.0199
ACGL,ARCH CAPITAL GROUP LTD.,Financials,2026-03-31,0.0039
AFL,AFLAC INC.,Financials,2026-03-31,0.0142
AIG,"AMERICAN INTERNATIONAL GROUP, INC.",Financials,2026-03-31,0.0162
AIZ,"ASSURANT, INC.",Financials,2026-03-31,0.0079
AJG,ARTHUR J. GALLAGHER & CO.,Financials,2026-03-31,0.0029
ALL,THE ALLSTATE ,Financials,2026-03-31,0.0003
AMP,"AMERIPRISE FINANCIAL, INC.",Financials,2026-03-31,0.0136
AON,AON PLC,Financials,2026-03-31,-0.004
APO,"APOLLO GLOBAL MANAGEMENT, INC.",Financials,2026-03-31,0.0134
ARES,ARES MANAGEMENT CORP,Financials,2026-03-31,0.0134
AXP,AMERICAN EXPRESS COMPANY,Financials,2026-03-31,0.0168
BAC,BANK OF AMERICA ,Financials,2026-03-31,0.0322
BEN,"FRANKLIN RESOURCES, INC.",Financials,2026-03-31,0.031
BK,THE BANK OF NEW YORK MELLON ,Financials,2026-03-31,0.03
BLK,"BLACKROCK, INC.",Financials,2026-03-31,0.0296
BRK.B,"BERKSHIRE HATHAWAY INC.,",Financials,2026-03-31,0.0096
BRO,"BROWN & BROWN, INC.",Financials,2026-03-31,-0.0008
BX,BLACKSTONE INC,Financials,2026-03-31,0.0304
C,CITIGROUP INC.,Financials,2026-03-31,0.0572
CB,CHUBB LTD,Financials,2026-03-31,0.0018
CBOE,"CBOE GLOBAL MARKETS, INC.",Financials,2026-03-31,-0.0044
CFG,"CITIZENS FINANCIAL GROUP, INC.",Financials,2026-03-31,0.0439
CINF,CINCINNATI FINANCIAL ,Financials,2026-03-31,0.0059
CME,CME GROUP INC.,Financials,2026-03-31,-0.0075
COF,CAPITAL ONE FINANCIAL ,Financials,2026-03-31,0.0241
COIN,"COINBASE GLOBAL, INC.",Financials,2026-03-31,0.086
CPAY,"FLEETCOR TECHNOLOGIES, INC.",Financials,2026-03-31,0.0022
EG,"EVEREST GROUP, LTD.",Financials,2026-03-31,0.0109
ERIE,ERIE INDEMNITY COMPANY,Financials,2026-03-31,0.0134
FDS,FACTSET RESEARCH SYSTEMS INC.,Financials,2026-03-31,0.0608
FIS,FIDELITY NATIONAL INFORMATION SERVICES,Financials,2026-03-31,-0.0114
FISV,"FISERV, INC.",Financials,2026-03-31,0.0233
FITB,FIFTH THIRD BANCORP,Financials,2026-03-31,0.0398
GL,GLOBE LIFE INC.,Financials,2026-03-31,0.0199
GPN,GLOBAL PAYMENTS INC.,Financials,2026-03-31,0.0151
GS,"THE GOLDMAN SACHS GROUP, INC.",Financials,2026-03-31,0.0475
HBAN,HUNTINGTON BANCSHARES INC.,Financials,2026-03-31,0.0419
HIG,THE HARTFORD FINANCIAL SERVICES GROUP,Financials,2026-03-31,0.0059
HOOD,"ROBINHOOD MARKETS, INC.",Financials,2026-03-31,0.0635
IBKR,"INTERACTIVE BROKERS GROUP, INC.",Financials,2026-03-31,0.0531
ICE,"INTERCONTINENTAL EXCHANGE, INC.",Financials,2026-03-31,0.0022
IVZ,INVESCO LTD.,Financials,2026-03-31,0.0429
JKHY,"JACK HENRY & ASSOCIATES, INC.",Financials,2026-03-31,0.0103
JPM,JPMORGAN CHASE & CO.,Financials,2026-03-31,0.0366
KEY,KEYCORP,Financials,2026-03-31,0.0335
KKR,KKR & CO. INC.,Financials,2026-03-31,0.0237
L,LOEWS ,Financials,2026-03-31,0.0086
MA,MASTERCARD INC..,Financials,2026-03-31,0.0115
MCO,MOODY'S ,Financials,2026-03-31,0.0097
MET,"METLIFE, INC.",Financials,2026-03-31,0.0359
MRSH,"MARSH & MCLENNAN COMPANIES, INC.",Financials,2026-03-31,-0.0073
MS,MORGAN STANLEY,Financials,2026-03-31,0.0391
MSCI,MSCI INC.,Financials,2026-03-31,0.0134
MTB,M&T BANK ,Financials,2026-03-31,0.0278
NDAQ,"NASDAQ, INC.",Financials,2026-03-31,0.0164
NTRS,NORTHERN TRUST ,Financials,2026-03-31,0.0245
PFG,"PRINCIPAL FINANCIAL GROUP, INC.",Financials,2026-03-31,0.0213
PGR,THE PROGRESSIVE ,Financials,2026-03-31,-0.0156
PNC,"THE PNC FINANCIAL SERVICES GROUP, INC.",Financials,2026-03-31,0.0319
PRU,"PRUDENTIAL FINANCIAL, INC.",Financials,2026-03-31,0.034
PYPL,"PAYPAL HOLDINGS, INC.",Financials,2026-03-31,0.0125
RF,REGIONS FINANCIAL ,Financials,2026-03-31,0.0349
RJF,"RAYMOND JAMES FINANCIAL, INC.",Financials,2026-03-31,0.0277
SCHW,THE CHARLES SCHWAB ,Financials,2026-03-31,0.0099
SPGI,S&P GLOBAL INC.,Financials,2026-03-31,0.0186
STT,STATE STREET ,Financials,2026-03-31,0.0254
SYF,SYNCHRONY FINANCIAL,Financials,2026-03-31,0.0305
TFC,TRUIST FINANCIAL ,Financials,2026-03-31,0.0298
TROW,"T. ROWE PRICE GROUP, INC.",Financials,2026-03-31,0.0125
TRV,"THE TRAVELERS COMPANIES, INC.",Financials,2026-03-31,-0.0005
USB,U.S. BANCORP,Financials,2026-03-31,0.0222
V,VISA INC.,Financials,2026-03-31,0.009
WFC,WELLS FARGO & COMPANY,Financials,2026-03-31,0.0366
WRB,W. R. BERKLEY ,Financials,2026-03-31,0.0005
WTW,WILLIS TOWERS WATSON,Financials,2026-03-31,0.0034
XYZ,"BLOCK, INC.",Financials,2026-03-31,0.0552
GLD,SPDR GOLD,Gold,2026-03-31,0.0379
A,"AGILENT TECHNOLOGIES, INC.",Health Care,2026-03-31,0.0176
ABBV,ABBVIE INC.,Health Care,2026-03-31,0.0205
ABT,ABBOTT LABORATORIES,Health Care,2026-03-31,0.0078
ALGN,"ALIGN TECHNOLOGY, INC.",Health Care,2026-03-31,0.0311
AMGN,AMGEN INC.,Health Care,2026-03-31,0.0082
BAX,BAXTER INTERNATIONAL INC.,Health Care,2026-03-31,0.0633
BDX,"BECTON, DICKINSON AND COMPANY",Health Care,2026-03-31,0.0164
BIIB,BIOGEN INC.,Health Care,2026-03-31,-0.0226
BMY,BRISTOL-MYERS SQUIBB COMPANY,Health Care,2026-03-31,0.0154
BSX,BOSTON SCIENTIFIC ,Health Care,2026-03-31,-0.0029
CAH,"CARDINAL HEALTH, INC.",Health Care,2026-03-31,0.0242
CI,THE CIGNA GROUP,Health Care,2026-03-31,0.0336
CNC,CENTENE ,Health Care,2026-03-31,0.0296
COO,"THE COOPER COMPANIES, INC.",Health Care,2026-03-31,0.0316
COR,"CENCORA, INC.",Health Care,2026-03-31,0.0136
CRL,CHARLES RIVER LABORATORIES,Health Care,2026-03-31,0.08
CVS,CVS HEALTH ,Health Care,2026-03-31,0.024
DGX,QUEST DIAGNOSTICS INC.,Health Care,2026-03-31,-0.006
DHR,DANAHER ,Health Care,2026-03-31,0.0311
DVA,DAVITA INC.,Health Care,2026-03-31,0.0087
DXCM,"DEXCOM, INC.",Health Care,2026-03-31,0.0145
ELV,"ELEVANCE HEALTH, INC.",Health Care,2026-03-31,0.028
EW,EDWARDS LIFESCIENCES ,Health Care,2026-03-31,0.0073
GEHC,GE HEALTHCARE TECHNOLOGIES INC.,Health Care,2026-03-31,0.035
GILD,"GILEAD SCIENCES, INC.",Health Care,2026-03-31,0.0222
HCA,"HCA HEALTHCARE, INC.",Health Care,2026-03-31,0.0116
HOLX,"HOLOGIC, INC.",Health Care,2026-03-31,0.0005
HSIC,"HENRY SCHEIN, INC.",Health Care,2026-03-31,0.0138
HUM,HUMANA INC.,Health Care,2026-03-31,0.0445
IDXX,"IDEXX LABORATORIES, INC.",Health Care,2026-03-31,0.0086
INCY,INCYTE ,Health Care,2026-03-31,0.042
IQV,IQVIA HOLDINGS INC,Health Care,2026-03-31,0.0264
ISRG,"INTUITIVE SURGICAL, INC.",Health Care,2026-03-31,0.0181
JNJ,JOHNSON & JOHNSON,Health Care,2026-03-31,0.008
LH,LABORATORY  OF AMERICA HOLDINGS,Health Care,2026-03-31,0.0121
LLY,ELI LILLY AND COMPANY,Health Care,2026-03-31,0.0374
MCK,MCKESSON ,Health Care,2026-03-31,0.006
MDT,MEDTRONIC PUBLIC LIMITED COMPANY,Health Care,2026-03-31,0.0106
MOH,"MOLINA HEALTHCARE, INC.",Health Care,2026-03-31,0.0139
MRK,"MERCK & CO., INC.",Health Care,2026-03-31,0.0185
MRNA,"MODERNA, INC.",Health Care,2026-03-31,0.0533
MTD,METTLER-TOLEDO INTERNATIONAL INC.,Health Care,2026-03-31,0.0106
PFE,PFIZER INC.,Health Care,2026-03-31,0.0112
PODD,INSULET ,Health Care,2026-03-31,0.0088
REGN,"REGENERON PHARMACEUTICALS, INC.",Health Care,2026-03-31,0.0312
RMD,RESMED INC.,Health Care,2026-03-31,0.0202
RVTY,"REVVITY, INC.",Health Care,2026-03-31,0.0334
SOLV,SOLVENTUM ,Health Care,2026-03-31,0.0292
STE,STERIS PUBLIC LIMITED COMPANY,Health Care,2026-03-31,0.008
SYK,STRYKER ,Health Care,2026-03-31,0.0076
TECH,BIO-TECHNE ,Health Care,2026-03-31,0.0042
TMO,THERMO FISHER SCIENTIFIC INC.,Health Care,2026-03-31,0.0239
UHS,"UNIVERSAL HEALTH SERVICES, INC.",Health Care,2026-03-31,-0.0172
UNH,UNITEDHEALTH GROUP INC.,Health Care,2026-03-31,0.0336
VRTX,VERTEX PHARMACEUTICALS INC.,Health Care,2026-03-31,0.0076
VTRS,VIATRIS INC.,Health Care,2026-03-31,0.0424
WAT,WATERS ,Health Care,2026-03-31,0.0151
WST,"WEST PHARMACEUTICAL SERVICES, INC.",Health Care,2026-03-31,0.0224
ZBH,"ZIMMER BIOMET HOLDINGS, INC.",Health Care,2026-03-31,0.0203
ZTS,ZOETIS INC.,Health Care,2026-03-31,0.0162
ADP,"AUTOMATIC DATA PROCESSING, INC.",Industrials,2026-03-31,-0.0111
ALLE,ALLEGION PUBLIC LIMITED COMPANY,Industrials,2026-03-31,0.0168
AME,"AMETEK, INC.",Industrials,2026-03-31,0.0287
AOS,A. O. SMITH ,Industrials,2026-03-31,0.0355
AXON,"AXON ENTERPRISE, INC.",Industrials,2026-03-31,0.0232
BA,THE BOEING COMPANY,Industrials,2026-03-31,0.0519
BLDR,"BUILDERS FIRSTSOURCE, INC.",Industrials,2026-03-31,0.0441
BR,"BROADRIDGE FINANCIAL SOLUTIONS, INC.",Industrials,2026-03-31,-0.0059
CARR,CARRIER GLOBAL ,Industrials,2026-03-31,0.0359
CAT,CATERPILLAR INC.,Industrials,2026-03-31,0.0615
CHRW,"C.H. ROBINSON WORLDWIDE, INC.",Industrials,2026-03-31,0.0256
CMI,CUMMINS INC.,Industrials,2026-03-31,0.0514
CPRT,"COPART, INC.",Industrials,2026-03-31,0.0181
CSX,CSX ,Industrials,2026-03-31,0.0322
CTAS,CINTAS ,Industrials,2026-03-31,0.0028
DAL,"DELTA AIR LINES, INC.",Industrials,2026-03-31,0.0521
DE,DEERE & COMPANY,Industrials,2026-03-31,0.014
DOV,DOVER ,Industrials,2026-03-31,0.0278
EFX,EQUIFAX INC.,Industrials,2026-03-31,0.0151
EME,"EMCOR GROUP, INC.",Industrials,2026-03-31,0.0531
EMR,EMERSON ELECTRIC CO.,Industrials,2026-03-31,0.0626
ETN,EATON  PUBLIC LIMITED COMPANY,Industrials,2026-03-31,0.0412
EXPD,EXPEDITORS INTERNATIONAL OF WASHINGTON,Industrials,2026-03-31,0.0124
FAST,FASTENAL COMPANY,Industrials,2026-03-31,0.0284
FDX,FEDEX ,Industrials,2026-03-31,0.0422
FIX,"COMFORT SYSTEMS USA, INC.",Industrials,2026-03-31,0.0831
FTV,FORTIVE ,Industrials,2026-03-31,0.031
GD,GENERAL DYNAMICS ,Industrials,2026-03-31,0.0071
GE,GENERAL ELECTRIC COMPANY,Industrials,2026-03-31,0.0385
GEV,GE VERNOVA INC.,Industrials,2026-03-31,0.068
GNRC,GENERAC HOLDINGS INC.,Industrials,2026-03-31,0.053
GWW,"W.W. GRAINGER, INC.",Industrials,2026-03-31,0.0318
HII,"HUNTINGTON INGALLS INDUSTRIES, INC.",Industrials,2026-03-31,0.0293
HON,HONEYWELL INTERNATIONAL INC.,Industrials,2026-03-31,0.0114
HUBB,HUBBELL INC.,Industrials,2026-03-31,0.0395
HWM,HOWMET AEROSPACE INC.,Industrials,2026-03-31,0.0335
IEX,IDEX ,Industrials,2026-03-31,0.033
IR,INGERSOLL RAND INC.,Industrials,2026-03-31,0.0413
ITW,ILLINOIS TOOL WORKS INC.,Industrials,2026-03-31,0.016
J,JACOBS SOLUTIONS INC.,Industrials,2026-03-31,0.0199
JBHT,"J. B. HUNT TRANSPORT SERVICES, INC.",Industrials,2026-03-31,0.0348
JCI,JOHNSON CONTROLS INTERNATIONAL PLC,Industrials,2026-03-31,0.0345
LDOS,"LEIDOS HOLDINGS, INC.",Industrials,2026-03-31,0.0086
LHX,"L3HARRIS TECHNOLOGIES, INC.",Industrials,2026-03-31,0.0154
LII,LENNOX INTERNATIONAL INC.,Industrials,2026-03-31,0.0454
LMT,LOCKHEED MARTIN ,Industrials,2026-03-31,0.0097
LUV,SOUTHWEST AIRLINES CO.,Industrials,2026-03-31,0.0353
MAS,MASCO ,Industrials,2026-03-31,0.0302
MMM,3M COMPANY,Industrials,2026-03-31,0.019
NDSN,NORDSON ,Industrials,2026-03-31,0.0386
NOC,NORTHROP GRUMMAN ,Industrials,2026-03-31,0.0159
NSC,NORFOLK SOUTHERN ,Industrials,2026-03-31,0.0165
ODFL,"OLD DOMINION FREIGHT LINE, INC.",Industrials,2026-03-31,0.0298
OTIS,OTIS WORLDWIDE ,Industrials,2026-03-31,0.0098
PAYC,"PAYCOM SOFTWARE, INC.",Industrials,2026-03-31,0.0047
PAYX,"PAYCHEX, INC.",Industrials,2026-03-31,-0.0107
PCAR,PACCAR INC,Industrials,2026-03-31,0.0269
PH,PARKER-HANNIFIN ,Industrials,2026-03-31,0.0392
PNR,PENTAIR PUBLIC LIMITED COMPANY,Industrials,2026-03-31,0.0371
PWR,"QUANTA SERVICES, INC.",Industrials,2026-03-31,0.0286
ROK,"ROCKWELL AUTOMATION, INC.",Industrials,2026-03-31,0.0298
ROL,"ROLLINS, INC.",Industrials,2026-03-31,0.007
RSG,"REPUBLIC SERVICES, INC.",Industrials,2026-03-31,-0.012
RTX,RTX ,Industrials,2026-03-31,0.0307
SNA,SNAP-ON INC.,Industrials,2026-03-31,0.0186
SWK,"STANLEY BLACK & DECKER, INC.",Industrials,2026-03-31,0.054
TDG,TRANSDIGM GROUP INC.,Industrials,2026-03-31,0.023
TT,TRANE TECHNOLOGIES PLC,Industrials,2026-03-31,0.0317
TXT,TEXTRON INC.,Industrials,2026-03-31,0.0187
UAL,"UNITED AIRLINES HOLDINGS, INC.",Industrials,2026-03-31,0.0805
UBER,"UBER TECHNOLOGIES, INC.",Industrials,2026-03-31,0.0289
UNP,UNION PACIFIC ,Industrials,2026-03-31,0.0142
UPS,"UNITED PARCEL SERVICE, INC.",Industrials,2026-03-31,0.0361
URI,"UNITED RENTALS, INC.",Industrials,2026-03-31,0.0206
VLTO,VERALTO ,Industrials,2026-03-31,0.028
VRSK,"VERISK ANALYTICS, INC.",Industrials,2026-03-31,0.0128
WAB,WESTINGHOUSE AIR BRAKE TECHNOLOGIES ,Industrials,2026-03-31,0.0528
WM,"WASTE MANAGEMENT, INC.",Industrials,2026-03-31,-0.0007
XYL,XYLEM INC.,Industrials,2026-03-31,0.0286
AAPL,APPLE INC.,Information Technology,2026-03-31,0.029
ACN,ACCENTURE PUBLIC LIMITED COMPANY,Information Technology,2026-03-31,0.0037
ADBE,ADOBE INC.,Information Technology,2026-03-31,0.0081
ADI,"ANALOG DEVICES, INC.",Information Technology,2026-03-31,0.0496
ADSK,"AUTODESK, INC.",Information Technology,2026-03-31,0.0158
AKAM,"AKAMAI TECHNOLOGIES, INC.",Information Technology,2026-03-31,0.042
AMAT,"APPLIED MATERIALS, INC.",Information Technology,2026-03-31,0.0578
AMD,"ADVANCED MICRO DEVICES, INC.",Information Technology,2026-03-31,0.0377
ANET,"ARISTA NETWORKS, INC.",Information Technology,2026-03-31,0.0573
APH,AMPHENOL ,Information Technology,2026-03-31,0.0604
APP,APPLOVIN CORP,Information Technology,2026-03-31,0.0697
AVGO,BROADCOM INC.,Information Technology,2026-03-31,0.0549
CDNS,"CADENCE DESIGN SYSTEMS, INC.",Information Technology,2026-03-31,0.0258
CDW,CDW ,Information Technology,2026-03-31,0.0212
CIEN,CIENA CORPORATION,Information Technology,2026-03-31,0.0636
CRM,"SALESFORCE, INC.",Information Technology,2026-03-31,0.0089
CRWD,"CROWDSTRIKE HOLDINGS, INC.",Information Technology,2026-03-31,0.0272
CSCO,"CISCO SYSTEMS, INC.",Information Technology,2026-03-31,0.0071
CTSH,COGNIZANT TECHNOLOGY SOLUTIONS ,Information Technology,2026-03-31,0.0047
DDOG,"DATADOG, INC.",Information Technology,2026-03-31,0.0193
DELL,DELL TECHNOLOGIES INC.,Information Technology,2026-03-31,-0.0032
EPAM,"EPAM SYSTEMS, INC.",Information Technology,2026-03-31,-0.0057
FFIV,"F5, INC.",Information Technology,2026-03-31,0.0343
FICO,FAIR ISAAC ,Information Technology,2026-03-31,0.0187
FSLR,"FIRST SOLAR, INC.",Information Technology,2026-03-31,0.068
FTNT,"FORTINET, INC.",Information Technology,2026-03-31,0.0338
GDDY,GODADDY INC.,Information Technology,2026-03-31,0.0114
GEN,GEN DIGITAL INC.,Information Technology,2026-03-31,0.0278
GLW,CORNING INC.,Information Technology,2026-03-31,0.0577
HPE,HEWLETT PACKARD ENTERPRISE COMPANY,Information Technology,2026-03-31,0.0531
HPQ,HP INC.,Information Technology,2026-03-31,0.0084
IBM,INTERNATIONAL BUSINESS MACHINES ,Information Technology,2026-03-31,0.0217
INTC,INTEL ,Information Technology,2026-03-31,0.0714
INTU,INTUIT INC.,Information Technology,2026-03-31,0.0078
IT,"GARTNER, INC.",Information Technology,2026-03-31,-0.005
JBL,JABIL INC.,Information Technology,2026-03-31,0.0733
KEYS,"KEYSIGHT TECHNOLOGIES, INC.",Information Technology,2026-03-31,0.0481
KLAC,KLA ,Information Technology,2026-03-31,0.065
LRCX,LAM RESEARCH ,Information Technology,2026-03-31,0.0687
MCHP,MICROCHIP TECHNOLOGY INC.,Information Technology,2026-03-31,0.0758
MPWR,"MONOLITHIC POWER SYSTEMS, INC.",Information Technology,2026-03-31,0.0908
MSFT,MICROSOFT ,Information Technology,2026-03-31,0.0312
MSI,"MOTOROLA SOLUTIONS, INC.",Information Technology,2026-03-31,0.0168
MU,"MICRON TECHNOLOGY, INC.",Information Technology,2026-03-31,0.0498
NOW,"SERVICENOW, INC.",Information Technology,2026-03-31,-0.004
NTAP,"NETAPP, INC.",Information Technology,2026-03-31,0.012
NVDA,NVIDIA ,Information Technology,2026-03-31,0.0559
NXPI,NXP SEMICONDUCTORS NV,Information Technology,2026-03-31,0.0505
ON,ON SEMICONDUCTOR ,Information Technology,2026-03-31,0.1125
ORCL,ORACLE ,Information Technology,2026-03-31,0.0599
PANW,"PALO ALTO NETWORKS, INC.",Information Technology,2026-03-31,0.0387
PLTR,PALANTIR TECHNOLOGIES INC.,Information Technology,2026-03-31,0.0635
PTC,PTC INC.,Information Technology,2026-03-31,0.0203
Q,"QNITY ELECTRONICS, INC.",Information Technology,2026-03-31,0.0772
QCOM,QUALCOMM INC.,Information Technology,2026-03-31,0.0135
ROP,"ROPER TECHNOLOGIES, INC.",Information Technology,2026-03-31,0.0054
SMCI,"SUPER MICRO COMPUTER, INC.",Information Technology,2026-03-31,0.0812
SNDK,SANDISK CORPORATION,Information Technology,2026-03-31,0.1098
SNPS,"SYNOPSYS, INC.",Information Technology,2026-03-31,0.0348
STX,SEAGATE TECHNOLOGY HOLDINGS,Information Technology,2026-03-31,0.0809
SWKS,"SKYWORKS SOLUTIONS, INC.",Information Technology,2026-03-31,0.02
TDY,TELEDYNE TECHNOLOGIES INC.,Information Technology,2026-03-31,0.0359
TEL,TE CONNECTIVITY LTD,Information Technology,2026-03-31,0.0523
TER,"TERADYNE, INC.",Information Technology,2026-03-31,0.0728
TRMB,TRIMBLE INC.,Information Technology,2026-03-31,0.043
TXN,TEXAS INSTRUMENTS INC.,Information Technology,2026-03-31,0.0414
TYL,"TYLER TECHNOLOGIES, INC.",Information Technology,2026-03-31,0.0036
VRSN,"VERISIGN, INC.",Information Technology,2026-03-31,-0.0052
WDAY,"WORKDAY, INC.",Information Technology,2026-03-31,0.0089
WDC,WESTERN DIGITAL ,Information Technology,2026-03-31,0.0748
ZBRA,ZEBRA TECHNOLOGIES ,Information Technology,2026-03-31,0.0491
ALB,ALBEMARLE ,Materials,2026-03-31,0.013
AMCR,AMCOR PLC,Materials,2026-03-31,0.043
APD,"AIR PRODUCTS AND CHEMICALS, INC.",Materials,2026-03-31,-0.0037
AVY,AVERY DENNISON ,Materials,2026-03-31,0.0269
BALL,BALL ,Materials,2026-03-31,0.0186
CF,"CF INDUSTRIES HOLDINGS, INC.",Materials,2026-03-31,-0.0564
CRH,CRH PUBLIC LIMITED COMPANY,Materials,2026-03-31,0.0315
CTVA,"CORTEVA, INC.",Materials,2026-03-31,0.0092
DD,"DUPONT DE NEMOURS, INC.",Materials,2026-03-31,0.0357
DOW,DOW INC.,Materials,2026-03-31,-0.0053
ECL,ECOLAB INC.,Materials,2026-03-31,0.0134
FCX,FREEPORT-MCMORAN INC.,Materials,2026-03-31,0.0756
IFF,INTERNATIONAL FLAVORS & FRAGRANCES INC.,Materials,2026-03-31,0.0224
IP,INTERNATIONAL PAPER COMPANY,Materials,2026-03-31,0.02
LIN,LINDE PUBLIC LIMITED COMPANY,Materials,2026-03-31,-0.007
LYB,LYONDELLBASELL INDUSTRIES NV,Materials,2026-03-31,-0.0221
MLM,"MARTIN MARIETTA MATERIALS, INC.",Materials,2026-03-31,0.0263
MOS,THE MOSAIC COMPANY,Materials,2026-03-31,0.02
NEM,NEWMONT ,Materials,2026-03-31,0.0497
NUE,NUCOR ,Materials,2026-03-31,0.0264
PKG,PACKAGING  OF AMERICA,Materials,2026-03-31,0.0152
PPG,"PPG INDUSTRIES, INC.",Materials,2026-03-31,0.0295
SHW,THE SHERWIN-WILLIAMS COMPANY,Materials,2026-03-31,0.0147
STLD,"STEEL DYNAMICS, INC.",Materials,2026-03-31,0.0479
SW,SMURFIT WESTROCK PUBLIC LIMITED COMPANY,Materials,2026-03-31,0.0418
VMC,VULCAN MATERIALS COMPANY,Materials,2026-03-31,0.0201
AMT,AMERICAN TOWER ,Real Estate,2026-03-31,0.013
ARE,"ALEXANDRIA REAL ESTATE EQUITIES, INC.",Real Estate,2026-03-31,0.0028
AVB,"AVALONBAY COMMUNITIES, INC.",Real Estate,2026-03-31,0.0111
BXP,"BOSTON PROPERTIES, INC.",Real Estate,2026-03-31,0.0015
CBRE,"CBRE GROUP, INC.",Real Estate,2026-03-31,0.0174
CCI,CROWN CASTLE INC.,Real Estate,2026-03-31,0.0205
CPT,CAMDEN PROPERTY TRUST,Real Estate,2026-03-31,-0.0018
CSGP,"COSTAR GROUP, INC.",Real Estate,2026-03-31,-0.0132
DLR,"DIGITAL REALTY TRUST, INC.",Real Estate,2026-03-31,0.0287
DOC,"HEALTHDOC PROPERTIES, INC.",Real Estate,2026-03-31,-0.0073
EQIX,"EQUINIX, INC.",Real Estate,2026-03-31,0.0168
EQR,EQUITY RESIDENTIAL,Real Estate,2026-03-31,0.0097
ESS,"ESSEX PROPERTY TRUST, INC.",Real Estate,2026-03-31,-0.0025
EXR,EXTRA SPACE STORAGE INC.,Real Estate,2026-03-31,0.0222
FRT,FEDERAL REALTY INVESTMENT TRUST,Real Estate,2026-03-31,0.0168
HST,"HOST HOTELS & RESORTS, INC.",Real Estate,2026-03-31,0.0105
INVH,INVITATION HOMES INC.,Real Estate,2026-03-31,0.0032
IRM,IRON MOUNTAIN INC.,Real Estate,2026-03-31,0.0465
KIM,KIMCO REALTY .,Real Estate,2026-03-31,0.0067
MAA,"MID-AMERICA APARTMENT COMMUNITIES, INC.",Real Estate,2026-03-31,0.0033
O,REALTY INCOME ,Real Estate,2026-03-31,0.0005
PLD,"PROLOGIS, INC.",Real Estate,2026-03-31,0.0264
PSA,PUBLIC STORAGE.,Real Estate,2026-03-31,0.0217
REG,REGENCY CENTERS ,Real Estate,2026-03-31,0.0103
SBAC,SBA COMMUNICATIONS ,Real Estate,2026-03-31,0.0134
SPG,"SIMON PROPERTY GROUP, INC.",Real Estate,2026-03-31,0.0229
UDR,"UDR, INC.",Real Estate,2026-03-31,0.0036
VICI,VICI PROPERTIES INC.,Real Estate,2026-03-31,0.0077
VTR,"VENTAS, INC.",Real Estate,2026-03-31,0.002
WELL,WELLTOWER INC.,Real Estate,2026-03-31,0.0123
WY,WEYERHAEUSER COMPANY,Real Estate,2026-03-31,0.0062
DXY,US DOLLAR INDEX,USD,2026-03-31,-0.0074
AEE,AMEREN ,Utilities,2026-03-31,0.0022
AEP,"AMERICAN ELECTRIC POWER COMPANY, INC.",Utilities,2026-03-31,-0.0003
AES,THE AES ,Utilities,2026-03-31,0.005
ATO,ATMOS ENERGY ,Utilities,2026-03-31,-0.0016
AWK,"AMERICAN WATER WORKS COMPANY, INC.",Utilities,2026-03-31,-0.0197
CEG,CONSTELLATION ENERGY,Utilities,2026-03-31,-0.0648
CMS,CMS ENERGY ,Utilities,2026-03-31,0.0048
CNP,"CENTERPOINT ENERGY, INC.",Utilities,2026-03-31,0.004
D,"DOMINION ENERGY, INC.",Utilities,2026-03-31,-0.0003
DTE,DTE ENERGY COMPANY,Utilities,2026-03-31,0.0011
DUK,DUKE ENERGY ,Utilities,2026-03-31,-0.0058
ED,"CONSOLIDATED EDISON, INC.",Utilities,2026-03-31,-0.0019
EIX,EDISON INTERNATIONAL,Utilities,2026-03-31,0.0187
ES,EVERSOURCE ENERGY,Utilities,2026-03-31,0.0127
ETR,ENTERGY ,Utilities,2026-03-31,0.0117
EVRG,"EVERGY, INC.",Utilities,2026-03-31,0.004
EXC,EXELON ,Utilities,2026-03-31,-0.0018
FE,FIRSTENERGY CORP.,Utilities,2026-03-31,0.0048
LNT,ALLIANT ENERGY ,Utilities,2026-03-31,0.0038
NEE,"NEXTERA ENERGY, INC.",Utilities,2026-03-31,0.009
NI,NISOURCE INC.,Utilities,2026-03-31,0.0034
NRG,"NRG ENERGY, INC.",Utilities,2026-03-31,0.0348
PCG,PG&E ,Utilities,2026-03-31,0.0051
PEG,PUBLIC SERVICE ENTERPRISE GROUP INC.,Utilities,2026-03-31,-0.0054
PNW,PINNACLE WEST CAPITAL ,Utilities,2026-03-31,0.002
PPL,PPL ,Utilities,2026-03-31,0.0047
SO,THE SOUTHERN COMPANY,Utilities,2026-03-31,-0.0042
SRE,SEMPRA,Utilities,2026-03-31,0.0061
VST,VISTRA CORP.,Utilities,2026-03-31,0.0189
WEC,"WEC ENERGY GROUP, INC.",Utilities,2026-03-31,0.0038
XEL,XCEL ENERGY INC.,Utilities,2026-03-31,0.0034
FVX,5 YR TSY YLD NDX,Yields,2026-03-31,-0.0075
TNX,10 Y TSY YLD NDX,Yields,2026-03-31,-0.0069
TYX,30 Y TSY YLD NDX,Yields,2026-03-31,-0.002
ASC,ARDMORE SHIPPING ,,2026-03-31,0.0173
BTC=F,BITCOIN FUTURES,,2026-03-31,0.0265
BTI,BRITISH AMERICAN TOBACCO P.L.C.,,2026-03-31,0.0036
BTU,PEABODY ENERGY ,,2026-03-31,-0.0765
CALM,"CAL-MAINE FOODS, INC.",,2026-03-31,0.0062
CANE,TEUCRIUM:SUGAR,,2026-03-31,-0.0038
CCJ,CAMECO ,,2026-03-31,0.0561
CMBT,CMB.TECH NV,,2026-03-31,0.0177
CMRE,COSTAMARE INC.,,2026-03-31,0.0387
CNR,"CORE NATURAL RESOURCES, INC.",,2026-03-31,-0.0495
COMT,ISHARES:GSCI COMM DYN RS,,2026-03-31,-0.0146
CORN,TEUCRIUM:CORN,,2026-03-31,0.006
CPER,UNITED STATES COPPER IDX,,2026-03-31,0.025
CRESY,CRESUD INC.,,2026-03-31,0.0384
DBA,INVESCO DB MS AGRI,,2026-03-31,0.0074
DBB,INVESCO DB MS BMTL,,2026-03-31,0.0069
DBC,INVESCO DB CM IDX,,2026-03-31,-0.0106
DHT,"DHT HOLDINGS, INC.",,2026-03-31,0.019
DIA,SPDR DOW JONES INDUS AVG,,2026-03-31,0.0246
DJI,DOW JONES INDUSTRIAL AVG INDEX,,2026-03-31,0.0249
EC,ECOPETROL SA,,2026-03-31,0.0007
ECH,ISHARES:MSCI CHILE,,2026-03-31,0.0387
EDEN,ISHARES:MSCI DENMARK,,2026-03-31,0.0358
EFNL,ISHARES:MSCI FINLAND,,2026-03-31,0.0262
EIDO,ISHARES:MSCI INDONESIA,,2026-03-31,0.0213
EIRL,ISHARES:MSCI IRELAND,,2026-03-31,0.0383
EIS,ISHARES:MSCI ISRAEL,,2026-03-31,0.0527
ENZL,ISHARES:MSCI NEW ZLND,,2026-03-31,0.0203
EPHE,ISHARES:MSCI PHILIPPINES,,2026-03-31,0.0311
EPOL,ISHARES:MSCI POLAND,,2026-03-31,0.0511
EPU,ISHARES:MSCI PERU,,2026-03-31,0.0599
ES=F,E-MINI S&P 500 FUTURES,,2026-03-31,0.0313
EWA,ISHARES:MSCI AUSTRALIA,,2026-03-31,0.0228
EWC,ISHARES:MSCI CANADA,,2026-03-31,0.0256
EWD,ISHARES:MSCI SWEDEN,,2026-03-31,0.0359
EWG,ISHARES:MSCI GERMANY,,2026-03-31,0.0339
EWH,ISHARES:MSCI HONG KONG,,2026-03-31,0.0317
EWI,ISHARES:MSCI ITALY,,2026-03-31,0.0411
EWJ,ISHARES:MSCI JAPAN,,2026-03-31,0.0358
EWK,ISHARES:MSCI BELGIUM,,2026-03-31,0.0336
EWL,ISHARES:MSCI SWITZERLAND,,2026-03-31,0.0224
EWM,ISHARES:MSCI MALAYSIA,,2026-03-31,0.0168
EWN,ISHARES:MSCI NETHERLANDS,,2026-03-31,0.0394
EWO,ISHARES:MSCI AUSTRIA,,2026-03-31,0.0329
EWP,ISHARES:MSCI SPAIN,,2026-03-31,0.04
EWQ,ISHARES:MSCI FRANCE,,2026-03-31,0.0336
EWS,ISHARES:MSCI SINGAPORE,,2026-03-31,0.0206
EWT,ISHARES:MSCI TAIWAN,,2026-03-31,0.0284
EWU,ISHARES:MSCI UK,,2026-03-31,0.0252
EWW,ISHARES:MSCI MEXICO,,2026-03-31,0.0339
EWY,ISHARES:MSCI S KOREA,,2026-03-31,0.0565
EWZ,ISHARES:MSCI BRAZIL,,2026-03-31,0.0441
FRO,FRONTLINE PLC,,2026-03-31,0.044
FTI,TECHNIPFMC PLC,,2026-03-31,0.0228
FXA,INVESCO:AU DOLLAR,,2026-03-31,0.0074
FXB,INVESCO:GBP STERLING,,2026-03-31,0.0037
FXC,INVESCO:CANADIAN DOLLAR,,2026-03-31,0.0004
FXE,INVESCO:EURO,,2026-03-31,0.0085
FXY,INVESCO:JAPANESE YEN,,2026-03-31,0.0064
GDX,VANECK:GOLD MINERS,,2026-03-31,0.0697
GDXJ,VANECK:JR GOLD MINERS,,2026-03-31,0.0853
GEOS,GEOSPACE TECHNOLOGIES ,,2026-03-31,0.0692
GGB,GERDAU SA,,2026-03-31,0.0434
GLATF,GLOBAL ATOMIC ,,2026-03-31,0.0962
GNK,GENCO SHIPPING & TRADING LIMITED,,2026-03-31,0.0176
GREK,GLBL X MSCI GREECE,,2026-03-31,0.0515
HLX,"HELIX ENERGY SOLUTIONS GROUP, INC.",,2026-03-31,0.0144
HYD,VANECK:HIGH YIELD MUNI,,2026-03-31,0.0032
ICL,ICL GROUP LTD,,2026-03-31,-0.0019
INDA,ISHARES:MSCI INDIA,,2026-03-31,0.0313
IWD,ISHARES:RUSS 1000 VL ETF,,2026-03-31,0.0203
IWF,ISHARES:RUSS 1000 GR ETF,,2026-03-31,0.0377
IWM,ISHARES:RUSS 2000 ETF,,2026-03-31,0.035
JNK,SPDR BBG HIGH YIELD BD,,2026-03-31,0.0101
MCHI,ISHARES:MSCI CHINA,,2026-03-31,0.0224
MDY,SPDR S&P MIDCAP 400 ETF,,2026-03-31,0.0296
MP,MP MATERIALS CORP,,2026-03-31,0.0586
MTUM,ISHARES:MSCI USA MOM FCT,,2026-03-31,0.04
MUB,ISHARES:NATL MUNI BOND,,2026-03-31,0.0019
NDX,NASDAQ 100 INDEX,,2026-03-31,0.0343
NORW,GLBL X MSCI NORWAY ETF,,2026-03-31,0.0244
NOV,NOV INC.,,2026-03-31,0.0135
NQ=F,NASDAQ 100 FUTURES,,2026-03-31,0.0395
OEF,ISHARES:S&P 100,,2026-03-31,0.032
PAM,PAMPA ENERGIA SA,,2026-03-31,0.019
PBR,BRAZILIAN PETROLEUM  - PETROBRAS,,2026-03-31,-0.0029
PFF,ISHARES:PREF AND INC SEC,,2026-03-31,0.0066
POWA,INVESCO BLOOMBERG PRICING POWER,,2026-03-31,0.0163
PPLT,ABRDN:PHYSICAL PLATINUM,,2026-03-31,0.0349
QAT,ISHARES:MSCI QATAR,,2026-03-31,0.022
QQQ,INVESCO QQQ TRUST 1,,2026-03-31,0.0339
QUAL,ISHARES:MSCI USA QF,,2026-03-31,0.0285
RIG,TRANSOCEAN LTD,,2026-03-31,-0.003
ROKU,"ROKU, INC.",,2026-03-31,0.0724
RSP,INVESCO S&P500 EWGHT,,2026-03-31,0.0205
RUT,RUSSELL 2000 INDEX,,2026-03-31,0.0341
SBLK,STAR BULK CARRIERS CORP.,,2026-03-31,0.0441
SCHP,SCHWAB STR:US TIPS,,2026-03-31,0.0011
SD,"SANDRIDGE ENERGY, INC.",,2026-03-31,-0.0417
SDY,SPDR S&P DIVIDEND,,2026-03-31,0.01
SILJ,ETFMG PRIME JR SILVR MNR,,2026-03-31,0.0882
SLV,ISHARES:SILVER TRUST,,2026-03-31,0.0727
SM,SM ENERGY COMPANY,,2026-03-31,-0.0296
SMH,VANECK:SEMICONDUCTOR,,2026-03-31,0.0576
SOYB,TEUCRIUM:SOYBEAN,,2026-03-31,0.0095
SPHB,INVESCO S&P500 HI BE,,2026-03-31,0.0412
SPLV,INVESCO S&P500 LOWVL,,2026-03-31,0.0049
SPX,S&P 500 INDEX,,2026-03-31,0.0291
SPY,SPDR S&P 500 ETF,,2026-03-31,0.0291
STLA,STELLANTIS NV,,2026-03-31,0.0504
STNG,SCORPIO TANKERS INC.,,2026-03-31,0.0136
TAGS,TEUCRIUM:AGRICULTURAL,,2026-03-31,0.0096
TDW,TIDEWATER INC.,,2026-03-31,0.0203
TECK,TECK RESOURCES LIMITED,,2026-03-31,0.071
THD,ISHARES:MSCI THAI,,2026-03-31,0.0363
TS,TENARIS SA,,2026-03-31,0.0171
TUR,ISHARES:MSCI TURKEY,,2026-03-31,0.0348
URA,GLBL X URANIUM ETF,,2026-03-31,0.0693
URNM,SPROTT URANIUM MINERS,,2026-03-31,0.0806
UUP,INVESCO DB USD IDX BL,,2026-03-31,-0.0071
VAL,VALARIS LIMITED,,2026-03-31,-0.0037
VIX,CBOE MKT VOLATILITY IDX,,2026-03-31,-0.1751
VNM,VANECK:VIETNAM,,2026-03-31,0.0273
VXN,CBOE NASDAQ MKT VOL NDX,,2026-03-31,-0.1509
WEAT,TEUCRIUM:WHEAT,,2026-03-31,0.0133
XES,SPDR S&P OIL&GAS E&S,,2026-03-31,0.0091
XLB,SEL SECTOR:MATRLS SPDR,,2026-03-31,0.0179
XLC,SEL SECTOR:COMM SVC SPDR,,2026-03-31,0.0269
XLE,SEL SECTOR:ENERGY SPDR,,2026-03-31,-0.0113
XLF,SEL SECTOR:FINL S SPDR,,2026-03-31,0.0209
XLI,SEL SECTOR:INDUST SPDR,,2026-03-31,0.0327
XLK,SEL SECTOR:TECH SPDR,,2026-03-31,0.0424
XLP,SEL SECTOR:C STP SPDR,,2026-03-31,0.0012
XLRE,SEL SECTOR:RL EST SPDR,,2026-03-31,0.0154
XLU,SEL SECTOR:UTIL SPDR,,2026-03-31,-0.0007
XLV,SEL SECTOR:H CARE SPDR,,2026-03-31,0.0194
XLY,SEL SECTOR:C DSC SPDR,,2026-03-31,0.0314
XOP,SPDR S&P OIL&GAS EXP,,2026-03-31,-0.0197
