Ticker,Ticker_name,Category,Date,model_score,previous_model_score,model_score_daily_change
TLT,ISHARES:20+ TRS BD ETF,Bonds,2026-03-30,62.0,55.0,7.0
HYG,ISHARES:IBOXX $HY CORP,Bonds,2026-03-30,62.0,36.0,26.0
JNK,SPDR BBG HIGH YIELD BD,Bonds,2026-03-30,62.0,33.0,29.0
EDV,VANGUARD EXT DUR T;ETF,Bonds,2026-03-30,53.0,55.0,-2.0
SHY,ISHARES:1-3 TRS BD ETF,Bonds,2026-03-30,47.0,18.0,29.0
TIP,ISHARES:TIPS BD ETF,Bonds,2026-03-30,47.0,27.0,20.0
PFF,ISHARES:PREF AND INC SEC,Bonds,2026-03-30,36.0,36.0,0.0
MUB,ISHARES:NATL MUNI BOND,Bonds,2026-03-30,33.0,36.0,-3.0
LQD,ISHARES:IBOXX $IG CORP,Bonds,2026-03-30,33.0,36.0,-3.0
IEF,ISHARES:7-10 TRS BD ETF,Bonds,2026-03-30,33.0,73.0,-40.0
HYD,VANECK:HIGH YIELD MUNI,Bonds,2026-03-30,33.0,36.0,-3.0
SCHP,SCHWAB STR:US TIPS,Bonds,2026-03-30,29.0,35.0,-6.0
STIP,ISHARES:0-5 TIPS BD ETF,Bonds,2026-03-30,3.0,47.0,-44.0
DBB,INVESCO DB MS BMTL,Commodities,2026-03-30,59.0,-9.0,68.0
URA,GLBL X URANIUM ETF,Commodities,2026-03-30,24.0,35.0,-11.0
CORN,TEUCRIUM:CORN,Commodities,2026-03-30,17.0,-28.0,45.0
SOYB,TEUCRIUM:SOYBEAN,Commodities,2026-03-30,15.0,38.0,-23.0
CPER,UNITED STATES COPPER IDX,Commodities,2026-03-30,7.0,37.0,-30.0
UNG,UNITED STATES NAT GAS,Commodities,2026-03-30,4.0,10.0,-6.0
SLV,ISHARES:SILVER TRUST,Commodities,2026-03-30,-0.0,0.0,-0.0
SILJ,ETFMG PRIME JR SILVR MNR,Commodities,2026-03-30,0.0,0.0,0.0
GDX,VANECK:GOLD MINERS,Commodities,2026-03-30,0.0,0.0,0.0
GLD,SPDR GOLD,Commodities,2026-03-30,0.0,0.0,0.0
GDXJ,VANECK:JR GOLD MINERS,Commodities,2026-03-30,0.0,0.0,0.0
COMT,ISHARES:GSCI COMM DYN RS,Commodities,2026-03-30,-14.0,-48.0,34.0
USO,UNITED STATES OIL FUND,Commodities,2026-03-30,-17.0,-17.0,0.0
PPLT,ABRDN:PHYSICAL PLATINUM,Commodities,2026-03-30,-17.0,-3.0,-14.0
DBC,INVESCO DB CM IDX,Commodities,2026-03-30,-17.0,-17.0,0.0
WEAT,TEUCRIUM:WHEAT,Commodities,2026-03-30,-20.0,-28.0,8.0
DBA,INVESCO DB MS AGRI,Commodities,2026-03-30,-30.0,-35.0,5.0
TAGS,TEUCRIUM:AGRICULTURAL,Commodities,2026-03-30,-35.0,-35.0,0.0
CANE,TEUCRIUM:SUGAR,Commodities,2026-03-30,-35.0,-77.0,42.0
MTCH,"MATCH GROUP, INC.",Communication Services,2026-03-30,75.0,26.0,49.0
CMCSA,COMCAST ,Communication Services,2026-03-30,50.0,64.0,-14.0
PSKY,PARAMOUNT SKYDANCE ,Communication Services,2026-03-30,33.0,31.0,2.0
META,"META PLATFORMS, INC.",Communication Services,2026-03-30,25.0,-28.0,53.0
OMC,OMNICOM GROUP INC.,Communication Services,2026-03-30,24.0,24.0,0.0
WBD,"WARNER BROS. DISCOVERY, INC.",Communication Services,2026-03-30,23.0,23.0,0.0
VZ,VERIZON COMMUNICATIONS INC.,Communication Services,2026-03-30,20.0,20.0,0.0
T,AT&T INC.,Communication Services,2026-03-30,19.0,-13.0,32.0
TTWO,"TAKE-TWO INTERACTIVE SOFTWARE, INC.",Communication Services,2026-03-30,12.0,-11.0,23.0
DIS,THE WALT DISNEY COMPANY,Communication Services,2026-03-30,1.0,-33.0,34.0
TKO,"TKO GROUP HOLDINGS, INC.",Communication Services,2026-03-30,0.0,0.0,0.0
LYV,"LIVE NATION ENTERTAINMENT, INC.",Communication Services,2026-03-30,0.0,-10.0,10.0
NWSA,NEWS CORP.,Communication Services,2026-03-30,-2.0,-21.0,19.0
EA,ELECTRONIC ARTS INC.,Communication Services,2026-03-30,-5.0,12.0,-17.0
TMUS,"T-MOBILE US, INC.",Communication Services,2026-03-30,-5.0,-5.0,0.0
NFLX,"NETFLIX, INC.",Communication Services,2026-03-30,-9.0,-48.0,39.0
FOXA,FOX ,Communication Services,2026-03-30,-10.0,-48.0,38.0
GOOGL,ALPHABET INC.,Communication Services,2026-03-30,-13.0,-13.0,0.0
CHTR,"CHARTER COMMUNICATIONS, INC.",Communication Services,2026-03-30,-26.0,-5.0,-21.0
TTD,"THE TRADE DESK, INC.",Communication Services,2026-03-30,-63.0,-63.0,0.0
DRI,"DARDEN RESTAURANTS, INC.",Consumer Discretionary,2026-03-30,101.0,18.0,83.0
RCL,ROYAL CARIBBEAN CRUISES LTD.,Consumer Discretionary,2026-03-30,98.0,69.0,29.0
POOL,POOL ,Consumer Discretionary,2026-03-30,77.0,51.0,26.0
WYNN,"WYNN RESORTS, LIMITED",Consumer Discretionary,2026-03-30,74.0,27.0,47.0
TJX,"THE TJX COMPANIES, INC.",Consumer Discretionary,2026-03-30,74.0,4.0,70.0
DHI,"D.R. HORTON, INC.",Consumer Discretionary,2026-03-30,62.0,65.0,-3.0
LVS,LAS VEGAS SANDS CORP.,Consumer Discretionary,2026-03-30,58.0,9.0,49.0
ABNB,"AIRBNB, INC.",Consumer Discretionary,2026-03-30,57.0,14.0,43.0
MAR,"MARRIOTT INTERNATIONAL, INC.",Consumer Discretionary,2026-03-30,56.0,32.0,24.0
SBUX,STARBUCKS ,Consumer Discretionary,2026-03-30,55.0,13.0,42.0
HLT,HILTON WORLDWIDE HOLDINGS INC.,Consumer Discretionary,2026-03-30,48.0,2.0,46.0
RL,RALPH LAUREN ,Consumer Discretionary,2026-03-30,46.0,27.0,19.0
GPC,GENUINE PARTS COMPANY,Consumer Discretionary,2026-03-30,46.0,27.0,19.0
YUM,"YUM! BRANDS, INC.",Consumer Discretionary,2026-03-30,46.0,13.0,33.0
NVR,"NVR, INC.",Consumer Discretionary,2026-03-30,35.0,0.0,35.0
TPR,"TAPESTRY, INC.",Consumer Discretionary,2026-03-30,35.0,-18.0,53.0
TSLA,"TESLA, INC.",Consumer Discretionary,2026-03-30,33.0,16.0,17.0
DPZ,"DOMINO'S PIZZA, INC.",Consumer Discretionary,2026-03-30,31.0,4.0,27.0
CMG,"CHIPOTLE MEXICAN GRILL, INC.",Consumer Discretionary,2026-03-30,31.0,-11.0,42.0
MCD,MCDONALD'S ,Consumer Discretionary,2026-03-30,30.0,35.0,-5.0
ORLY,"O'REILLY AUTOMOTIVE, INC.",Consumer Discretionary,2026-03-30,29.0,13.0,16.0
WSM,"WILLIAMS-SONOMA, INC.",Consumer Discretionary,2026-03-30,28.0,9.0,19.0
HAS,"HASBRO, INC.",Consumer Discretionary,2026-03-30,28.0,-17.0,45.0
APTV,APTIV PLC,Consumer Discretionary,2026-03-30,28.0,35.0,-7.0
CCL,CARNIVAL CORP,Consumer Discretionary,2026-03-30,24.0,2.0,22.0
NCLH,NORWEGIAN CRUISE LINE HOLDINGS LTD.,Consumer Discretionary,2026-03-30,24.0,-11.0,35.0
F,FORD MOTOR COMPANY,Consumer Discretionary,2026-03-30,24.0,24.0,0.0
PHM,"PULTEGROUP, INC.",Consumer Discretionary,2026-03-30,24.0,62.0,-38.0
GM,GENERAL MOTORS COMPANY,Consumer Discretionary,2026-03-30,24.0,24.0,0.0
AZO,"AUTOZONE, INC.",Consumer Discretionary,2026-03-30,17.0,42.0,-25.0
NKE,"NIKE, INC.",Consumer Discretionary,2026-03-30,14.0,24.0,-10.0
EXPE,"EXPEDIA GROUP, INC.",Consumer Discretionary,2026-03-30,5.0,5.0,0.0
ROST,"ROSS STORES, INC.",Consumer Discretionary,2026-03-30,3.0,-9.0,12.0
CVNA,CARVANA CO.,Consumer Discretionary,2026-03-30,3.0,-14.0,17.0
LEN,LENNAR ,Consumer Discretionary,2026-03-30,2.0,28.0,-26.0
LULU,LULULEMON ATHLETICA INC.,Consumer Discretionary,2026-03-30,1.0,-33.0,34.0
HD,"THE HOME DEPOT, INC.",Consumer Discretionary,2026-03-30,0.0,0.0,0.0
TSCO,TRACTOR SUPPLY COMPANY,Consumer Discretionary,2026-03-30,0.0,0.0,0.0
LOW,"LOWE'S COMPANIES, INC.",Consumer Discretionary,2026-03-30,0.0,0.0,0.0
ULTA,"ULTA BEAUTY, INC.",Consumer Discretionary,2026-03-30,0.0,0.0,0.0
MGM,MGM RESORTS INTERNATIONAL,Consumer Discretionary,2026-03-30,-1.0,-10.0,9.0
AMZN,"AMAZON.COM, INC.",Consumer Discretionary,2026-03-30,-9.0,-9.0,0.0
BBY,"BEST BUY CO., INC.",Consumer Discretionary,2026-03-30,-12.0,-17.0,5.0
EBAY,EBAY INC.,Consumer Discretionary,2026-03-30,-16.0,-8.0,-8.0
GRMN,GARMIN LTD,Consumer Discretionary,2026-03-30,-18.0,60.0,-78.0
DASH,"DOORDASH, INC.",Consumer Discretionary,2026-03-30,-22.0,-56.0,34.0
BKNG,BOOKING HOLDINGS INC.,Consumer Discretionary,2026-03-30,-26.0,-25.0,-1.0
DECK,DECKERS OUTDOOR ,Consumer Discretionary,2026-03-30,-35.0,-3.0,-32.0
WMT,WALMART INC.,Consumer Staples,2026-03-30,93.0,65.0,28.0
MO,"ALTRIA GROUP, INC.",Consumer Staples,2026-03-30,84.0,59.0,25.0
PEP,"PEPSICO, INC.",Consumer Staples,2026-03-30,62.0,23.0,39.0
KO,THE COCA-COLA COMPANY,Consumer Staples,2026-03-30,55.0,30.0,25.0
DLTR,"DOLLAR TREE, INC.",Consumer Staples,2026-03-30,53.0,25.0,28.0
LW,"LAMB WESTON HOLDINGS, INC.",Consumer Staples,2026-03-30,47.0,43.0,4.0
CHD,"CHURCH & DWIGHT CO., INC.",Consumer Staples,2026-03-30,46.0,27.0,19.0
HRL,HORMEL FOODS ,Consumer Staples,2026-03-30,43.0,3.0,40.0
TAP,MOLSON COORS BEVERAGE COMPANY,Consumer Staples,2026-03-30,40.0,40.0,0.0
ADM,ARCHER-DANIELS-MIDLAND COMPANY.,Consumer Staples,2026-03-30,38.0,38.0,0.0
HSY,THE HERSHEY COMPANY,Consumer Staples,2026-03-30,36.0,20.0,16.0
BG,BUNGE LIMITED,Consumer Staples,2026-03-30,25.0,4.0,21.0
CL,COLGATE-PALMOLIVE COMPANY,Consumer Staples,2026-03-30,24.0,24.0,0.0
KHC,THE KRAFT HEINZ COMPANY,Consumer Staples,2026-03-30,23.0,53.0,-30.0
KDP,KEURIG DR PEPPER INC.,Consumer Staples,2026-03-30,23.0,23.0,0.0
MNST,MONSTER BEVERAGE ,Consumer Staples,2026-03-30,20.0,28.0,-8.0
MDLZ,"MONDELEZ INTERNATIONAL, INC.",Consumer Staples,2026-03-30,12.0,22.0,-10.0
CLX,THE CLOROX COMPANY,Consumer Staples,2026-03-30,11.0,34.0,-23.0
SJM,THE J. M. SMUCKER COMPANY,Consumer Staples,2026-03-30,9.0,9.0,0.0
GIS,"GENERAL MILLS, INC.",Consumer Staples,2026-03-30,0.0,0.0,0.0
EL,THE ESTEE LAUDER COMPANIES INC.,Consumer Staples,2026-03-30,0.0,2.0,-2.0
DG,DOLLAR GENERAL ,Consumer Staples,2026-03-30,0.0,34.0,-34.0
PG,THE PROCTER & GAMBLE COMPANY,Consumer Staples,2026-03-30,0.0,0.0,0.0
CPB,CAMPBELL SOUP COMPANY,Consumer Staples,2026-03-30,0.0,0.0,0.0
PM,PHILIP MORRIS INTERNATIONAL INC.,Consumer Staples,2026-03-30,0.0,0.0,0.0
MKC,"MCCORMICK & COMPANY, INC.",Consumer Staples,2026-03-30,0.0,0.0,0.0
CAG,"CONAGRA BRANDS, INC.",Consumer Staples,2026-03-30,0.0,0.0,0.0
TGT,TARGET ,Consumer Staples,2026-03-30,-3.0,-57.0,54.0
TSN,"TYSON FOODS, INC.",Consumer Staples,2026-03-30,-3.0,33.0,-36.0
COST,COSTCO WHOLESALE ,Consumer Staples,2026-03-30,-5.0,-5.0,0.0
KMB,KIMBERLY-CLARK ,Consumer Staples,2026-03-30,-11.0,45.0,-56.0
KVUE,KENVUE INC.,Consumer Staples,2026-03-30,-12.0,-42.0,30.0
STZ,"CONSTELLATION BRANDS, INC.",Consumer Staples,2026-03-30,-26.0,22.0,-48.0
BF.B,BROWN-FORMAN ,Consumer Staples,2026-03-30,-32.0,6.0,-38.0
SYY,SYSCO ,Consumer Staples,2026-03-30,-38.0,24.0,-62.0
KR,THE KROGER CO.,Consumer Staples,2026-03-30,-56.0,-102.0,46.0
FXE,INVESCO:EURO,Currencies,2026-03-30,64.0,33.0,31.0
FXB,INVESCO:GBP STERLING,Currencies,2026-03-30,55.0,39.0,16.0
FXY,INVESCO:JAPANESE YEN,Currencies,2026-03-30,47.0,47.0,0.0
FXA,INVESCO:AU DOLLAR,Currencies,2026-03-30,47.0,11.0,36.0
FXC,INVESCO:CANADIAN DOLLAR,Currencies,2026-03-30,36.0,11.0,25.0
UUP,INVESCO DB USD IDX BL,Currencies,2026-03-30,-17.0,-20.0,3.0
BKR,BAKER HUGHES COMPANY,Energy,2026-03-30,84.0,71.0,13.0
WMB,"THE WILLIAMS COMPANIES, INC.",Energy,2026-03-30,37.0,39.0,-2.0
EQT,EQT ,Energy,2026-03-30,37.0,-23.0,60.0
KMI,"KINDER MORGAN, INC.",Energy,2026-03-30,34.0,37.0,-3.0
TRGP,TARGA RESOURCES CORP.,Energy,2026-03-30,23.0,14.0,9.0
TPL,TEXAS PACIFIC LAND ,Energy,2026-03-30,8.0,-2.0,10.0
XOM,EXXON MOBIL ,Energy,2026-03-30,-8.0,-8.0,0.0
SLB,SCHLUMBERGER N.V.,Energy,2026-03-30,-9.0,-9.0,0.0
EXE,EXPAND ENERGY ,Energy,2026-03-30,-10.0,-19.0,9.0
VLO,VALERO ENERGY ,Energy,2026-03-30,-10.0,-14.0,4.0
MPC,MARATHON PETROLEUM ,Energy,2026-03-30,-12.0,-26.0,14.0
PSX,PHILLIPS 66,Energy,2026-03-30,-17.0,-20.0,3.0
COP,CONOCOPHILLIPS,Energy,2026-03-30,-22.0,-22.0,0.0
APA,APA ,Energy,2026-03-30,-37.0,-22.0,-15.0
CVX,CHEVRON ,Energy,2026-03-30,-37.0,-22.0,-15.0
CTRA,COTERRA ENERGY INC.,Energy,2026-03-30,-37.0,-22.0,-15.0
HAL,HALLIBURTON COMPANY,Energy,2026-03-30,-42.0,-12.0,-30.0
EOG,"EOG RESOURCES, INC.",Energy,2026-03-30,-54.0,-22.0,-32.0
DVN,DEVON ENERGY ,Energy,2026-03-30,-54.0,-22.0,-32.0
OXY,OCCIDENTAL PETROLEUM ,Energy,2026-03-30,-54.0,-22.0,-32.0
OKE,"ONEOK, INC.",Energy,2026-03-30,-56.0,-39.0,-17.0
FANG,"DIAMONDBACK ENERGY, INC.",Energy,2026-03-30,-64.0,-26.0,-38.0
TRV,"THE TRAVELERS COMPANIES, INC.",Financials,2026-03-30,58.0,-18.0,76.0
C,CITIGROUP INC.,Financials,2026-03-30,56.0,32.0,24.0
NTRS,NORTHERN TRUST ,Financials,2026-03-30,55.0,53.0,2.0
PFG,"PRINCIPAL FINANCIAL GROUP, INC.",Financials,2026-03-30,51.0,13.0,38.0
CPAY,"FLEETCOR TECHNOLOGIES, INC.",Financials,2026-03-30,49.0,35.0,14.0
MTB,M&T BANK ,Financials,2026-03-30,48.0,53.0,-5.0
GPN,GLOBAL PAYMENTS INC.,Financials,2026-03-30,45.0,-33.0,78.0
SCHW,THE CHARLES SCHWAB ,Financials,2026-03-30,40.0,40.0,0.0
MA,MASTERCARD INC..,Financials,2026-03-30,40.0,-11.0,51.0
WTW,WILLIS TOWERS WATSON,Financials,2026-03-30,40.0,4.0,36.0
NDAQ,"NASDAQ, INC.",Financials,2026-03-30,36.0,-24.0,60.0
BK,THE BANK OF NEW YORK MELLON ,Financials,2026-03-30,35.0,62.0,-27.0
BLK,"BLACKROCK, INC.",Financials,2026-03-30,34.0,52.0,-18.0
L,LOEWS ,Financials,2026-03-30,34.0,39.0,-5.0
BEN,"FRANKLIN RESOURCES, INC.",Financials,2026-03-30,34.0,11.0,23.0
RF,REGIONS FINANCIAL ,Financials,2026-03-30,30.0,11.0,19.0
FITB,FIFTH THIRD BANCORP,Financials,2026-03-30,30.0,44.0,-14.0
STT,STATE STREET ,Financials,2026-03-30,27.0,46.0,-19.0
AON,AON PLC,Financials,2026-03-30,26.0,32.0,-6.0
ICE,"INTERCONTINENTAL EXCHANGE, INC.",Financials,2026-03-30,26.0,36.0,-10.0
AXP,AMERICAN EXPRESS COMPANY,Financials,2026-03-30,26.0,56.0,-30.0
SYF,SYNCHRONY FINANCIAL,Financials,2026-03-30,26.0,26.0,0.0
PRU,"PRUDENTIAL FINANCIAL, INC.",Financials,2026-03-30,25.0,40.0,-15.0
IBKR,"INTERACTIVE BROKERS GROUP, INC.",Financials,2026-03-30,24.0,24.0,0.0
RJF,"RAYMOND JAMES FINANCIAL, INC.",Financials,2026-03-30,24.0,2.0,22.0
CME,CME GROUP INC.,Financials,2026-03-30,23.0,-15.0,38.0
AIG,"AMERICAN INTERNATIONAL GROUP, INC.",Financials,2026-03-30,20.0,12.0,8.0
EG,"EVEREST GROUP, LTD.",Financials,2026-03-30,18.0,9.0,9.0
JKHY,"JACK HENRY & ASSOCIATES, INC.",Financials,2026-03-30,17.0,32.0,-15.0
MET,"METLIFE, INC.",Financials,2026-03-30,17.0,56.0,-39.0
CBOE,"CBOE GLOBAL MARKETS, INC.",Financials,2026-03-30,16.0,44.0,-28.0
HIG,THE HARTFORD FINANCIAL SERVICES GROUP,Financials,2026-03-30,14.0,-23.0,37.0
XYZ,"BLOCK, INC.",Financials,2026-03-30,14.0,-14.0,28.0
ARES,ARES MANAGEMENT CORP,Financials,2026-03-30,14.0,14.0,0.0
IVZ,INVESCO LTD.,Financials,2026-03-30,13.0,46.0,-33.0
KEY,KEYCORP,Financials,2026-03-30,13.0,74.0,-61.0
MS,MORGAN STANLEY,Financials,2026-03-30,13.0,56.0,-43.0
AMP,"AMERIPRISE FINANCIAL, INC.",Financials,2026-03-30,12.0,12.0,0.0
JPM,JPMORGAN CHASE & CO.,Financials,2026-03-30,12.0,9.0,3.0
V,VISA INC.,Financials,2026-03-30,12.0,-11.0,23.0
AIZ,"ASSURANT, INC.",Financials,2026-03-30,12.0,27.0,-15.0
HBAN,HUNTINGTON BANCSHARES INC.,Financials,2026-03-30,11.0,62.0,-51.0
PNC,"THE PNC FINANCIAL SERVICES GROUP, INC.",Financials,2026-03-30,11.0,42.0,-31.0
TFC,TRUIST FINANCIAL ,Financials,2026-03-30,11.0,11.0,0.0
CFG,"CITIZENS FINANCIAL GROUP, INC.",Financials,2026-03-30,11.0,74.0,-63.0
GS,"THE GOLDMAN SACHS GROUP, INC.",Financials,2026-03-30,11.0,72.0,-61.0
USB,U.S. BANCORP,Financials,2026-03-30,11.0,19.0,-8.0
MCO,MOODY'S ,Financials,2026-03-30,9.0,-11.0,20.0
MSCI,MSCI INC.,Financials,2026-03-30,9.0,4.0,5.0
CB,CHUBB LTD,Financials,2026-03-30,9.0,27.0,-18.0
AFL,AFLAC INC.,Financials,2026-03-30,9.0,33.0,-24.0
MRSH,"MARSH & MCLENNAN COMPANIES, INC.",Financials,2026-03-30,4.0,-33.0,37.0
ALL,THE ALLSTATE ,Financials,2026-03-30,4.0,-20.0,24.0
SPGI,S&P GLOBAL INC.,Financials,2026-03-30,4.0,17.0,-13.0
CINF,CINCINNATI FINANCIAL ,Financials,2026-03-30,0.0,-20.0,20.0
BAC,BANK OF AMERICA ,Financials,2026-03-30,-2.0,56.0,-58.0
WFC,WELLS FARGO & COMPANY,Financials,2026-03-30,-2.0,58.0,-60.0
BRK.B,"BERKSHIRE HATHAWAY INC.,",Financials,2026-03-30,-3.0,-33.0,30.0
COF,CAPITAL ONE FINANCIAL ,Financials,2026-03-30,-4.0,-4.0,0.0
TROW,"T. ROWE PRICE GROUP, INC.",Financials,2026-03-30,-4.0,31.0,-35.0
ACGL,ARCH CAPITAL GROUP LTD.,Financials,2026-03-30,-4.0,19.0,-23.0
AJG,ARTHUR J. GALLAGHER & CO.,Financials,2026-03-30,-5.0,14.0,-19.0
PYPL,"PAYPAL HOLDINGS, INC.",Financials,2026-03-30,-5.0,-5.0,0.0
WRB,W. R. BERKLEY ,Financials,2026-03-30,-6.0,17.0,-23.0
ERIE,ERIE INDEMNITY COMPANY,Financials,2026-03-30,-6.0,-20.0,14.0
PGR,THE PROGRESSIVE ,Financials,2026-03-30,-9.0,-34.0,25.0
BRO,"BROWN & BROWN, INC.",Financials,2026-03-30,-9.0,-41.0,32.0
GL,GLOBE LIFE INC.,Financials,2026-03-30,-12.0,3.0,-15.0
FDS,FACTSET RESEARCH SYSTEMS INC.,Financials,2026-03-30,-15.0,-47.0,32.0
KKR,KKR & CO. INC.,Financials,2026-03-30,-17.0,-34.0,17.0
BX,BLACKSTONE INC,Financials,2026-03-30,-21.0,14.0,-35.0
FISV,"FISERV, INC.",Financials,2026-03-30,-21.0,-63.0,42.0
COIN,"COINBASE GLOBAL, INC.",Financials,2026-03-30,-26.0,-53.0,27.0
APO,"APOLLO GLOBAL MANAGEMENT, INC.",Financials,2026-03-30,-27.0,-14.0,-13.0
FIS,FIDELITY NATIONAL INFORMATION SERVICES,Financials,2026-03-30,-38.0,-38.0,0.0
HOOD,"ROBINHOOD MARKETS, INC.",Financials,2026-03-30,-43.0,-19.0,-24.0
QAT,ISHARES:MSCI QATAR,Foreign,2026-03-30,63.0,45.0,18.0
EWH,ISHARES:MSCI HONG KONG,Foreign,2026-03-30,62.0,37.0,25.0
EWS,ISHARES:MSCI SINGAPORE,Foreign,2026-03-30,54.0,54.0,0.0
TUR,ISHARES:MSCI TURKEY,Foreign,2026-03-30,54.0,61.0,-7.0
EWZ,ISHARES:MSCI BRAZIL,Foreign,2026-03-30,53.0,69.0,-16.0
ENZL,ISHARES:MSCI NEW ZLND,Foreign,2026-03-30,52.0,36.0,16.0
THD,ISHARES:MSCI THAI,Foreign,2026-03-30,45.0,6.0,39.0
MCHI,ISHARES:MSCI CHINA,Foreign,2026-03-30,38.0,61.0,-23.0
EIDO,ISHARES:MSCI INDONESIA,Foreign,2026-03-30,36.0,55.0,-19.0
EWT,ISHARES:MSCI TAIWAN,Foreign,2026-03-30,36.0,7.0,29.0
EWC,ISHARES:MSCI CANADA,Foreign,2026-03-30,35.0,31.0,4.0
EWQ,ISHARES:MSCI FRANCE,Foreign,2026-03-30,34.0,34.0,0.0
EWJ,ISHARES:MSCI JAPAN,Foreign,2026-03-30,34.0,11.0,23.0
EDEN,ISHARES:MSCI DENMARK,Foreign,2026-03-30,31.0,47.0,-16.0
EWU,ISHARES:MSCI UK,Foreign,2026-03-30,29.0,29.0,0.0
NORW,GLBL X MSCI NORWAY ETF,Foreign,2026-03-30,26.0,27.0,-1.0
EPHE,ISHARES:MSCI PHILIPPINES,Foreign,2026-03-30,24.0,16.0,8.0
EPU,ISHARES:MSCI PERU,Foreign,2026-03-30,21.0,21.0,0.0
EFNL,ISHARES:MSCI FINLAND,Foreign,2026-03-30,21.0,-24.0,45.0
EIS,ISHARES:MSCI ISRAEL,Foreign,2026-03-30,21.0,-1.0,22.0
VNM,VANECK:VIETNAM,Foreign,2026-03-30,20.0,36.0,-16.0
EIRL,ISHARES:MSCI IRELAND,Foreign,2026-03-30,16.0,16.0,0.0
EWM,ISHARES:MSCI MALAYSIA,Foreign,2026-03-30,13.0,54.0,-41.0
INDA,ISHARES:MSCI INDIA,Foreign,2026-03-30,11.0,11.0,0.0
EWA,ISHARES:MSCI AUSTRALIA,Foreign,2026-03-30,8.0,36.0,-28.0
EWW,ISHARES:MSCI MEXICO,Foreign,2026-03-30,7.0,23.0,-16.0
EWP,ISHARES:MSCI SPAIN,Foreign,2026-03-30,6.0,34.0,-28.0
EWO,ISHARES:MSCI AUSTRIA,Foreign,2026-03-30,0.0,0.0,0.0
EPOL,ISHARES:MSCI POLAND,Foreign,2026-03-30,0.0,0.0,0.0
ECH,ISHARES:MSCI CHILE,Foreign,2026-03-30,0.0,0.0,0.0
EWG,ISHARES:MSCI GERMANY,Foreign,2026-03-30,0.0,0.0,0.0
EWK,ISHARES:MSCI BELGIUM,Foreign,2026-03-30,0.0,0.0,0.0
EWL,ISHARES:MSCI SWITZERLAND,Foreign,2026-03-30,0.0,0.0,0.0
EWD,ISHARES:MSCI SWEDEN,Foreign,2026-03-30,0.0,0.0,0.0
EWI,ISHARES:MSCI ITALY,Foreign,2026-03-30,0.0,0.0,0.0
GREK,GLBL X MSCI GREECE,Foreign,2026-03-30,-0.0,6.0,-6.0
EWY,ISHARES:MSCI S KOREA,Foreign,2026-03-30,-32.0,12.0,-44.0
EWN,ISHARES:MSCI NETHERLANDS,Foreign,2026-03-30,-38.0,-38.0,0.0
NQ=F,NASDAQ 100 FUTURES,Futures,2026-03-30,54.0,-41.0,95.0
ES=F,E-MINI S&P 500 FUTURES,Futures,2026-03-30,35.0,-4.0,39.0
BTC=F,BITCOIN FUTURES,Futures,2026-03-30,-50.0,-50.0,0.0
BMY,BRISTOL-MYERS SQUIBB COMPANY,Health Care,2026-03-30,69.0,53.0,16.0
DHR,DANAHER ,Health Care,2026-03-30,61.0,34.0,27.0
DXCM,"DEXCOM, INC.",Health Care,2026-03-30,60.0,-18.0,78.0
TECH,BIO-TECHNE ,Health Care,2026-03-30,56.0,46.0,10.0
LH,LABORATORY  OF AMERICA HOLDINGS,Health Care,2026-03-30,55.0,23.0,32.0
DGX,QUEST DIAGNOSTICS INC.,Health Care,2026-03-30,55.0,55.0,0.0
JNJ,JOHNSON & JOHNSON,Health Care,2026-03-30,51.0,36.0,15.0
TMO,THERMO FISHER SCIENTIFIC INC.,Health Care,2026-03-30,48.0,48.0,0.0
MTD,METTLER-TOLEDO INTERNATIONAL INC.,Health Care,2026-03-30,48.0,67.0,-19.0
IDXX,"IDEXX LABORATORIES, INC.",Health Care,2026-03-30,44.0,27.0,17.0
ALGN,"ALIGN TECHNOLOGY, INC.",Health Care,2026-03-30,43.0,24.0,19.0
A,"AGILENT TECHNOLOGIES, INC.",Health Care,2026-03-30,40.0,56.0,-16.0
VRTX,VERTEX PHARMACEUTICALS INC.,Health Care,2026-03-30,37.0,8.0,29.0
CNC,CENTENE ,Health Care,2026-03-30,36.0,-14.0,50.0
MOH,"MOLINA HEALTHCARE, INC.",Health Care,2026-03-30,36.0,-8.0,44.0
ZTS,ZOETIS INC.,Health Care,2026-03-30,35.0,9.0,26.0
MCK,MCKESSON ,Health Care,2026-03-30,35.0,35.0,0.0
CAH,"CARDINAL HEALTH, INC.",Health Care,2026-03-30,33.0,33.0,0.0
MRNA,"MODERNA, INC.",Health Care,2026-03-30,33.0,10.0,23.0
INCY,INCYTE ,Health Care,2026-03-30,33.0,33.0,0.0
VTRS,VIATRIS INC.,Health Care,2026-03-30,30.0,23.0,7.0
WAT,WATERS ,Health Care,2026-03-30,29.0,40.0,-11.0
STE,STERIS PUBLIC LIMITED COMPANY,Health Care,2026-03-30,27.0,46.0,-19.0
AMGN,AMGEN INC.,Health Care,2026-03-30,27.0,35.0,-8.0
BDX,"BECTON, DICKINSON AND COMPANY",Health Care,2026-03-30,27.0,27.0,0.0
CRL,CHARLES RIVER LABORATORIES,Health Care,2026-03-30,26.0,36.0,-10.0
GEHC,GE HEALTHCARE TECHNOLOGIES INC.,Health Care,2026-03-30,25.0,73.0,-48.0
PFE,PFIZER INC.,Health Care,2026-03-30,25.0,2.0,23.0
RVTY,"REVVITY, INC.",Health Care,2026-03-30,24.0,62.0,-38.0
HUM,HUMANA INC.,Health Care,2026-03-30,23.0,43.0,-20.0
HSIC,"HENRY SCHEIN, INC.",Health Care,2026-03-30,23.0,23.0,0.0
BIIB,BIOGEN INC.,Health Care,2026-03-30,22.0,44.0,-22.0
ELV,"ELEVANCE HEALTH, INC.",Health Care,2026-03-30,18.0,26.0,-8.0
IQV,IQVIA HOLDINGS INC,Health Care,2026-03-30,17.0,17.0,0.0
MRK,"MERCK & CO., INC.",Health Care,2026-03-30,17.0,-22.0,39.0
BAX,BAXTER INTERNATIONAL INC.,Health Care,2026-03-30,14.0,16.0,-2.0
REGN,"REGENERON PHARMACEUTICALS, INC.",Health Care,2026-03-30,14.0,14.0,0.0
CVS,CVS HEALTH ,Health Care,2026-03-30,13.0,13.0,0.0
ABT,ABBOTT LABORATORIES,Health Care,2026-03-30,12.0,12.0,0.0
CI,THE CIGNA GROUP,Health Care,2026-03-30,12.0,9.0,3.0
ISRG,"INTUITIVE SURGICAL, INC.",Health Care,2026-03-30,12.0,-11.0,23.0
COO,"THE COOPER COMPANIES, INC.",Health Care,2026-03-30,11.0,11.0,0.0
UHS,"UNIVERSAL HEALTH SERVICES, INC.",Health Care,2026-03-30,11.0,11.0,0.0
SOLV,SOLVENTUM ,Health Care,2026-03-30,9.0,33.0,-24.0
ABBV,ABBVIE INC.,Health Care,2026-03-30,9.0,44.0,-35.0
HOLX,"HOLOGIC, INC.",Health Care,2026-03-30,7.0,-10.0,17.0
DVA,DAVITA INC.,Health Care,2026-03-30,6.0,6.0,0.0
PODD,INSULET ,Health Care,2026-03-30,2.0,2.0,0.0
HCA,"HCA HEALTHCARE, INC.",Health Care,2026-03-30,0.0,-20.0,20.0
MDT,MEDTRONIC PUBLIC LIMITED COMPANY,Health Care,2026-03-30,0.0,0.0,0.0
SYK,STRYKER ,Health Care,2026-03-30,0.0,0.0,0.0
COR,"CENCORA, INC.",Health Care,2026-03-30,0.0,33.0,-33.0
WST,"WEST PHARMACEUTICAL SERVICES, INC.",Health Care,2026-03-30,-1.0,34.0,-35.0
ZBH,"ZIMMER BIOMET HOLDINGS, INC.",Health Care,2026-03-30,-1.0,-4.0,3.0
BSX,BOSTON SCIENTIFIC ,Health Care,2026-03-30,-5.0,-36.0,31.0
EW,EDWARDS LIFESCIENCES ,Health Care,2026-03-30,-12.0,3.0,-15.0
GILD,"GILEAD SCIENCES, INC.",Health Care,2026-03-30,-17.0,20.0,-37.0
RMD,RESMED INC.,Health Care,2026-03-30,-20.0,33.0,-53.0
UNH,UNITEDHEALTH GROUP INC.,Health Care,2026-03-30,-34.0,-63.0,29.0
LLY,ELI LILLY AND COMPANY,Health Care,2026-03-30,-35.0,9.0,-44.0
SPX,S&P 500 INDEX,Indices,2026-03-30,35.0,-28.0,63.0
DJI,DOW JONES INDUSTRIAL AVG INDEX,Indices,2026-03-30,35.0,-6.0,41.0
NDX,NASDAQ 100 INDEX,Indices,2026-03-30,24.0,-26.0,50.0
RUT,RUSSELL 2000 INDEX,Indices,2026-03-30,16.0,18.0,-2.0
DXY,US DOLLAR INDEX,Indices,2026-03-30,-51.0,-51.0,0.0
CSX,CSX ,Industrials,2026-03-30,81.0,62.0,19.0
FAST,FASTENAL COMPANY,Industrials,2026-03-30,75.0,36.0,39.0
NSC,NORFOLK SOUTHERN ,Industrials,2026-03-30,73.0,44.0,29.0
UNP,UNION PACIFIC ,Industrials,2026-03-30,73.0,27.0,46.0
ODFL,"OLD DOMINION FREIGHT LINE, INC.",Industrials,2026-03-30,72.0,51.0,21.0
PCAR,PACCAR INC,Industrials,2026-03-30,62.0,33.0,29.0
ITW,ILLINOIS TOOL WORKS INC.,Industrials,2026-03-30,60.0,37.0,23.0
HON,HONEYWELL INTERNATIONAL INC.,Industrials,2026-03-30,55.0,13.0,42.0
DE,DEERE & COMPANY,Industrials,2026-03-30,55.0,30.0,25.0
WAB,WESTINGHOUSE AIR BRAKE TECHNOLOGIES ,Industrials,2026-03-30,49.0,73.0,-24.0
DAL,"DELTA AIR LINES, INC.",Industrials,2026-03-30,45.0,45.0,0.0
EXPD,EXPEDITORS INTERNATIONAL OF WASHINGTON,Industrials,2026-03-30,44.0,44.0,0.0
PH,PARKER-HANNIFIN ,Industrials,2026-03-30,41.0,44.0,-3.0
CTAS,CINTAS ,Industrials,2026-03-30,41.0,-13.0,54.0
LII,LENNOX INTERNATIONAL INC.,Industrials,2026-03-30,41.0,41.0,0.0
TT,TRANE TECHNOLOGIES PLC,Industrials,2026-03-30,41.0,28.0,13.0
RSG,"REPUBLIC SERVICES, INC.",Industrials,2026-03-30,40.0,-21.0,61.0
SNA,SNAP-ON INC.,Industrials,2026-03-30,36.0,35.0,1.0
NDSN,NORDSON ,Industrials,2026-03-30,36.0,36.0,0.0
DOV,DOVER ,Industrials,2026-03-30,36.0,83.0,-47.0
WM,"WASTE MANAGEMENT, INC.",Industrials,2026-03-30,36.0,14.0,22.0
HUBB,HUBBELL INC.,Industrials,2026-03-30,36.0,53.0,-17.0
JBHT,"J. B. HUNT TRANSPORT SERVICES, INC.",Industrials,2026-03-30,36.0,20.0,16.0
GEV,GE VERNOVA INC.,Industrials,2026-03-30,34.0,101.0,-67.0
CARR,CARRIER GLOBAL ,Industrials,2026-03-30,34.0,34.0,0.0
MMM,3M COMPANY,Industrials,2026-03-30,34.0,34.0,0.0
EMR,EMERSON ELECTRIC CO.,Industrials,2026-03-30,33.0,-20.0,53.0
AME,"AMETEK, INC.",Industrials,2026-03-30,33.0,34.0,-1.0
GWW,"W.W. GRAINGER, INC.",Industrials,2026-03-30,31.0,12.0,19.0
JCI,JOHNSON CONTROLS INTERNATIONAL PLC,Industrials,2026-03-30,29.0,37.0,-8.0
CAT,CATERPILLAR INC.,Industrials,2026-03-30,28.0,55.0,-27.0
TXT,TEXTRON INC.,Industrials,2026-03-30,27.0,27.0,0.0
GD,GENERAL DYNAMICS ,Industrials,2026-03-30,27.0,35.0,-8.0
J,JACOBS SOLUTIONS INC.,Industrials,2026-03-30,27.0,27.0,0.0
PAYC,"PAYCOM SOFTWARE, INC.",Industrials,2026-03-30,26.0,5.0,21.0
ETN,EATON  PUBLIC LIMITED COMPANY,Industrials,2026-03-30,25.0,22.0,3.0
ROL,"ROLLINS, INC.",Industrials,2026-03-30,24.0,24.0,0.0
IR,INGERSOLL RAND INC.,Industrials,2026-03-30,24.0,24.0,0.0
URI,"UNITED RENTALS, INC.",Industrials,2026-03-30,24.0,40.0,-16.0
ALLE,ALLEGION PUBLIC LIMITED COMPANY,Industrials,2026-03-30,24.0,24.0,0.0
XYL,XYLEM INC.,Industrials,2026-03-30,24.0,27.0,-3.0
CMI,CUMMINS INC.,Industrials,2026-03-30,24.0,-18.0,42.0
GNRC,GENERAC HOLDINGS INC.,Industrials,2026-03-30,23.0,23.0,0.0
FDX,FEDEX ,Industrials,2026-03-30,23.0,23.0,0.0
CHRW,"C.H. ROBINSON WORLDWIDE, INC.",Industrials,2026-03-30,20.0,28.0,-8.0
UPS,"UNITED PARCEL SERVICE, INC.",Industrials,2026-03-30,20.0,2.0,18.0
PWR,"QUANTA SERVICES, INC.",Industrials,2026-03-30,20.0,52.0,-32.0
ROK,"ROCKWELL AUTOMATION, INC.",Industrials,2026-03-30,19.0,19.0,0.0
TDG,TRANSDIGM GROUP INC.,Industrials,2026-03-30,17.0,-35.0,52.0
SWK,"STANLEY BLACK & DECKER, INC.",Industrials,2026-03-30,14.0,-11.0,25.0
CPRT,"COPART, INC.",Industrials,2026-03-30,12.0,12.0,0.0
UAL,"UNITED AIRLINES HOLDINGS, INC.",Industrials,2026-03-30,11.0,24.0,-13.0
BA,THE BOEING COMPANY,Industrials,2026-03-30,11.0,11.0,0.0
IEX,IDEX ,Industrials,2026-03-30,11.0,4.0,7.0
PNR,PENTAIR PUBLIC LIMITED COMPANY,Industrials,2026-03-30,9.0,9.0,0.0
EFX,EQUIFAX INC.,Industrials,2026-03-30,9.0,-12.0,21.0
EME,"EMCOR GROUP, INC.",Industrials,2026-03-30,9.0,37.0,-28.0
FTV,FORTIVE ,Industrials,2026-03-30,4.0,4.0,0.0
LMT,LOCKHEED MARTIN ,Industrials,2026-03-30,4.0,23.0,-19.0
LDOS,"LEIDOS HOLDINGS, INC.",Industrials,2026-03-30,2.0,2.0,0.0
MAS,MASCO ,Industrials,2026-03-30,2.0,24.0,-22.0
UBER,"UBER TECHNOLOGIES, INC.",Industrials,2026-03-30,2.0,-32.0,34.0
AOS,A. O. SMITH ,Industrials,2026-03-30,0.0,0.0,0.0
LUV,SOUTHWEST AIRLINES CO.,Industrials,2026-03-30,0.0,0.0,0.0
OTIS,OTIS WORLDWIDE ,Industrials,2026-03-30,0.0,0.0,0.0
FIX,"COMFORT SYSTEMS USA, INC.",Industrials,2026-03-30,-10.0,42.0,-52.0
GE,GENERAL ELECTRIC COMPANY,Industrials,2026-03-30,-13.0,-13.0,0.0
PAYX,"PAYCHEX, INC.",Industrials,2026-03-30,-14.0,-14.0,0.0
LHX,"L3HARRIS TECHNOLOGIES, INC.",Industrials,2026-03-30,-15.0,30.0,-45.0
HII,"HUNTINGTON INGALLS INDUSTRIES, INC.",Industrials,2026-03-30,-15.0,23.0,-38.0
NOC,NORTHROP GRUMMAN ,Industrials,2026-03-30,-15.0,47.0,-62.0
BR,"BROADRIDGE FINANCIAL SOLUTIONS, INC.",Industrials,2026-03-30,-16.0,-11.0,-5.0
VRSK,"VERISK ANALYTICS, INC.",Industrials,2026-03-30,-17.0,-38.0,21.0
RTX,RTX ,Industrials,2026-03-30,-20.0,-13.0,-7.0
VLTO,VERALTO ,Industrials,2026-03-30,-20.0,-20.0,0.0
HWM,HOWMET AEROSPACE INC.,Industrials,2026-03-30,-20.0,33.0,-53.0
ADP,"AUTOMATIC DATA PROCESSING, INC.",Industrials,2026-03-30,-25.0,17.0,-42.0
AXON,"AXON ENTERPRISE, INC.",Industrials,2026-03-30,-33.0,-38.0,5.0
BLDR,"BUILDERS FIRSTSOURCE, INC.",Industrials,2026-03-30,-35.0,-13.0,-22.0
TXN,TEXAS INSTRUMENTS INC.,Information Technology,2026-03-30,57.0,57.0,0.0
TEL,TE CONNECTIVITY LTD,Information Technology,2026-03-30,56.0,27.0,29.0
CSCO,"CISCO SYSTEMS, INC.",Information Technology,2026-03-30,47.0,34.0,13.0
APP,APPLOVIN CORP,Information Technology,2026-03-30,37.0,-19.0,56.0
TER,"TERADYNE, INC.",Information Technology,2026-03-30,37.0,84.0,-47.0
INTC,INTEL ,Information Technology,2026-03-30,35.0,53.0,-18.0
HPE,HEWLETT PACKARD ENTERPRISE COMPANY,Information Technology,2026-03-30,35.0,33.0,2.0
Q,"QNITY ELECTRONICS, INC.",Information Technology,2026-03-30,34.0,83.0,-49.0
MPWR,"MONOLITHIC POWER SYSTEMS, INC.",Information Technology,2026-03-30,33.0,93.0,-60.0
ZBRA,ZEBRA TECHNOLOGIES ,Information Technology,2026-03-30,28.0,37.0,-9.0
ADI,"ANALOG DEVICES, INC.",Information Technology,2026-03-30,28.0,62.0,-34.0
AAPL,APPLE INC.,Information Technology,2026-03-30,27.0,93.0,-66.0
DDOG,"DATADOG, INC.",Information Technology,2026-03-30,26.0,5.0,21.0
NXPI,NXP SEMICONDUCTORS NV,Information Technology,2026-03-30,24.0,46.0,-22.0
GEN,GEN DIGITAL INC.,Information Technology,2026-03-30,24.0,2.0,22.0
KEYS,"KEYSIGHT TECHNOLOGIES, INC.",Information Technology,2026-03-30,23.0,36.0,-13.0
PTC,PTC INC.,Information Technology,2026-03-30,19.0,-33.0,52.0
NVDA,NVIDIA ,Information Technology,2026-03-30,17.0,-38.0,55.0
MCHP,MICROCHIP TECHNOLOGY INC.,Information Technology,2026-03-30,16.0,60.0,-44.0
ANET,"ARISTA NETWORKS, INC.",Information Technology,2026-03-30,15.0,-25.0,40.0
GLW,CORNING INC.,Information Technology,2026-03-30,14.0,63.0,-49.0
STX,SEAGATE TECHNOLOGY HOLDINGS,Information Technology,2026-03-30,13.0,86.0,-73.0
CDW,CDW ,Information Technology,2026-03-30,12.0,-26.0,38.0
PLTR,PALANTIR TECHNOLOGIES INC.,Information Technology,2026-03-30,12.0,-25.0,37.0
FSLR,"FIRST SOLAR, INC.",Information Technology,2026-03-30,11.0,26.0,-15.0
ON,ON SEMICONDUCTOR ,Information Technology,2026-03-30,11.0,47.0,-36.0
CDNS,"CADENCE DESIGN SYSTEMS, INC.",Information Technology,2026-03-30,9.0,-42.0,51.0
AMD,"ADVANCED MICRO DEVICES, INC.",Information Technology,2026-03-30,7.0,0.0,7.0
EPAM,"EPAM SYSTEMS, INC.",Information Technology,2026-03-30,7.0,-7.0,14.0
FTNT,"FORTINET, INC.",Information Technology,2026-03-30,2.0,-47.0,49.0
FICO,FAIR ISAAC ,Information Technology,2026-03-30,0.0,-0.0,0.0
CIEN,CIENA CORPORATION,Information Technology,2026-03-30,-0.0,42.0,-42.0
SWKS,"SKYWORKS SOLUTIONS, INC.",Information Technology,2026-03-30,-1.0,75.0,-76.0
CTSH,COGNIZANT TECHNOLOGY SOLUTIONS ,Information Technology,2026-03-30,-3.0,3.0,-6.0
SMCI,"SUPER MICRO COMPUTER, INC.",Information Technology,2026-03-30,-4.0,-0.0,-4.0
AVGO,BROADCOM INC.,Information Technology,2026-03-30,-5.0,25.0,-30.0
ACN,ACCENTURE PUBLIC LIMITED COMPANY,Information Technology,2026-03-30,-5.0,-16.0,11.0
CRWD,"CROWDSTRIKE HOLDINGS, INC.",Information Technology,2026-03-30,-5.0,-25.0,20.0
FFIV,"F5, INC.",Information Technology,2026-03-30,-5.0,2.0,-7.0
KLAC,KLA ,Information Technology,2026-03-30,-9.0,84.0,-93.0
JBL,JABIL INC.,Information Technology,2026-03-30,-10.0,74.0,-84.0
LRCX,LAM RESEARCH ,Information Technology,2026-03-30,-11.0,37.0,-48.0
MSFT,MICROSOFT ,Information Technology,2026-03-30,-11.0,-11.0,0.0
TRMB,TRIMBLE INC.,Information Technology,2026-03-30,-11.0,17.0,-28.0
WDC,WESTERN DIGITAL ,Information Technology,2026-03-30,-11.0,86.0,-97.0
SNDK,SANDISK CORPORATION,Information Technology,2026-03-30,-12.0,69.0,-81.0
PANW,"PALO ALTO NETWORKS, INC.",Information Technology,2026-03-30,-14.0,-26.0,12.0
AMAT,"APPLIED MATERIALS, INC.",Information Technology,2026-03-30,-15.0,77.0,-92.0
TDY,TELEDYNE TECHNOLOGIES INC.,Information Technology,2026-03-30,-17.0,-17.0,0.0
MSI,"MOTOROLA SOLUTIONS, INC.",Information Technology,2026-03-30,-18.0,-18.0,0.0
QCOM,QUALCOMM INC.,Information Technology,2026-03-30,-20.0,-20.0,0.0
APH,AMPHENOL ,Information Technology,2026-03-30,-20.0,-20.0,0.0
HPQ,HP INC.,Information Technology,2026-03-30,-20.0,-46.0,26.0
VRSN,"VERISIGN, INC.",Information Technology,2026-03-30,-23.0,-40.0,17.0
IBM,INTERNATIONAL BUSINESS MACHINES ,Information Technology,2026-03-30,-25.0,-25.0,0.0
ORCL,ORACLE ,Information Technology,2026-03-30,-25.0,-25.0,0.0
CRM,"SALESFORCE, INC.",Information Technology,2026-03-30,-26.0,-26.0,0.0
ADSK,"AUTODESK, INC.",Information Technology,2026-03-30,-26.0,14.0,-40.0
TYL,"TYLER TECHNOLOGIES, INC.",Information Technology,2026-03-30,-27.0,-42.0,15.0
AKAM,"AKAMAI TECHNOLOGIES, INC.",Information Technology,2026-03-30,-27.0,-27.0,0.0
DELL,DELL TECHNOLOGIES INC.,Information Technology,2026-03-30,-27.0,-27.0,0.0
IT,"GARTNER, INC.",Information Technology,2026-03-30,-32.0,-47.0,15.0
MU,"MICRON TECHNOLOGY, INC.",Information Technology,2026-03-30,-32.0,-8.0,-24.0
NTAP,"NETAPP, INC.",Information Technology,2026-03-30,-32.0,-21.0,-11.0
ROP,"ROPER TECHNOLOGIES, INC.",Information Technology,2026-03-30,-36.0,-52.0,16.0
SNPS,"SYNOPSYS, INC.",Information Technology,2026-03-30,-38.0,-6.0,-32.0
NOW,"SERVICENOW, INC.",Information Technology,2026-03-30,-39.0,-46.0,7.0
ADBE,ADOBE INC.,Information Technology,2026-03-30,-39.0,2.0,-41.0
GDDY,GODADDY INC.,Information Technology,2026-03-30,-42.0,-42.0,0.0
WDAY,"WORKDAY, INC.",Information Technology,2026-03-30,-47.0,-46.0,-1.0
INTU,INTUIT INC.,Information Technology,2026-03-30,-64.0,-64.0,0.0
STLA,STELLANTIS NV,MR Discretion,2026-03-30,75.0,49.0,26.0
FTI,TECHNIPFMC PLC,MR Discretion,2026-03-30,69.0,58.0,11.0
DHT,"DHT HOLDINGS, INC.",MR Discretion,2026-03-30,69.0,69.0,0.0
ASC,ARDMORE SHIPPING ,MR Discretion,2026-03-30,69.0,55.0,14.0
STNG,SCORPIO TANKERS INC.,MR Discretion,2026-03-30,65.0,59.0,6.0
TECK,TECK RESOURCES LIMITED,MR Discretion,2026-03-30,61.0,37.0,24.0
CALM,"CAL-MAINE FOODS, INC.",MR Discretion,2026-03-30,54.0,53.0,1.0
GNK,GENCO SHIPPING & TRADING LIMITED,MR Discretion,2026-03-30,53.0,83.0,-30.0
GGB,GERDAU SA,MR Discretion,2026-03-30,47.0,33.0,14.0
NOV,NOV INC.,MR Discretion,2026-03-30,45.0,43.0,2.0
CMBT,CMB.TECH NV,MR Discretion,2026-03-30,45.0,45.0,0.0
BTI,BRITISH AMERICAN TOBACCO P.L.C.,MR Discretion,2026-03-30,45.0,45.0,0.0
SD,"SANDRIDGE ENERGY, INC.",MR Discretion,2026-03-30,44.0,48.0,-4.0
XES,SPDR S&P OIL&GAS E&S,MR Discretion,2026-03-30,33.0,6.0,27.0
RIG,TRANSOCEAN LTD,MR Discretion,2026-03-30,33.0,6.0,27.0
VAL,VALARIS LIMITED,MR Discretion,2026-03-30,33.0,6.0,27.0
TS,TENARIS SA,MR Discretion,2026-03-30,33.0,-2.0,35.0
ROKU,"ROKU, INC.",MR Discretion,2026-03-30,29.0,29.0,0.0
SBLK,STAR BULK CARRIERS CORP.,MR Discretion,2026-03-30,23.0,23.0,0.0
FRO,FRONTLINE PLC,MR Discretion,2026-03-30,21.0,21.0,0.0
GLATF,GLOBAL ATOMIC ,MR Discretion,2026-03-30,18.0,5.0,13.0
CCJ,CAMECO ,MR Discretion,2026-03-30,12.0,12.0,0.0
TDW,TIDEWATER INC.,MR Discretion,2026-03-30,6.0,6.0,0.0
URNM,SPROTT URANIUM MINERS,MR Discretion,2026-03-30,6.0,24.0,-18.0
BTU,PEABODY ENERGY ,MR Discretion,2026-03-30,1.0,1.0,0.0
CNR,"CORE NATURAL RESOURCES, INC.",MR Discretion,2026-03-30,-2.0,-2.0,0.0
ICL,ICL GROUP LTD,MR Discretion,2026-03-30,-13.0,25.0,-38.0
MP,MP MATERIALS CORP,MR Discretion,2026-03-30,-13.0,63.0,-76.0
HLX,"HELIX ENERGY SOLUTIONS GROUP, INC.",MR Discretion,2026-03-30,-16.0,-23.0,7.0
GEOS,GEOSPACE TECHNOLOGIES ,MR Discretion,2026-03-30,-25.0,-35.0,10.0
PAM,PAMPA ENERGIA SA,MR Discretion,2026-03-30,-26.0,-24.0,-2.0
PBR,BRAZILIAN PETROLEUM  - PETROBRAS,MR Discretion,2026-03-30,-28.0,-30.0,2.0
EC,ECOPETROL SA,MR Discretion,2026-03-30,-34.0,-37.0,3.0
SM,SM ENERGY COMPANY,MR Discretion,2026-03-30,-43.0,-43.0,0.0
CMRE,COSTAMARE INC.,MR Discretion,2026-03-30,-45.0,91.0,-136.0
CRESY,CRESUD INC.,MR Discretion,2026-03-30,-48.0,-7.0,-41.0
XOP,SPDR S&P OIL&GAS EXP,MR Discretion,2026-03-30,-54.0,-37.0,-17.0
PPG,"PPG INDUSTRIES, INC.",Materials,2026-03-30,86.0,31.0,55.0
STLD,"STEEL DYNAMICS, INC.",Materials,2026-03-30,65.0,35.0,30.0
ALB,ALBEMARLE ,Materials,2026-03-30,62.0,51.0,11.0
AVY,AVERY DENNISON ,Materials,2026-03-30,55.0,0.0,55.0
DD,"DUPONT DE NEMOURS, INC.",Materials,2026-03-30,55.0,23.0,32.0
IFF,INTERNATIONAL FLAVORS & FRAGRANCES INC.,Materials,2026-03-30,53.0,53.0,0.0
CRH,CRH PUBLIC LIMITED COMPANY,Materials,2026-03-30,39.0,58.0,-19.0
FCX,FREEPORT-MCMORAN INC.,Materials,2026-03-30,37.0,37.0,0.0
AMCR,AMCOR PLC,Materials,2026-03-30,35.0,29.0,6.0
PKG,PACKAGING  OF AMERICA,Materials,2026-03-30,35.0,35.0,0.0
IP,INTERNATIONAL PAPER COMPANY,Materials,2026-03-30,34.0,14.0,20.0
BALL,BALL ,Materials,2026-03-30,31.0,28.0,3.0
SW,SMURFIT WESTROCK PUBLIC LIMITED COMPANY,Materials,2026-03-30,27.0,56.0,-29.0
SHW,THE SHERWIN-WILLIAMS COMPANY,Materials,2026-03-30,18.0,0.0,18.0
CTVA,"CORTEVA, INC.",Materials,2026-03-30,15.0,-3.0,18.0
NUE,NUCOR ,Materials,2026-03-30,4.0,46.0,-42.0
MOS,THE MOSAIC COMPANY,Materials,2026-03-30,3.0,56.0,-53.0
ECL,ECOLAB INC.,Materials,2026-03-30,0.0,0.0,0.0
MLM,"MARTIN MARIETTA MATERIALS, INC.",Materials,2026-03-30,0.0,0.0,0.0
VMC,VULCAN MATERIALS COMPANY,Materials,2026-03-30,0.0,0.0,0.0
NEM,NEWMONT ,Materials,2026-03-30,0.0,0.0,0.0
LIN,LINDE PUBLIC LIMITED COMPANY,Materials,2026-03-30,-1.0,-1.0,0.0
APD,"AIR PRODUCTS AND CHEMICALS, INC.",Materials,2026-03-30,-6.0,-38.0,32.0
LYB,LYONDELLBASELL INDUSTRIES NV,Materials,2026-03-30,-17.0,-51.0,34.0
DOW,DOW INC.,Materials,2026-03-30,-30.0,-51.0,21.0
CF,"CF INDUSTRIES HOLDINGS, INC.",Materials,2026-03-30,-31.0,-67.0,36.0
PSA,PUBLIC STORAGE.,Real Estate,2026-03-30,73.0,-10.0,83.0
DOC,"HEALTHDOC PROPERTIES, INC.",Real Estate,2026-03-30,62.0,62.0,0.0
REG,REGENCY CENTERS ,Real Estate,2026-03-30,60.0,27.0,33.0
HST,"HOST HOTELS & RESORTS, INC.",Real Estate,2026-03-30,57.0,65.0,-8.0
O,REALTY INCOME ,Real Estate,2026-03-30,55.0,30.0,25.0
KIM,KIMCO REALTY .,Real Estate,2026-03-30,45.0,17.0,28.0
BXP,"BOSTON PROPERTIES, INC.",Real Estate,2026-03-30,40.0,74.0,-34.0
FRT,FEDERAL REALTY INVESTMENT TRUST,Real Estate,2026-03-30,37.0,9.0,28.0
INVH,INVITATION HOMES INC.,Real Estate,2026-03-30,36.0,-11.0,47.0
EQR,EQUITY RESIDENTIAL,Real Estate,2026-03-30,35.0,19.0,16.0
AMT,AMERICAN TOWER ,Real Estate,2026-03-30,32.0,4.0,28.0
VTR,"VENTAS, INC.",Real Estate,2026-03-30,31.0,37.0,-6.0
WELL,WELLTOWER INC.,Real Estate,2026-03-30,29.0,37.0,-8.0
CBRE,"CBRE GROUP, INC.",Real Estate,2026-03-30,27.0,27.0,0.0
PLD,"PROLOGIS, INC.",Real Estate,2026-03-30,24.0,24.0,0.0
UDR,"UDR, INC.",Real Estate,2026-03-30,24.0,2.0,22.0
CCI,CROWN CASTLE INC.,Real Estate,2026-03-30,24.0,-18.0,42.0
EQIX,"EQUINIX, INC.",Real Estate,2026-03-30,20.0,20.0,0.0
EXR,EXTRA SPACE STORAGE INC.,Real Estate,2026-03-30,20.0,20.0,0.0
WY,WEYERHAEUSER COMPANY,Real Estate,2026-03-30,20.0,13.0,7.0
ARE,"ALEXANDRIA REAL ESTATE EQUITIES, INC.",Real Estate,2026-03-30,14.0,40.0,-26.0
DLR,"DIGITAL REALTY TRUST, INC.",Real Estate,2026-03-30,12.0,-26.0,38.0
AVB,"AVALONBAY COMMUNITIES, INC.",Real Estate,2026-03-30,12.0,12.0,0.0
VICI,VICI PROPERTIES INC.,Real Estate,2026-03-30,8.0,8.0,0.0
CPT,CAMDEN PROPERTY TRUST,Real Estate,2026-03-30,0.0,0.0,0.0
SBAC,SBA COMMUNICATIONS ,Real Estate,2026-03-30,0.0,-0.0,0.0
MAA,"MID-AMERICA APARTMENT COMMUNITIES, INC.",Real Estate,2026-03-30,0.0,-20.0,20.0
SPG,"SIMON PROPERTY GROUP, INC.",Real Estate,2026-03-30,0.0,0.0,0.0
IRM,IRON MOUNTAIN INC.,Real Estate,2026-03-30,-12.0,-12.0,0.0
CSGP,"COSTAR GROUP, INC.",Real Estate,2026-03-30,-16.0,-16.0,0.0
ESS,"ESSEX PROPERTY TRUST, INC.",Real Estate,2026-03-30,-20.0,12.0,-32.0
SPLV,INVESCO S&P500 LOWVL,Sector & Style ETFs,2026-03-30,67.0,65.0,2.0
SDY,SPDR S&P DIVIDEND,Sector & Style ETFs,2026-03-30,62.0,42.0,20.0
SPY,SPDR S&P 500 ETF,Sector & Style ETFs,2026-03-30,58.0,-4.0,62.0
MDY,SPDR S&P MIDCAP 400 ETF,Sector & Style ETFs,2026-03-30,55.0,13.0,42.0
MTUM,ISHARES:MSCI USA MOM FCT,Sector & Style ETFs,2026-03-30,55.0,9.0,46.0
XLU,SEL SECTOR:UTIL SPDR,Sector & Style ETFs,2026-03-30,53.0,61.0,-8.0
RSP,INVESCO S&P500 EWGHT,Sector & Style ETFs,2026-03-30,52.0,13.0,39.0
DIA,SPDR DOW JONES INDUS AVG,Sector & Style ETFs,2026-03-30,52.0,11.0,41.0
OEF,ISHARES:S&P 100,Sector & Style ETFs,2026-03-30,47.0,-4.0,51.0
XLB,SEL SECTOR:MATRLS SPDR,Sector & Style ETFs,2026-03-30,45.0,31.0,14.0
IWF,ISHARES:RUSS 1000 GR ETF,Sector & Style ETFs,2026-03-30,44.0,13.0,31.0
QUAL,ISHARES:MSCI USA QF,Sector & Style ETFs,2026-03-30,42.0,3.0,39.0
XLC,SEL SECTOR:COMM SVC SPDR,Sector & Style ETFs,2026-03-30,41.0,-13.0,54.0
XLI,SEL SECTOR:INDUST SPDR,Sector & Style ETFs,2026-03-30,41.0,-10.0,51.0
QQQ,INVESCO QQQ TRUST 1,Sector & Style ETFs,2026-03-30,41.0,-10.0,51.0
IWD,ISHARES:RUSS 1000 VL ETF,Sector & Style ETFs,2026-03-30,39.0,13.0,26.0
XLRE,SEL SECTOR:RL EST SPDR,Sector & Style ETFs,2026-03-30,36.0,55.0,-19.0
SPHB,INVESCO S&P500 HI BE,Sector & Style ETFs,2026-03-30,35.0,-18.0,53.0
XLK,SEL SECTOR:TECH SPDR,Sector & Style ETFs,2026-03-30,35.0,27.0,8.0
XLY,SEL SECTOR:C DSC SPDR,Sector & Style ETFs,2026-03-30,34.0,16.0,18.0
IWM,ISHARES:RUSS 2000 ETF,Sector & Style ETFs,2026-03-30,34.0,42.0,-8.0
XLV,SEL SECTOR:H CARE SPDR,Sector & Style ETFs,2026-03-30,24.0,41.0,-17.0
XLF,SEL SECTOR:FINL S SPDR,Sector & Style ETFs,2026-03-30,12.0,-9.0,21.0
POWA,INVESCO BLOOMBERG PRICING POWER,Sector & Style ETFs,2026-03-30,0.0,0.0,0.0
XLP,SEL SECTOR:C STP SPDR,Sector & Style ETFs,2026-03-30,0.0,0.0,0.0
SMH,VANECK:SEMICONDUCTOR,Sector & Style ETFs,2026-03-30,-13.0,44.0,-57.0
XLE,SEL SECTOR:ENERGY SPDR,Sector & Style ETFs,2026-03-30,-34.0,-22.0,-12.0
NI,NISOURCE INC.,Utilities,2026-03-30,84.0,86.0,-2.0
EVRG,"EVERGY, INC.",Utilities,2026-03-30,77.0,77.0,0.0
LNT,ALLIANT ENERGY ,Utilities,2026-03-30,76.0,84.0,-8.0
PNW,PINNACLE WEST CAPITAL ,Utilities,2026-03-30,76.0,76.0,0.0
ATO,ATMOS ENERGY ,Utilities,2026-03-30,71.0,89.0,-18.0
AEP,"AMERICAN ELECTRIC POWER COMPANY, INC.",Utilities,2026-03-30,66.0,52.0,14.0
EXC,EXELON ,Utilities,2026-03-30,61.0,34.0,27.0
AEE,AMEREN ,Utilities,2026-03-30,59.0,84.0,-25.0
NEE,"NEXTERA ENERGY, INC.",Utilities,2026-03-30,54.0,65.0,-11.0
WEC,"WEC ENERGY GROUP, INC.",Utilities,2026-03-30,51.0,84.0,-33.0
CNP,"CENTERPOINT ENERGY, INC.",Utilities,2026-03-30,47.0,84.0,-37.0
D,"DOMINION ENERGY, INC.",Utilities,2026-03-30,44.0,55.0,-11.0
XEL,XCEL ENERGY INC.,Utilities,2026-03-30,44.0,55.0,-11.0
NRG,"NRG ENERGY, INC.",Utilities,2026-03-30,41.0,44.0,-3.0
PCG,PG&E ,Utilities,2026-03-30,40.0,20.0,20.0
FE,FIRSTENERGY CORP.,Utilities,2026-03-30,39.0,59.0,-20.0
PPL,PPL ,Utilities,2026-03-30,34.0,36.0,-2.0
EIX,EDISON INTERNATIONAL,Utilities,2026-03-30,31.0,8.0,23.0
DTE,DTE ENERGY COMPANY,Utilities,2026-03-30,30.0,53.0,-23.0
DUK,DUKE ENERGY ,Utilities,2026-03-30,29.0,74.0,-45.0
CMS,CMS ENERGY ,Utilities,2026-03-30,25.0,28.0,-3.0
SO,THE SOUTHERN COMPANY,Utilities,2026-03-30,22.0,77.0,-55.0
ED,"CONSOLIDATED EDISON, INC.",Utilities,2026-03-30,22.0,66.0,-44.0
ES,EVERSOURCE ENERGY,Utilities,2026-03-30,14.0,31.0,-17.0
AES,THE AES ,Utilities,2026-03-30,13.0,-1.0,14.0
CEG,CONSTELLATION ENERGY,Utilities,2026-03-30,12.0,12.0,0.0
PEG,PUBLIC SERVICE ENTERPRISE GROUP INC.,Utilities,2026-03-30,0.0,0.0,0.0
SRE,SEMPRA,Utilities,2026-03-30,-3.0,15.0,-18.0
ETR,ENTERGY ,Utilities,2026-03-30,-5.0,58.0,-63.0
VST,VISTRA CORP.,Utilities,2026-03-30,-12.0,-30.0,18.0
AWK,"AMERICAN WATER WORKS COMPANY, INC.",Utilities,2026-03-30,-17.0,17.0,-34.0
VXN,CBOE NASDAQ MKT VOL NDX,Volatility,2026-03-30,-45.0,-15.0,-30.0
VIX,CBOE MKT VOLATILITY IDX,Volatility,2026-03-30,-60.0,-19.0,-41.0
TYX,30 Y TSY YLD NDX,Yields,2026-03-30,-48.0,-51.0,3.0
TNX,10 Y TSY YLD NDX,Yields,2026-03-30,-61.0,-61.0,0.0
FVX,5 YR TSY YLD NDX,Yields,2026-03-30,-61.0,-51.0,-10.0
