Date,Ticker,Ticker_name,Exposure,Category,model_score_wtd_change,current_model_score,previous_model_score
2026-04-09,A,"AGILENT TECHNOLOGIES, INC.",Health Care,Health Care,-17.0,-5.0,12.0
2026-04-09,AAPL,APPLE INC.,Information Technology,Information Technology,27.0,38.0,11.0
2026-04-09,ABBV,ABBVIE INC.,Health Care,Health Care,51.0,47.0,-4.0
2026-04-09,ABNB,"AIRBNB, INC.",Consumer Discretionary,Consumer Discretionary,14.0,-3.0,-17.0
2026-04-09,ABT,ABBOTT LABORATORIES,Health Care,Health Care,-13.0,-34.0,-21.0
2026-04-09,ACGL,ARCH CAPITAL GROUP LTD.,Financials,Financials,-12.0,-17.0,-5.0
2026-04-09,ACN,ACCENTURE PUBLIC LIMITED COMPANY,Information Technology,Information Technology,-7.0,-17.0,-10.0
2026-04-09,ADBE,ADOBE INC.,Information Technology,Information Technology,7.0,-31.0,-38.0
2026-04-09,ADI,"ANALOG DEVICES, INC.",Information Technology,Information Technology,-77.0,-23.0,54.0
2026-04-09,ADM,ARCHER-DANIELS-MIDLAND COMPANY.,Consumer Staples,Consumer Staples,4.0,33.0,29.0
2026-04-09,ADP,"AUTOMATIC DATA PROCESSING, INC.",Industrials,Industrials,-5.0,-17.0,-12.0
2026-04-09,ADSK,"AUTODESK, INC.",Information Technology,Information Technology,85.0,47.0,-38.0
2026-04-09,AEE,AMEREN ,Utilities,Utilities,12.0,54.0,42.0
2026-04-09,AEP,"AMERICAN ELECTRIC POWER COMPANY, INC.",Utilities,Utilities,15.0,49.0,34.0
2026-04-09,AES,THE AES ,Utilities,Utilities,16.0,9.0,-7.0
2026-04-09,AFL,AFLAC INC.,Financials,Financials,-49.0,-11.0,38.0
2026-04-09,AIG,"AMERICAN INTERNATIONAL GROUP, INC.",Financials,Financials,-19.0,12.0,31.0
2026-04-09,AIZ,"ASSURANT, INC.",Financials,Financials,-18.0,-14.0,4.0
2026-04-09,AJG,ARTHUR J. GALLAGHER & CO.,Financials,Financials,-27.0,-48.0,-21.0
2026-04-09,AKAM,"AKAMAI TECHNOLOGIES, INC.",Information Technology,Information Technology,39.0,16.0,-23.0
2026-04-09,ALB,ALBEMARLE ,Materials,Materials,-35.0,16.0,51.0
2026-04-09,ALGN,"ALIGN TECHNOLOGY, INC.",Health Care,Health Care,-80.0,-45.0,35.0
2026-04-09,ALL,THE ALLSTATE ,Financials,Financials,-2.0,-23.0,-21.0
2026-04-09,ALLE,ALLEGION PUBLIC LIMITED COMPANY,Industrials,Industrials,20.0,-21.0,-41.0
2026-04-09,AMAT,"APPLIED MATERIALS, INC.",Information Technology,Information Technology,-57.0,4.0,61.0
2026-04-09,AMCR,AMCOR PLC,Materials,Materials,-42.0,-19.0,23.0
2026-04-09,AMD,"ADVANCED MICRO DEVICES, INC.",Information Technology,Information Technology,-14.0,-19.0,-5.0
2026-04-09,AME,"AMETEK, INC.",Industrials,Industrials,-57.0,-10.0,47.0
2026-04-09,AMGN,AMGEN INC.,Health Care,Health Care,10.0,46.0,36.0
2026-04-09,AMP,"AMERIPRISE FINANCIAL, INC.",Financials,Financials,15.0,-27.0,-42.0
2026-04-09,AMT,AMERICAN TOWER ,Real Estate,Real Estate,-30.0,6.0,36.0
2026-04-09,AMZN,"AMAZON.COM, INC.",Consumer Discretionary,Consumer Discretionary,-29.0,-17.0,12.0
2026-04-09,ANET,"ARISTA NETWORKS, INC.",Information Technology,Information Technology,-74.0,-27.0,47.0
2026-04-09,AON,AON PLC,Financials,Financials,-22.0,-18.0,4.0
2026-04-09,AOS,A. O. SMITH ,Industrials,Industrials,-28.0,-14.0,14.0
2026-04-09,APA,APA ,Energy,Energy,-4.0,12.0,16.0
2026-04-09,APD,"AIR PRODUCTS AND CHEMICALS, INC.",Materials,Materials,-36.0,-23.0,13.0
2026-04-09,APH,AMPHENOL ,Information Technology,Information Technology,8.0,20.0,12.0
2026-04-09,APO,"APOLLO GLOBAL MANAGEMENT, INC.",Financials,Financials,-21.0,-42.0,-21.0
2026-04-09,APP,APPLOVIN CORP,Information Technology,Information Technology,0.0,-22.0,-22.0
2026-04-09,APTV,APTIV PLC,Consumer Discretionary,Consumer Discretionary,26.0,11.0,-15.0
2026-04-09,ARE,"ALEXANDRIA REAL ESTATE EQUITIES, INC.",Real Estate,Real Estate,12.0,2.0,-10.0
2026-04-09,ARES,ARES MANAGEMENT CORP,Financials,Financials,-47.0,-42.0,5.0
2026-04-09,ASC,ARDMORE SHIPPING ,,MR Discretion,-44.0,11.0,55.0
2026-04-09,ATO,ATMOS ENERGY ,Utilities,Utilities,24.0,54.0,30.0
2026-04-09,AVB,"AVALONBAY COMMUNITIES, INC.",Real Estate,Real Estate,55.0,15.0,-40.0
2026-04-09,AVGO,BROADCOM INC.,Information Technology,Information Technology,-75.0,-27.0,48.0
2026-04-09,AVY,AVERY DENNISON ,Materials,Materials,-82.0,-32.0,50.0
2026-04-09,AWK,"AMERICAN WATER WORKS COMPANY, INC.",Utilities,Utilities,-2.0,8.0,10.0
2026-04-09,AXON,"AXON ENTERPRISE, INC.",Industrials,Industrials,6.0,-43.0,-49.0
2026-04-09,AXP,AMERICAN EXPRESS COMPANY,Financials,Financials,-14.0,-10.0,4.0
2026-04-09,AZO,"AUTOZONE, INC.",Consumer Discretionary,Consumer Discretionary,10.0,22.0,12.0
2026-04-09,BA,THE BOEING COMPANY,Industrials,Industrials,-36.0,-28.0,8.0
2026-04-09,BAC,BANK OF AMERICA ,Financials,Financials,-31.0,-19.0,12.0
2026-04-09,BALL,BALL ,Materials,Materials,-71.0,-41.0,30.0
2026-04-09,BAX,BAXTER INTERNATIONAL INC.,Health Care,Health Care,-14.0,-20.0,-6.0
2026-04-09,BBY,"BEST BUY CO., INC.",Consumer Discretionary,Consumer Discretionary,-43.0,-20.0,23.0
2026-04-09,BDX,"BECTON, DICKINSON AND COMPANY",Health Care,Health Care,-11.0,12.0,23.0
2026-04-09,BEN,"FRANKLIN RESOURCES, INC.",Financials,Financials,-45.0,-38.0,7.0
2026-04-09,BF.B,BROWN-FORMAN ,Consumer Staples,Consumer Staples,-61.0,-17.0,44.0
2026-04-09,BG,BUNGE LIMITED,Consumer Staples,Consumer Staples,-16.0,24.0,40.0
2026-04-09,BIIB,BIOGEN INC.,Health Care,Health Care,-16.0,9.0,25.0
2026-04-09,BK,THE BANK OF NEW YORK MELLON ,Financials,Financials,-102.0,-40.0,62.0
2026-04-09,BKNG,BOOKING HOLDINGS INC.,Consumer Discretionary,Consumer Discretionary,-31.0,-27.0,4.0
2026-04-09,BKR,BAKER HUGHES COMPANY,Energy,Energy,-70.0,7.0,77.0
2026-04-09,BLDR,"BUILDERS FIRSTSOURCE, INC.",Industrials,Industrials,-31.0,-29.0,2.0
2026-04-09,BLK,"BLACKROCK, INC.",Financials,Financials,-18.0,-31.0,-13.0
2026-04-09,BMY,BRISTOL-MYERS SQUIBB COMPANY,Health Care,Health Care,0.0,60.0,60.0
2026-04-09,BR,"BROADRIDGE FINANCIAL SOLUTIONS, INC.",Industrials,Industrials,-3.0,-41.0,-38.0
2026-04-09,BRK.B,"BERKSHIRE HATHAWAY INC.,",Financials,Financials,26.0,-5.0,-31.0
2026-04-09,BRO,"BROWN & BROWN, INC.",Financials,Financials,-16.0,-21.0,-5.0
2026-04-09,BSX,BOSTON SCIENTIFIC ,Health Care,Health Care,-4.0,-9.0,-5.0
2026-04-09,BTC=F,BITCOIN FUTURES,,Futures,23.0,-18.0,-41.0
2026-04-09,BTI,BRITISH AMERICAN TOBACCO P.L.C.,,MR Discretion,53.0,29.0,-24.0
2026-04-09,BTU,PEABODY ENERGY ,,MR Discretion,-56.0,-32.0,24.0
2026-04-09,BX,BLACKSTONE INC,Financials,Financials,-15.0,-36.0,-21.0
2026-04-09,BXP,"BOSTON PROPERTIES, INC.",Real Estate,Real Estate,-2.0,-14.0,-12.0
2026-04-09,C,CITIGROUP INC.,Financials,Financials,-81.0,-36.0,45.0
2026-04-09,CAG,"CONAGRA BRANDS, INC.",Consumer Staples,Consumer Staples,33.0,45.0,12.0
2026-04-09,CAH,"CARDINAL HEALTH, INC.",Health Care,Health Care,21.0,53.0,32.0
2026-04-09,CALM,"CAL-MAINE FOODS, INC.",,MR Discretion,0.0,35.0,35.0
2026-04-09,CANE,TEUCRIUM:SUGAR,,Commodities,16.0,28.0,12.0
2026-04-09,CARR,CARRIER GLOBAL ,Industrials,Industrials,-39.0,-36.0,3.0
2026-04-09,CASY,"CASEY'S GENERAL STORES, INC.",Consumer Staples,Consumer Staples,-26.0,25.0,51.0
2026-04-09,CAT,CATERPILLAR INC.,Industrials,Industrials,-33.0,28.0,61.0
2026-04-09,CB,CHUBB LTD,Financials,Financials,-23.0,3.0,26.0
2026-04-09,CBOE,"CBOE GLOBAL MARKETS, INC.",Financials,Financials,-25.0,2.0,27.0
2026-04-09,CBRE,"CBRE GROUP, INC.",Real Estate,Real Estate,-6.0,-18.0,-12.0
2026-04-09,CCI,CROWN CASTLE INC.,Real Estate,Real Estate,-9.0,-11.0,-2.0
2026-04-09,CCJ,CAMECO ,,MR Discretion,-10.0,29.0,39.0
2026-04-09,CCL,CARNIVAL CORP,Consumer Discretionary,Consumer Discretionary,-32.0,-12.0,20.0
2026-04-09,CDNS,"CADENCE DESIGN SYSTEMS, INC.",Information Technology,Information Technology,9.0,-12.0,-21.0
2026-04-09,CDW,CDW ,Information Technology,Information Technology,-33.0,-26.0,7.0
2026-04-09,CEG,CONSTELLATION ENERGY,Utilities,Utilities,45.0,-13.0,-58.0
2026-04-09,CF,"CF INDUSTRIES HOLDINGS, INC.",Materials,Materials,-34.0,1.0,35.0
2026-04-09,CFG,"CITIZENS FINANCIAL GROUP, INC.",Financials,Financials,-64.0,-19.0,45.0
2026-04-09,CHD,"CHURCH & DWIGHT CO., INC.",Consumer Staples,Consumer Staples,17.0,5.0,-12.0
2026-04-09,CHRW,"C.H. ROBINSON WORLDWIDE, INC.",Industrials,Industrials,11.0,34.0,23.0
2026-04-09,CHTR,"CHARTER COMMUNICATIONS, INC.",Communication Services,Communication Services,26.0,29.0,3.0
2026-04-09,CI,THE CIGNA GROUP,Health Care,Health Care,-13.0,-53.0,-40.0
2026-04-09,CIEN,CIENA CORPORATION,Information Technology,Information Technology,-2.0,26.0,28.0
2026-04-09,CINF,CINCINNATI FINANCIAL ,Financials,Financials,-20.0,29.0,49.0
2026-04-09,CL,COLGATE-PALMOLIVE COMPANY,Consumer Staples,Consumer Staples,-1.0,3.0,4.0
2026-04-09,CLX,THE CLOROX COMPANY,Consumer Staples,Consumer Staples,-35.0,-18.0,17.0
2026-04-09,CMBT,CMB.TECH NV,,MR Discretion,-66.0,-11.0,55.0
2026-04-09,CMCSA,COMCAST ,Communication Services,Communication Services,26.0,14.0,-12.0
2026-04-09,CME,CME GROUP INC.,Financials,Financials,31.0,45.0,14.0
2026-04-09,CMG,"CHIPOTLE MEXICAN GRILL, INC.",Consumer Discretionary,Consumer Discretionary,-13.0,-29.0,-16.0
2026-04-09,CMI,CUMMINS INC.,Industrials,Industrials,-91.0,-27.0,64.0
2026-04-09,CMRE,COSTAMARE INC.,,MR Discretion,-7.0,30.0,37.0
2026-04-09,CMS,CMS ENERGY ,Utilities,Utilities,-69.0,-6.0,63.0
2026-04-09,CNC,CENTENE ,Health Care,Health Care,-14.0,-37.0,-23.0
2026-04-09,CNP,"CENTERPOINT ENERGY, INC.",Utilities,Utilities,10.0,53.0,43.0
2026-04-09,CNR,"CORE NATURAL RESOURCES, INC.",,MR Discretion,-21.0,-8.0,13.0
2026-04-09,COF,CAPITAL ONE FINANCIAL ,Financials,Financials,-24.0,-36.0,-12.0
2026-04-09,COIN,"COINBASE GLOBAL, INC.",Financials,Financials,-21.0,-33.0,-12.0
2026-04-09,COMT,ISHARES:GSCI COMM DYN RS,,Commodities,-42.0,1.0,43.0
2026-04-09,COO,"THE COOPER COMPANIES, INC.",Health Care,Health Care,-28.0,-7.0,21.0
2026-04-09,COP,CONOCOPHILLIPS,Energy,Energy,12.0,15.0,3.0
2026-04-09,COR,"CENCORA, INC.",Health Care,Health Care,0.0,20.0,20.0
2026-04-09,CORN,TEUCRIUM:CORN,,Commodities,1.0,25.0,24.0
2026-04-09,COST,COSTCO WHOLESALE ,Consumer Staples,Consumer Staples,-20.0,-34.0,-14.0
2026-04-09,CPAY,"FLEETCOR TECHNOLOGIES, INC.",Financials,Financials,-58.0,-18.0,40.0
2026-04-09,CPB,CAMPBELL SOUP COMPANY,Consumer Staples,Consumer Staples,-18.0,-2.0,16.0
2026-04-09,CPER,UNITED STATES COPPER IDX,,Commodities,-67.0,-13.0,54.0
2026-04-09,CPRT,"COPART, INC.",Industrials,Industrials,17.0,-21.0,-38.0
2026-04-09,CPT,CAMDEN PROPERTY TRUST,Real Estate,Real Estate,-34.0,-22.0,12.0
2026-04-09,CRESY,CRESUD INC.,,MR Discretion,59.0,3.0,-56.0
2026-04-09,CRH,CRH PUBLIC LIMITED COMPANY,Materials,Materials,-75.0,-36.0,39.0
2026-04-09,CRL,CHARLES RIVER LABORATORIES,Health Care,Health Care,-19.0,-13.0,6.0
2026-04-09,CRM,"SALESFORCE, INC.",Information Technology,Information Technology,31.0,-17.0,-48.0
2026-04-09,CRWD,"CROWDSTRIKE HOLDINGS, INC.",Information Technology,Information Technology,-25.0,-30.0,-5.0
2026-04-09,CSCO,"CISCO SYSTEMS, INC.",Information Technology,Information Technology,-2.0,40.0,42.0
2026-04-09,CSGP,"COSTAR GROUP, INC.",Real Estate,Real Estate,-4.0,-42.0,-38.0
2026-04-09,CSX,CSX ,Industrials,Industrials,-41.0,6.0,47.0
2026-04-09,CTAS,CINTAS ,Industrials,Industrials,-2.0,-14.0,-12.0
2026-04-09,CTRA,COTERRA ENERGY INC.,Energy,Energy,4.0,52.0,48.0
2026-04-09,CTSH,COGNIZANT TECHNOLOGY SOLUTIONS ,Information Technology,Information Technology,-7.0,-17.0,-10.0
2026-04-09,CTVA,"CORTEVA, INC.",Materials,Materials,37.0,38.0,1.0
2026-04-09,CVNA,CARVANA CO.,Consumer Discretionary,Consumer Discretionary,-10.0,3.0,13.0
2026-04-09,CVS,CVS HEALTH ,Health Care,Health Care,6.0,15.0,9.0
2026-04-09,CVX,CHEVRON ,Energy,Energy,-13.0,11.0,24.0
2026-04-09,D,"DOMINION ENERGY, INC.",Utilities,Utilities,-10.0,33.0,43.0
2026-04-09,DAL,"DELTA AIR LINES, INC.",Industrials,Industrials,-31.0,-45.0,-14.0
2026-04-09,DASH,"DOORDASH, INC.",Consumer Discretionary,Consumer Discretionary,0.0,-12.0,-12.0
2026-04-09,DBA,INVESCO DB MS AGRI,,Commodities,-29.0,-56.0,-27.0
2026-04-09,DBB,INVESCO DB MS BMTL,,Commodities,-22.0,48.0,70.0
2026-04-09,DBC,INVESCO DB CM IDX,,Commodities,-19.0,24.0,43.0
2026-04-09,DD,"DUPONT DE NEMOURS, INC.",Materials,Materials,-23.0,30.0,53.0
2026-04-09,DDOG,"DATADOG, INC.",Information Technology,Information Technology,43.0,17.0,-26.0
2026-04-09,DE,DEERE & COMPANY,Industrials,Industrials,-85.0,-6.0,79.0
2026-04-09,DECK,DECKERS OUTDOOR ,Consumer Discretionary,Consumer Discretionary,-22.0,-20.0,2.0
2026-04-09,DELL,DELL TECHNOLOGIES INC.,Information Technology,Information Technology,-32.0,-50.0,-18.0
2026-04-09,DG,DOLLAR GENERAL ,Consumer Staples,Consumer Staples,-26.0,-8.0,18.0
2026-04-09,DGX,QUEST DIAGNOSTICS INC.,Health Care,Health Care,-31.0,34.0,65.0
2026-04-09,DHI,"D.R. HORTON, INC.",Consumer Discretionary,Consumer Discretionary,-45.0,-14.0,31.0
2026-04-09,DHR,DANAHER ,Health Care,Health Care,-9.0,3.0,12.0
2026-04-09,DHT,"DHT HOLDINGS, INC.",,MR Discretion,-34.0,26.0,60.0
2026-04-09,DIA,SPDR DOW JONES INDUS AVG,,Sector & Style ETFs,-30.0,-18.0,12.0
2026-04-09,DIS,THE WALT DISNEY COMPANY,Communication Services,Communication Services,4.0,-19.0,-23.0
2026-04-09,DJI,DOW JONES INDUSTRIAL AVG INDEX,,Indices,-14.0,-18.0,-4.0
2026-04-09,DLR,"DIGITAL REALTY TRUST, INC.",Real Estate,Real Estate,-39.0,-19.0,20.0
2026-04-09,DLTR,"DOLLAR TREE, INC.",Consumer Staples,Consumer Staples,-46.0,-11.0,35.0
2026-04-09,DOC,"HEALTHDOC PROPERTIES, INC.",Real Estate,Real Estate,-10.0,13.0,23.0
2026-04-09,DOV,DOVER ,Industrials,Industrials,-32.0,-19.0,13.0
2026-04-09,DOW,DOW INC.,Materials,Materials,10.0,-6.0,-16.0
2026-04-09,DPZ,"DOMINO'S PIZZA, INC.",Consumer Discretionary,Consumer Discretionary,26.0,15.0,-11.0
2026-04-09,DRI,"DARDEN RESTAURANTS, INC.",Consumer Discretionary,Consumer Discretionary,21.0,-13.0,-34.0
2026-04-09,DTE,DTE ENERGY COMPANY,Utilities,Utilities,3.0,33.0,30.0
2026-04-09,DUK,DUKE ENERGY ,Utilities,Utilities,34.0,74.0,40.0
2026-04-09,DVA,DAVITA INC.,Health Care,Health Care,15.0,20.0,5.0
2026-04-09,DVN,DEVON ENERGY ,Energy,Energy,13.0,43.0,30.0
2026-04-09,DXCM,"DEXCOM, INC.",Health Care,Health Care,8.0,-13.0,-21.0
2026-04-09,DXY,US DOLLAR INDEX,USD,Indices,45.0,18.0,-27.0
2026-04-09,EA,ELECTRONIC ARTS INC.,Communication Services,Communication Services,30.0,16.0,-14.0
2026-04-09,EBAY,EBAY INC.,Consumer Discretionary,Consumer Discretionary,-60.0,-26.0,34.0
2026-04-09,EC,ECOPETROL SA,,MR Discretion,28.0,16.0,-12.0
2026-04-09,ECH,ISHARES:MSCI CHILE,,Foreign,4.0,38.0,34.0
2026-04-09,ECL,ECOLAB INC.,Materials,Materials,-106.0,-22.0,84.0
2026-04-09,ED,"CONSOLIDATED EDISON, INC.",Utilities,Utilities,16.0,30.0,14.0
2026-04-09,EDEN,ISHARES:MSCI DENMARK,,Foreign,-43.0,-44.0,-1.0
2026-04-09,EDV,VANGUARD EXT DUR T;ETF,Bonds,Bonds,-22.0,8.0,30.0
2026-04-09,EFNL,ISHARES:MSCI FINLAND,,Foreign,-24.0,-9.0,15.0
2026-04-09,EFX,EQUIFAX INC.,Industrials,Industrials,-9.0,-5.0,4.0
2026-04-09,EG,"EVEREST GROUP, LTD.",Financials,Financials,19.0,6.0,-13.0
2026-04-09,EIDO,ISHARES:MSCI INDONESIA,,Foreign,-21.0,-3.0,18.0
2026-04-09,EIRL,ISHARES:MSCI IRELAND,,Foreign,-15.0,-1.0,14.0
2026-04-09,EIS,ISHARES:MSCI ISRAEL,,Foreign,24.0,24.0,0.0
2026-04-09,EIX,EDISON INTERNATIONAL,Utilities,Utilities,-28.0,-6.0,22.0
2026-04-09,EL,THE ESTEE LAUDER COMPANIES INC.,Consumer Staples,Consumer Staples,-18.0,18.0,36.0
2026-04-09,ELV,"ELEVANCE HEALTH, INC.",Health Care,Health Care,-11.0,-53.0,-42.0
2026-04-09,EME,"EMCOR GROUP, INC.",Industrials,Industrials,-6.0,38.0,44.0
2026-04-09,EMR,EMERSON ELECTRIC CO.,Industrials,Industrials,-90.0,-44.0,46.0
2026-04-09,ENZL,ISHARES:MSCI NEW ZLND,,Foreign,-19.0,17.0,36.0
2026-04-09,EOG,"EOG RESOURCES, INC.",Energy,Energy,31.0,60.0,29.0
2026-04-09,EPAM,"EPAM SYSTEMS, INC.",Information Technology,Information Technology,-18.0,-12.0,6.0
2026-04-09,EPHE,ISHARES:MSCI PHILIPPINES,,Foreign,-71.0,-34.0,37.0
2026-04-09,EPOL,ISHARES:MSCI POLAND,,Foreign,-72.0,-17.0,55.0
2026-04-09,EPU,ISHARES:MSCI PERU,,Foreign,-40.0,32.0,72.0
2026-04-09,EQIX,"EQUINIX, INC.",Real Estate,Real Estate,-20.0,-6.0,14.0
2026-04-09,EQR,EQUITY RESIDENTIAL,Real Estate,Real Estate,18.0,-12.0,-30.0
2026-04-09,EQT,EQT ,Energy,Energy,71.0,86.0,15.0
2026-04-09,ERIE,ERIE INDEMNITY COMPANY,Financials,Financials,1.0,-22.0,-23.0
2026-04-09,ES,EVERSOURCE ENERGY,Utilities,Utilities,12.0,48.0,36.0
2026-04-09,ES=F,E-MINI S&P 500 FUTURES,,Futures,-37.0,-34.0,3.0
2026-04-09,ESS,"ESSEX PROPERTY TRUST, INC.",Real Estate,Real Estate,10.0,-2.0,-12.0
2026-04-09,ETN,EATON  PUBLIC LIMITED COMPANY,Industrials,Industrials,-39.0,-36.0,3.0
2026-04-09,ETR,ENTERGY ,Utilities,Utilities,10.0,21.0,11.0
2026-04-09,EVRG,"EVERGY, INC.",Utilities,Utilities,-21.0,45.0,66.0
2026-04-09,EW,EDWARDS LIFESCIENCES ,Health Care,Health Care,37.0,36.0,-1.0
2026-04-09,EWA,ISHARES:MSCI AUSTRALIA,,Foreign,-45.0,-27.0,18.0
2026-04-09,EWC,ISHARES:MSCI CANADA,,Foreign,36.0,48.0,12.0
2026-04-09,EWD,ISHARES:MSCI SWEDEN,,Foreign,-74.0,-27.0,47.0
2026-04-09,EWG,ISHARES:MSCI GERMANY,,Foreign,-36.0,-18.0,18.0
2026-04-09,EWH,ISHARES:MSCI HONG KONG,,Foreign,-39.0,37.0,76.0
2026-04-09,EWI,ISHARES:MSCI ITALY,,Foreign,-32.0,-12.0,20.0
2026-04-09,EWJ,ISHARES:MSCI JAPAN,,Foreign,-93.0,-38.0,55.0
2026-04-09,EWK,ISHARES:MSCI BELGIUM,,Foreign,-58.0,-11.0,47.0
2026-04-09,EWL,ISHARES:MSCI SWITZERLAND,,Foreign,-64.0,-9.0,55.0
2026-04-09,EWM,ISHARES:MSCI MALAYSIA,,Foreign,-14.0,0.0,14.0
2026-04-09,EWN,ISHARES:MSCI NETHERLANDS,,Foreign,-71.0,-44.0,27.0
2026-04-09,EWO,ISHARES:MSCI AUSTRIA,,Foreign,-49.0,-1.0,48.0
2026-04-09,EWP,ISHARES:MSCI SPAIN,,Foreign,-37.0,-20.0,17.0
2026-04-09,EWQ,ISHARES:MSCI FRANCE,,Foreign,-82.0,-27.0,55.0
2026-04-09,EWS,ISHARES:MSCI SINGAPORE,,Foreign,-55.0,-28.0,27.0
2026-04-09,EWT,ISHARES:MSCI TAIWAN,,Foreign,-50.0,-27.0,23.0
2026-04-09,EWU,ISHARES:MSCI UK,,Foreign,-33.0,15.0,48.0
2026-04-09,EWW,ISHARES:MSCI MEXICO,,Foreign,-26.0,-3.0,23.0
2026-04-09,EWY,ISHARES:MSCI S KOREA,,Foreign,-23.0,14.0,37.0
2026-04-09,EWZ,ISHARES:MSCI BRAZIL,,Foreign,-32.0,-9.0,23.0
2026-04-09,EXC,EXELON ,Utilities,Utilities,32.0,66.0,34.0
2026-04-09,EXE,EXPAND ENERGY ,Energy,Energy,51.0,56.0,5.0
2026-04-09,EXPD,EXPEDITORS INTERNATIONAL OF WASHINGTON,Industrials,Industrials,-32.0,-22.0,10.0
2026-04-09,EXPE,"EXPEDIA GROUP, INC.",Consumer Discretionary,Consumer Discretionary,12.0,-5.0,-17.0
2026-04-09,EXR,EXTRA SPACE STORAGE INC.,Real Estate,Real Estate,-49.0,-41.0,8.0
2026-04-09,F,FORD MOTOR COMPANY,Consumer Discretionary,Consumer Discretionary,-14.0,-5.0,9.0
2026-04-09,FANG,"DIAMONDBACK ENERGY, INC.",Energy,Energy,33.0,40.0,7.0
2026-04-09,FAST,FASTENAL COMPANY,Industrials,Industrials,-87.0,-12.0,75.0
2026-04-09,FCX,FREEPORT-MCMORAN INC.,Materials,Materials,-32.0,-9.0,23.0
2026-04-09,FDS,FACTSET RESEARCH SYSTEMS INC.,Financials,Financials,-20.0,-22.0,-2.0
2026-04-09,FDX,FEDEX ,Industrials,Industrials,-51.0,2.0,53.0
2026-04-09,FE,FIRSTENERGY CORP.,Utilities,Utilities,15.0,58.0,43.0
2026-04-09,FFIV,"F5, INC.",Information Technology,Information Technology,5.0,-9.0,-14.0
2026-04-09,FICO,FAIR ISAAC ,Information Technology,Information Technology,-17.0,-47.0,-30.0
2026-04-09,FIS,FIDELITY NATIONAL INFORMATION SERVICES,Financials,Financials,72.0,12.0,-60.0
2026-04-09,FISV,"FISERV, INC.",Financials,Financials,-57.0,-69.0,-12.0
2026-04-09,FITB,FIFTH THIRD BANCORP,Financials,Financials,-35.0,-23.0,12.0
2026-04-09,FIX,"COMFORT SYSTEMS USA, INC.",Industrials,Industrials,3.0,74.0,71.0
2026-04-09,FOXA,FOX ,Communication Services,Communication Services,-18.0,-23.0,-5.0
2026-04-09,FRO,FRONTLINE PLC,,MR Discretion,-22.0,1.0,23.0
2026-04-09,FRT,FEDERAL REALTY INVESTMENT TRUST,Real Estate,Real Estate,-53.0,-28.0,25.0
2026-04-09,FSLR,"FIRST SOLAR, INC.",Information Technology,Information Technology,17.0,12.0,-5.0
2026-04-09,FTI,TECHNIPFMC PLC,,MR Discretion,-68.0,-8.0,60.0
2026-04-09,FTNT,"FORTINET, INC.",Information Technology,Information Technology,2.0,31.0,29.0
2026-04-09,FTV,FORTIVE ,Industrials,Industrials,0.0,-17.0,-17.0
2026-04-09,FVX,5 YR TSY YLD NDX,Yields,Yields,-27.0,-69.0,-42.0
2026-04-09,FXA,INVESCO:AU DOLLAR,,Currencies,-55.0,-2.0,53.0
2026-04-09,FXB,INVESCO:GBP STERLING,,Currencies,-37.0,-17.0,20.0
2026-04-09,FXC,INVESCO:CANADIAN DOLLAR,,Currencies,-12.0,3.0,15.0
2026-04-09,FXE,INVESCO:EURO,,Currencies,-3.0,5.0,8.0
2026-04-09,FXY,INVESCO:JAPANESE YEN,,Currencies,17.0,20.0,3.0
2026-04-09,GD,GENERAL DYNAMICS ,Industrials,Industrials,-5.0,4.0,9.0
2026-04-09,GDDY,GODADDY INC.,Information Technology,Information Technology,0.0,-21.0,-21.0
2026-04-09,GDX,VANECK:GOLD MINERS,,Commodities,-15.0,48.0,63.0
2026-04-09,GDXJ,VANECK:JR GOLD MINERS,,Commodities,49.0,49.0,0.0
2026-04-09,GE,GENERAL ELECTRIC COMPANY,Industrials,Industrials,-31.0,-3.0,28.0
2026-04-09,GEHC,GE HEALTHCARE TECHNOLOGIES INC.,Health Care,Health Care,-51.0,-49.0,2.0
2026-04-09,GEN,GEN DIGITAL INC.,Information Technology,Information Technology,45.0,48.0,3.0
2026-04-09,GEOS,GEOSPACE TECHNOLOGIES ,,MR Discretion,66.0,25.0,-41.0
2026-04-09,GEV,GE VERNOVA INC.,Industrials,Industrials,-18.0,28.0,46.0
2026-04-09,GGB,GERDAU SA,,MR Discretion,-46.0,1.0,47.0
2026-04-09,GILD,"GILEAD SCIENCES, INC.",Health Care,Health Care,23.0,77.0,54.0
2026-04-09,GIS,"GENERAL MILLS, INC.",Consumer Staples,Consumer Staples,33.0,12.0,-21.0
2026-04-09,GL,GLOBE LIFE INC.,Financials,Financials,-34.0,42.0,76.0
2026-04-09,GLATF,GLOBAL ATOMIC ,,MR Discretion,0.0,5.0,5.0
2026-04-09,GLD,SPDR GOLD,Gold,Commodities,0.0,0.0,0.0
2026-04-09,GLW,CORNING INC.,Information Technology,Information Technology,-30.0,24.0,54.0
2026-04-09,GM,GENERAL MOTORS COMPANY,Consumer Discretionary,Consumer Discretionary,-45.0,3.0,48.0
2026-04-09,GNK,GENCO SHIPPING & TRADING LIMITED,,MR Discretion,-19.0,-2.0,17.0
2026-04-09,GNRC,GENERAC HOLDINGS INC.,Industrials,Industrials,-38.0,-4.0,34.0
2026-04-09,GOOGL,ALPHABET INC.,Communication Services,Communication Services,-69.0,-22.0,47.0
2026-04-09,GPC,GENUINE PARTS COMPANY,Consumer Discretionary,Consumer Discretionary,-51.0,6.0,57.0
2026-04-09,GPN,GLOBAL PAYMENTS INC.,Financials,Financials,-7.0,-38.0,-31.0
2026-04-09,GREK,GLBL X MSCI GREECE,,Foreign,-75.0,-1.0,74.0
2026-04-09,GRMN,GARMIN LTD,Consumer Discretionary,Consumer Discretionary,-42.0,-2.0,40.0
2026-04-09,GS,"THE GOLDMAN SACHS GROUP, INC.",Financials,Financials,-75.0,-63.0,12.0
2026-04-09,GWW,"W.W. GRAINGER, INC.",Industrials,Industrials,-24.0,-12.0,12.0
2026-04-09,HAL,HALLIBURTON COMPANY,Energy,Energy,-2.0,24.0,26.0
2026-04-09,HAS,"HASBRO, INC.",Consumer Discretionary,Consumer Discretionary,52.0,54.0,2.0
2026-04-09,HBAN,HUNTINGTON BANCSHARES INC.,Financials,Financials,-58.0,-36.0,22.0
2026-04-09,HCA,"HCA HEALTHCARE, INC.",Health Care,Health Care,68.0,50.0,-18.0
2026-04-09,HD,"THE HOME DEPOT, INC.",Consumer Discretionary,Consumer Discretionary,-40.0,-28.0,12.0
2026-04-09,HIG,THE HARTFORD FINANCIAL SERVICES GROUP,Financials,Financials,-39.0,-7.0,32.0
2026-04-09,HII,"HUNTINGTON INGALLS INDUSTRIES, INC.",Industrials,Industrials,-13.0,14.0,27.0
2026-04-09,HLT,HILTON WORLDWIDE HOLDINGS INC.,Consumer Discretionary,Consumer Discretionary,-58.0,-20.0,38.0
2026-04-09,HLX,"HELIX ENERGY SOLUTIONS GROUP, INC.",,MR Discretion,-21.0,-5.0,16.0
2026-04-09,HON,HONEYWELL INTERNATIONAL INC.,Industrials,Industrials,-57.0,-2.0,55.0
2026-04-09,HOOD,"ROBINHOOD MARKETS, INC.",Financials,Financials,19.0,25.0,6.0
2026-04-09,HPE,HEWLETT PACKARD ENTERPRISE COMPANY,Information Technology,Information Technology,-16.0,-3.0,13.0
2026-04-09,HPQ,HP INC.,Information Technology,Information Technology,20.0,-7.0,-27.0
2026-04-09,HRL,HORMEL FOODS ,Consumer Staples,Consumer Staples,-6.0,3.0,9.0
2026-04-09,HSIC,"HENRY SCHEIN, INC.",Health Care,Health Care,14.0,22.0,8.0
2026-04-09,HST,"HOST HOTELS & RESORTS, INC.",Real Estate,Real Estate,-46.0,-10.0,36.0
2026-04-09,HSY,THE HERSHEY COMPANY,Consumer Staples,Consumer Staples,35.0,44.0,9.0
2026-04-09,HUBB,HUBBELL INC.,Industrials,Industrials,-47.0,-12.0,35.0
2026-04-09,HUM,HUMANA INC.,Health Care,Health Care,-25.0,13.0,38.0
2026-04-09,HWM,HOWMET AEROSPACE INC.,Industrials,Industrials,-60.0,11.0,71.0
2026-04-09,HYD,VANECK:HIGH YIELD MUNI,,Bonds,9.0,23.0,14.0
2026-04-09,HYG,ISHARES:IBOXX $HY CORP,Bonds,Bonds,-5.0,-2.0,3.0
2026-04-09,IBKR,"INTERACTIVE BROKERS GROUP, INC.",Financials,Financials,-77.0,-39.0,38.0
2026-04-09,IBM,INTERNATIONAL BUSINESS MACHINES ,Information Technology,Information Technology,16.0,4.0,-12.0
2026-04-09,ICE,"INTERCONTINENTAL EXCHANGE, INC.",Financials,Financials,30.0,3.0,-27.0
2026-04-09,ICL,ICL GROUP LTD,,MR Discretion,47.0,12.0,-35.0
2026-04-09,IDXX,"IDEXX LABORATORIES, INC.",Health Care,Health Care,-32.0,4.0,36.0
2026-04-09,IEF,ISHARES:7-10 TRS BD ETF,Bonds,Bonds,-10.0,20.0,30.0
2026-04-09,IEX,IDEX ,Industrials,Industrials,-8.0,15.0,23.0
2026-04-09,IFF,INTERNATIONAL FLAVORS & FRAGRANCES INC.,Materials,Materials,-40.0,-37.0,3.0
2026-04-09,INCY,INCYTE ,Health Care,Health Care,-25.0,30.0,55.0
2026-04-09,INDA,ISHARES:MSCI INDIA,,Foreign,-30.0,-18.0,12.0
2026-04-09,INTC,INTEL ,Information Technology,Information Technology,-54.0,-35.0,19.0
2026-04-09,INTU,INTUIT INC.,Information Technology,Information Technology,45.0,17.0,-28.0
2026-04-09,INVH,INVITATION HOMES INC.,Real Estate,Real Estate,28.0,-9.0,-37.0
2026-04-09,IP,INTERNATIONAL PAPER COMPANY,Materials,Materials,-27.0,-39.0,-12.0
2026-04-09,IQV,IQVIA HOLDINGS INC,Health Care,Health Care,-32.0,-26.0,6.0
2026-04-09,IR,INGERSOLL RAND INC.,Industrials,Industrials,-47.0,-54.0,-7.0
2026-04-09,IRM,IRON MOUNTAIN INC.,Real Estate,Real Estate,-22.0,-19.0,3.0
2026-04-09,ISRG,"INTUITIVE SURGICAL, INC.",Health Care,Health Care,0.0,12.0,12.0
2026-04-09,IT,"GARTNER, INC.",Information Technology,Information Technology,-15.0,-52.0,-37.0
2026-04-09,ITW,ILLINOIS TOOL WORKS INC.,Industrials,Industrials,0.0,17.0,17.0
2026-04-09,IVZ,INVESCO LTD.,Financials,Financials,-44.0,13.0,57.0
2026-04-09,IWD,ISHARES:RUSS 1000 VL ETF,,Sector & Style ETFs,-66.0,-54.0,12.0
2026-04-09,IWF,ISHARES:RUSS 1000 GR ETF,,Sector & Style ETFs,-4.0,-18.0,-14.0
2026-04-09,IWM,ISHARES:RUSS 2000 ETF,,Sector & Style ETFs,-81.0,-34.0,47.0
2026-04-09,J,JACOBS SOLUTIONS INC.,Industrials,Industrials,25.0,4.0,-21.0
2026-04-09,JBHT,"J. B. HUNT TRANSPORT SERVICES, INC.",Industrials,Industrials,-36.0,12.0,48.0
2026-04-09,JBL,JABIL INC.,Information Technology,Information Technology,-34.0,-3.0,31.0
2026-04-09,JCI,JOHNSON CONTROLS INTERNATIONAL PLC,Industrials,Industrials,-51.0,10.0,61.0
2026-04-09,JKHY,"JACK HENRY & ASSOCIATES, INC.",Financials,Financials,10.0,14.0,4.0
2026-04-09,JNJ,JOHNSON & JOHNSON,Health Care,Health Care,43.0,77.0,34.0
2026-04-09,JNK,SPDR BBG HIGH YIELD BD,,Bonds,-8.0,-27.0,-19.0
2026-04-09,JPM,JPMORGAN CHASE & CO.,Financials,Financials,-29.0,-17.0,12.0
2026-04-09,KDP,KEURIG DR PEPPER INC.,Consumer Staples,Consumer Staples,0.0,12.0,12.0
2026-04-09,KEY,KEYCORP,Financials,Financials,-35.0,-23.0,12.0
2026-04-09,KEYS,"KEYSIGHT TECHNOLOGIES, INC.",Information Technology,Information Technology,-12.0,1.0,13.0
2026-04-09,KHC,THE KRAFT HEINZ COMPANY,Consumer Staples,Consumer Staples,-36.0,-20.0,16.0
2026-04-09,KIM,KIMCO REALTY .,Real Estate,Real Estate,-72.0,3.0,75.0
2026-04-09,KKR,KKR & CO. INC.,Financials,Financials,-40.0,-57.0,-17.0
2026-04-09,KLAC,KLA ,Information Technology,Information Technology,-32.0,19.0,51.0
2026-04-09,KMB,KIMBERLY-CLARK ,Consumer Staples,Consumer Staples,-5.0,-49.0,-44.0
2026-04-09,KMI,"KINDER MORGAN, INC.",Energy,Energy,70.0,77.0,7.0
2026-04-09,KO,THE COCA-COLA COMPANY,Consumer Staples,Consumer Staples,10.0,32.0,22.0
2026-04-09,KR,THE KROGER CO.,Consumer Staples,Consumer Staples,73.0,-1.0,-74.0
2026-04-09,KVUE,KENVUE INC.,Consumer Staples,Consumer Staples,58.0,3.0,-55.0
2026-04-09,L,LOEWS ,Financials,Financials,-73.0,11.0,84.0
2026-04-09,LDOS,"LEIDOS HOLDINGS, INC.",Industrials,Industrials,1.0,-20.0,-21.0
2026-04-09,LEN,LENNAR ,Consumer Discretionary,Consumer Discretionary,-6.0,-16.0,-10.0
2026-04-09,LH,LABORATORY  OF AMERICA HOLDINGS,Health Care,Health Care,-28.0,-4.0,24.0
2026-04-09,LHX,"L3HARRIS TECHNOLOGIES, INC.",Industrials,Industrials,-46.0,6.0,52.0
2026-04-09,LII,LENNOX INTERNATIONAL INC.,Industrials,Industrials,-34.0,-39.0,-5.0
2026-04-09,LIN,LINDE PUBLIC LIMITED COMPANY,Materials,Materials,-17.0,-20.0,-3.0
2026-04-09,LLY,ELI LILLY AND COMPANY,Health Care,Health Care,-19.0,12.0,31.0
2026-04-09,LMT,LOCKHEED MARTIN ,Industrials,Industrials,8.0,52.0,44.0
2026-04-09,LNT,ALLIANT ENERGY ,Utilities,Utilities,-22.0,54.0,76.0
2026-04-09,LOW,"LOWE'S COMPANIES, INC.",Consumer Discretionary,Consumer Discretionary,-70.0,-34.0,36.0
2026-04-09,LQD,ISHARES:IBOXX $IG CORP,Bonds,Bonds,-19.0,-22.0,-3.0
2026-04-09,LRCX,LAM RESEARCH ,Information Technology,Information Technology,-84.0,-23.0,61.0
2026-04-09,LULU,LULULEMON ATHLETICA INC.,Consumer Discretionary,Consumer Discretionary,-39.0,-37.0,2.0
2026-04-09,LUV,SOUTHWEST AIRLINES CO.,Industrials,Industrials,-28.0,20.0,48.0
2026-04-09,LVS,LAS VEGAS SANDS CORP.,Consumer Discretionary,Consumer Discretionary,-23.0,3.0,26.0
2026-04-09,LW,"LAMB WESTON HOLDINGS, INC.",Consumer Staples,Consumer Staples,43.0,39.0,-4.0
2026-04-09,LYB,LYONDELLBASELL INDUSTRIES NV,Materials,Materials,10.0,1.0,-9.0
2026-04-09,LYV,"LIVE NATION ENTERTAINMENT, INC.",Communication Services,Communication Services,14.0,7.0,-7.0
2026-04-09,MA,MASTERCARD INC..,Financials,Financials,-18.0,-14.0,4.0
2026-04-09,MAA,"MID-AMERICA APARTMENT COMMUNITIES, INC.",Real Estate,Real Estate,8.0,20.0,12.0
2026-04-09,MAR,"MARRIOTT INTERNATIONAL, INC.",Consumer Discretionary,Consumer Discretionary,-62.0,-36.0,26.0
2026-04-09,MAS,MASCO ,Industrials,Industrials,-20.0,-14.0,6.0
2026-04-09,MCD,MCDONALD'S ,Consumer Discretionary,Consumer Discretionary,41.0,71.0,30.0
2026-04-09,MCHI,ISHARES:MSCI CHINA,,Foreign,-35.0,3.0,38.0
2026-04-09,MCHP,MICROCHIP TECHNOLOGY INC.,Information Technology,Information Technology,-22.0,-29.0,-7.0
2026-04-09,MCK,MCKESSON ,Health Care,Health Care,-30.0,10.0,40.0
2026-04-09,MCO,MOODY'S ,Financials,Financials,-30.0,-42.0,-12.0
2026-04-09,MDLZ,"MONDELEZ INTERNATIONAL, INC.",Consumer Staples,Consumer Staples,-72.0,-43.0,29.0
2026-04-09,MDT,MEDTRONIC PUBLIC LIMITED COMPANY,Health Care,Health Care,-41.0,-5.0,36.0
2026-04-09,MDY,SPDR S&P MIDCAP 400 ETF,,Sector & Style ETFs,-38.0,-34.0,4.0
2026-04-09,MET,"METLIFE, INC.",Financials,Financials,-11.0,1.0,12.0
2026-04-09,META,"META PLATFORMS, INC.",Communication Services,Communication Services,-20.0,-27.0,-7.0
2026-04-09,MGM,MGM RESORTS INTERNATIONAL,Consumer Discretionary,Consumer Discretionary,0.0,-10.0,-10.0
2026-04-09,MKC,"MCCORMICK & COMPANY, INC.",Consumer Staples,Consumer Staples,-26.0,18.0,44.0
2026-04-09,MLM,"MARTIN MARIETTA MATERIALS, INC.",Materials,Materials,-58.0,-36.0,22.0
2026-04-09,MMM,3M COMPANY,Industrials,Industrials,-28.0,-14.0,14.0
2026-04-09,MNST,MONSTER BEVERAGE ,Consumer Staples,Consumer Staples,-1.0,27.0,28.0
2026-04-09,MO,"ALTRIA GROUP, INC.",Consumer Staples,Consumer Staples,20.0,63.0,43.0
2026-04-09,MOH,"MOLINA HEALTHCARE, INC.",Health Care,Health Care,-10.0,-20.0,-10.0
2026-04-09,MOS,THE MOSAIC COMPANY,Materials,Materials,39.0,28.0,-11.0
2026-04-09,MP,MP MATERIALS CORP,,MR Discretion,25.0,27.0,2.0
2026-04-09,MPC,MARATHON PETROLEUM ,Energy,Energy,0.0,11.0,11.0
2026-04-09,MPWR,"MONOLITHIC POWER SYSTEMS, INC.",Information Technology,Information Technology,-59.0,1.0,60.0
2026-04-09,MRK,"MERCK & CO., INC.",Health Care,Health Care,-38.0,-41.0,-3.0
2026-04-09,MRNA,"MODERNA, INC.",Health Care,Health Care,-11.0,1.0,12.0
2026-04-09,MRSH,"MARSH & MCLENNAN COMPANIES, INC.",Financials,Financials,16.0,11.0,-5.0
2026-04-09,MS,MORGAN STANLEY,Financials,Financials,-64.0,-19.0,45.0
2026-04-09,MSCI,MSCI INC.,Financials,Financials,-7.0,-4.0,3.0
2026-04-09,MSFT,MICROSOFT ,Information Technology,Information Technology,0.0,-38.0,-38.0
2026-04-09,MSI,"MOTOROLA SOLUTIONS, INC.",Information Technology,Information Technology,54.0,46.0,-8.0
2026-04-09,MTB,M&T BANK ,Financials,Financials,-35.0,-23.0,12.0
2026-04-09,MTCH,"MATCH GROUP, INC.",Communication Services,Communication Services,-29.0,10.0,39.0
2026-04-09,MTD,METTLER-TOLEDO INTERNATIONAL INC.,Health Care,Health Care,-60.0,-40.0,20.0
2026-04-09,MTUM,ISHARES:MSCI USA MOM FCT,,Sector & Style ETFs,12.0,-10.0,-22.0
2026-04-09,MU,"MICRON TECHNOLOGY, INC.",Information Technology,Information Technology,37.0,27.0,-10.0
2026-04-09,MUB,ISHARES:NATL MUNI BOND,,Bonds,-61.0,-3.0,58.0
2026-04-09,NCLH,NORWEGIAN CRUISE LINE HOLDINGS LTD.,Consumer Discretionary,Consumer Discretionary,-34.0,-39.0,-5.0
2026-04-09,NDAQ,"NASDAQ, INC.",Financials,Financials,-17.0,-22.0,-5.0
2026-04-09,NDSN,NORDSON ,Industrials,Industrials,-72.0,-49.0,23.0
2026-04-09,NDX,NASDAQ 100 INDEX,,Indices,11.0,-18.0,-29.0
2026-04-09,NEE,"NEXTERA ENERGY, INC.",Utilities,Utilities,-8.0,45.0,53.0
2026-04-09,NEM,NEWMONT ,Materials,Materials,-8.0,71.0,79.0
2026-04-09,NFLX,"NETFLIX, INC.",Communication Services,Communication Services,-14.0,-19.0,-5.0
2026-04-09,NI,NISOURCE INC.,Utilities,Utilities,-21.0,45.0,66.0
2026-04-09,NKE,"NIKE, INC.",Consumer Discretionary,Consumer Discretionary,62.0,35.0,-27.0
2026-04-09,NOC,NORTHROP GRUMMAN ,Industrials,Industrials,14.0,54.0,40.0
2026-04-09,NORW,GLBL X MSCI NORWAY ETF,,Foreign,-33.0,11.0,44.0
2026-04-09,NOV,NOV INC.,,MR Discretion,-47.0,6.0,53.0
2026-04-09,NOW,"SERVICENOW, INC.",Information Technology,Information Technology,-25.0,-41.0,-16.0
2026-04-09,NQ=F,NASDAQ 100 FUTURES,,Futures,-30.0,-34.0,-4.0
2026-04-09,NRG,"NRG ENERGY, INC.",Utilities,Utilities,-36.0,-14.0,22.0
2026-04-09,NSC,NORFOLK SOUTHERN ,Industrials,Industrials,-44.0,12.0,56.0
2026-04-09,NTAP,"NETAPP, INC.",Information Technology,Information Technology,9.0,-18.0,-27.0
2026-04-09,NTRS,NORTHERN TRUST ,Financials,Financials,-64.0,-19.0,45.0
2026-04-09,NUE,NUCOR ,Materials,Materials,-73.0,-12.0,61.0
2026-04-09,NVDA,NVIDIA ,Information Technology,Information Technology,3.0,-31.0,-34.0
2026-04-09,NVR,"NVR, INC.",Consumer Discretionary,Consumer Discretionary,-19.0,-22.0,-3.0
2026-04-09,NWSA,NEWS CORP.,Communication Services,Communication Services,-33.0,-21.0,12.0
2026-04-09,NXPI,NXP SEMICONDUCTORS NV,Information Technology,Information Technology,-69.0,-19.0,50.0
2026-04-09,O,REALTY INCOME ,Real Estate,Real Estate,-5.0,39.0,44.0
2026-04-09,ODFL,"OLD DOMINION FREIGHT LINE, INC.",Industrials,Industrials,-82.0,-34.0,48.0
2026-04-09,OEF,ISHARES:S&P 100,,Sector & Style ETFs,-13.0,-27.0,-14.0
2026-04-09,OKE,"ONEOK, INC.",Energy,Energy,76.0,71.0,-5.0
2026-04-09,OMC,OMNICOM GROUP INC.,Communication Services,Communication Services,25.0,4.0,-21.0
2026-04-09,ON,ON SEMICONDUCTOR ,Information Technology,Information Technology,-64.0,-40.0,24.0
2026-04-09,ORCL,ORACLE ,Information Technology,Information Technology,-8.0,-34.0,-26.0
2026-04-09,ORLY,"O'REILLY AUTOMOTIVE, INC.",Consumer Discretionary,Consumer Discretionary,-6.0,-2.0,4.0
2026-04-09,OTIS,OTIS WORLDWIDE ,Industrials,Industrials,-7.0,-39.0,-32.0
2026-04-09,OXY,OCCIDENTAL PETROLEUM ,Energy,Energy,-2.0,1.0,3.0
2026-04-09,PAM,PAMPA ENERGIA SA,,MR Discretion,51.0,-5.0,-56.0
2026-04-09,PANW,"PALO ALTO NETWORKS, INC.",Information Technology,Information Technology,0.0,-27.0,-27.0
2026-04-09,PAYC,"PAYCOM SOFTWARE, INC.",Industrials,Industrials,24.0,36.0,12.0
2026-04-09,PAYX,"PAYCHEX, INC.",Industrials,Industrials,-7.0,-17.0,-10.0
2026-04-09,PBR,BRAZILIAN PETROLEUM  - PETROBRAS,,MR Discretion,0.0,3.0,3.0
2026-04-09,PCAR,PACCAR INC,Industrials,Industrials,-39.0,1.0,40.0
2026-04-09,PCG,PG&E ,Utilities,Utilities,-26.0,4.0,30.0
2026-04-09,PEG,PUBLIC SERVICE ENTERPRISE GROUP INC.,Utilities,Utilities,-19.0,28.0,47.0
2026-04-09,PEP,"PEPSICO, INC.",Consumer Staples,Consumer Staples,17.0,47.0,30.0
2026-04-09,PFE,PFIZER INC.,Health Care,Health Care,-18.0,24.0,42.0
2026-04-09,PFF,ISHARES:PREF AND INC SEC,,Bonds,-36.0,-13.0,23.0
2026-04-09,PFG,"PRINCIPAL FINANCIAL GROUP, INC.",Financials,Financials,-81.0,-24.0,57.0
2026-04-09,PG,THE PROCTER & GAMBLE COMPANY,Consumer Staples,Consumer Staples,21.0,19.0,-2.0
2026-04-09,PGR,THE PROGRESSIVE ,Financials,Financials,-10.0,-5.0,5.0
2026-04-09,PH,PARKER-HANNIFIN ,Industrials,Industrials,-74.0,-27.0,47.0
2026-04-09,PHM,"PULTEGROUP, INC.",Consumer Discretionary,Consumer Discretionary,-64.0,-14.0,50.0
2026-04-09,PKG,PACKAGING  OF AMERICA,Materials,Materials,80.0,54.0,-26.0
2026-04-09,PLD,"PROLOGIS, INC.",Real Estate,Real Estate,-27.0,28.0,55.0
2026-04-09,PLTR,PALANTIR TECHNOLOGIES INC.,Information Technology,Information Technology,-10.0,23.0,33.0
2026-04-09,PM,PHILIP MORRIS INTERNATIONAL INC.,Consumer Staples,Consumer Staples,59.0,34.0,-25.0
2026-04-09,PNC,"THE PNC FINANCIAL SERVICES GROUP, INC.",Financials,Financials,-31.0,-19.0,12.0
2026-04-09,PNR,PENTAIR PUBLIC LIMITED COMPANY,Industrials,Industrials,28.0,-2.0,-30.0
2026-04-09,PNW,PINNACLE WEST CAPITAL ,Utilities,Utilities,-22.0,54.0,76.0
2026-04-09,PODD,INSULET ,Health Care,Health Care,0.0,-11.0,-11.0
2026-04-09,POOL,POOL ,Consumer Discretionary,Consumer Discretionary,-86.0,-46.0,40.0
2026-04-09,POWA,INVESCO BLOOMBERG PRICING POWER,,Sector & Style ETFs,-5.0,-19.0,-14.0
2026-04-09,PPG,"PPG INDUSTRIES, INC.",Materials,Materials,-93.0,-32.0,61.0
2026-04-09,PPL,PPL ,Utilities,Utilities,-33.0,-7.0,26.0
2026-04-09,PPLT,ABRDN:PHYSICAL PLATINUM,,Commodities,13.0,53.0,40.0
2026-04-09,PRU,"PRUDENTIAL FINANCIAL, INC.",Financials,Financials,-26.0,-36.0,-10.0
2026-04-09,PSA,PUBLIC STORAGE.,Real Estate,Real Estate,-63.0,-15.0,48.0
2026-04-09,PSKY,PARAMOUNT SKYDANCE ,Communication Services,Communication Services,-39.0,19.0,58.0
2026-04-09,PSX,PHILLIPS 66,Energy,Energy,-16.0,13.0,29.0
2026-04-09,PTC,PTC INC.,Information Technology,Information Technology,24.0,3.0,-21.0
2026-04-09,PWR,"QUANTA SERVICES, INC.",Industrials,Industrials,-6.0,53.0,59.0
2026-04-09,PYPL,"PAYPAL HOLDINGS, INC.",Financials,Financials,0.0,-10.0,-10.0
2026-04-09,Q,"QNITY ELECTRONICS, INC.",Information Technology,Information Technology,-37.0,-37.0,0.0
2026-04-09,QAT,ISHARES:MSCI QATAR,,Foreign,-52.0,-34.0,18.0
2026-04-09,QCOM,QUALCOMM INC.,Information Technology,Information Technology,21.0,-12.0,-33.0
2026-04-09,QQQ,INVESCO QQQ TRUST 1,,Sector & Style ETFs,-13.0,-27.0,-14.0
2026-04-09,QUAL,ISHARES:MSCI USA QF,,Sector & Style ETFs,-20.0,-34.0,-14.0
2026-04-09,RCL,ROYAL CARIBBEAN CRUISES LTD.,Consumer Discretionary,Consumer Discretionary,-20.0,3.0,23.0
2026-04-09,REG,REGENCY CENTERS ,Real Estate,Real Estate,1.0,32.0,31.0
2026-04-09,REGN,"REGENERON PHARMACEUTICALS, INC.",Health Care,Health Care,-40.0,-28.0,12.0
2026-04-09,RF,REGIONS FINANCIAL ,Financials,Financials,-41.0,-19.0,22.0
2026-04-09,RIG,TRANSOCEAN LTD,,MR Discretion,-18.0,16.0,34.0
2026-04-09,RJF,"RAYMOND JAMES FINANCIAL, INC.",Financials,Financials,0.0,-21.0,-21.0
2026-04-09,RL,RALPH LAUREN ,Consumer Discretionary,Consumer Discretionary,-23.0,-28.0,-5.0
2026-04-09,RMD,RESMED INC.,Health Care,Health Care,25.0,4.0,-21.0
2026-04-09,ROK,"ROCKWELL AUTOMATION, INC.",Industrials,Industrials,-67.0,-10.0,57.0
2026-04-09,ROKU,"ROKU, INC.",,MR Discretion,-16.0,6.0,22.0
2026-04-09,ROL,"ROLLINS, INC.",Industrials,Industrials,0.0,10.0,10.0
2026-04-09,ROP,"ROPER TECHNOLOGIES, INC.",Information Technology,Information Technology,-53.0,-46.0,7.0
2026-04-09,ROST,"ROSS STORES, INC.",Consumer Discretionary,Consumer Discretionary,-38.0,0.0,38.0
2026-04-09,RSG,"REPUBLIC SERVICES, INC.",Industrials,Industrials,-1.0,4.0,5.0
2026-04-09,RSP,INVESCO S&P500 EWGHT,,Sector & Style ETFs,-51.0,-65.0,-14.0
2026-04-09,RTX,RTX ,Industrials,Industrials,25.0,46.0,21.0
2026-04-09,RUT,RUSSELL 2000 INDEX,,Indices,-62.0,-34.0,28.0
2026-04-09,RVTY,"REVVITY, INC.",Health Care,Health Care,-27.0,-5.0,22.0
2026-04-09,SBAC,SBA COMMUNICATIONS ,Real Estate,Real Estate,-32.0,-12.0,20.0
2026-04-09,SBLK,STAR BULK CARRIERS CORP.,,MR Discretion,18.0,-19.0,-37.0
2026-04-09,SBUX,STARBUCKS ,Consumer Discretionary,Consumer Discretionary,-35.0,-2.0,33.0
2026-04-09,SCHP,SCHWAB STR:US TIPS,,Bonds,0.0,30.0,30.0
2026-04-09,SCHW,THE CHARLES SCHWAB ,Financials,Financials,-32.0,-28.0,4.0
2026-04-09,SD,"SANDRIDGE ENERGY, INC.",,MR Discretion,39.0,53.0,14.0
2026-04-09,SDY,SPDR S&P DIVIDEND,,Sector & Style ETFs,-44.0,8.0,52.0
2026-04-09,SHW,THE SHERWIN-WILLIAMS COMPANY,Materials,Materials,-84.0,-53.0,31.0
2026-04-09,SHY,ISHARES:1-3 TRS BD ETF,Bonds,Bonds,-9.0,3.0,12.0
2026-04-09,SILJ,ETFMG PRIME JR SILVR MNR,,Commodities,24.0,63.0,39.0
2026-04-09,SJM,THE J. M. SMUCKER COMPANY,Consumer Staples,Consumer Staples,22.0,30.0,8.0
2026-04-09,SLB,SCHLUMBERGER N.V.,Energy,Energy,-49.0,-14.0,35.0
2026-04-09,SLV,ISHARES:SILVER TRUST,,Commodities,22.0,-8.0,-30.0
2026-04-09,SM,SM ENERGY COMPANY,,MR Discretion,34.0,10.0,-24.0
2026-04-09,SMCI,"SUPER MICRO COMPUTER, INC.",Information Technology,Information Technology,-11.0,4.0,15.0
2026-04-09,SMH,VANECK:SEMICONDUCTOR,,Sector & Style ETFs,-72.0,-18.0,54.0
2026-04-09,SNA,SNAP-ON INC.,Industrials,Industrials,-55.0,-7.0,48.0
2026-04-09,SNDK,SANDISK CORPORATION,Information Technology,Information Technology,30.0,62.0,32.0
2026-04-09,SNPS,"SYNOPSYS, INC.",Information Technology,Information Technology,5.0,-1.0,-6.0
2026-04-09,SO,THE SOUTHERN COMPANY,Utilities,Utilities,31.0,53.0,22.0
2026-04-09,SOLV,SOLVENTUM ,Health Care,Health Care,-1.0,-39.0,-38.0
2026-04-09,SOYB,TEUCRIUM:SOYBEAN,,Commodities,4.0,39.0,35.0
2026-04-09,SPG,"SIMON PROPERTY GROUP, INC.",Real Estate,Real Estate,-6.0,-20.0,-14.0
2026-04-09,SPGI,S&P GLOBAL INC.,Financials,Financials,-8.0,-26.0,-18.0
2026-04-09,SPHB,INVESCO S&P500 HI BE,,Sector & Style ETFs,-82.0,-28.0,54.0
2026-04-09,SPLV,INVESCO S&P500 LOWVL,,Sector & Style ETFs,-20.0,32.0,52.0
2026-04-09,SPX,S&P 500 INDEX,,Indices,11.0,-18.0,-29.0
2026-04-09,SPY,SPDR S&P 500 ETF,,Sector & Style ETFs,-4.0,-18.0,-14.0
2026-04-09,SRE,SEMPRA,Utilities,Utilities,-8.0,1.0,9.0
2026-04-09,STE,STERIS PUBLIC LIMITED COMPANY,Health Care,Health Care,-9.0,-5.0,4.0
2026-04-09,STIP,ISHARES:0-5 TIPS BD ETF,Bonds,Bonds,-32.0,3.0,35.0
2026-04-09,STLA,STELLANTIS NV,,MR Discretion,27.0,-2.0,-29.0
2026-04-09,STLD,"STEEL DYNAMICS, INC.",Materials,Materials,-86.0,-2.0,84.0
2026-04-09,STNG,SCORPIO TANKERS INC.,,MR Discretion,-51.0,-13.0,38.0
2026-04-09,STT,STATE STREET ,Financials,Financials,-68.0,-23.0,45.0
2026-04-09,STX,SEAGATE TECHNOLOGY HOLDINGS,Information Technology,Information Technology,-3.0,49.0,52.0
2026-04-09,STZ,"CONSTELLATION BRANDS, INC.",Consumer Staples,Consumer Staples,-37.0,-57.0,-20.0
2026-04-09,SW,SMURFIT WESTROCK PUBLIC LIMITED COMPANY,Materials,Materials,-85.0,-38.0,47.0
2026-04-09,SWK,"STANLEY BLACK & DECKER, INC.",Industrials,Industrials,-56.0,-54.0,2.0
2026-04-09,SWKS,"SKYWORKS SOLUTIONS, INC.",Information Technology,Information Technology,36.0,33.0,-3.0
2026-04-09,SYF,SYNCHRONY FINANCIAL,Financials,Financials,-35.0,-23.0,12.0
2026-04-09,SYK,STRYKER ,Health Care,Health Care,-14.0,-21.0,-7.0
2026-04-09,SYY,SYSCO ,Consumer Staples,Consumer Staples,68.0,46.0,-22.0
2026-04-09,T,AT&T INC.,Communication Services,Communication Services,-35.0,-1.0,34.0
2026-04-09,TAGS,TEUCRIUM:AGRICULTURAL,,Commodities,12.0,39.0,27.0
2026-04-09,TAP,MOLSON COORS BEVERAGE COMPANY,Consumer Staples,Consumer Staples,21.0,33.0,12.0
2026-04-09,TDG,TRANSDIGM GROUP INC.,Industrials,Industrials,16.0,-14.0,-30.0
2026-04-09,TDW,TIDEWATER INC.,,MR Discretion,-54.0,-60.0,-6.0
2026-04-09,TDY,TELEDYNE TECHNOLOGIES INC.,Information Technology,Information Technology,-47.0,14.0,61.0
2026-04-09,TECH,BIO-TECHNE ,Health Care,Health Care,-48.0,-32.0,16.0
2026-04-09,TECK,TECK RESOURCES LIMITED,,MR Discretion,-85.0,-11.0,74.0
2026-04-09,TEL,TE CONNECTIVITY LTD,Information Technology,Information Technology,-55.0,-10.0,45.0
2026-04-09,TER,"TERADYNE, INC.",Information Technology,Information Technology,-3.0,58.0,61.0
2026-04-09,TFC,TRUIST FINANCIAL ,Financials,Financials,-35.0,-23.0,12.0
2026-04-09,TGT,TARGET ,Consumer Staples,Consumer Staples,-63.0,-57.0,6.0
2026-04-09,THD,ISHARES:MSCI THAI,,Foreign,-60.0,-17.0,43.0
2026-04-09,TIP,ISHARES:TIPS BD ETF,Bonds,Bonds,0.0,35.0,35.0
2026-04-09,TJX,"THE TJX COMPANIES, INC.",Consumer Discretionary,Consumer Discretionary,-43.0,4.0,47.0
2026-04-09,TKO,"TKO GROUP HOLDINGS, INC.",Communication Services,Communication Services,-38.0,37.0,75.0
2026-04-09,TLT,ISHARES:20+ TRS BD ETF,Bonds,Bonds,-22.0,8.0,30.0
2026-04-09,TMO,THERMO FISHER SCIENTIFIC INC.,Health Care,Health Care,-6.0,-3.0,3.0
2026-04-09,TMUS,"T-MOBILE US, INC.",Communication Services,Communication Services,109.0,47.0,-62.0
2026-04-09,TNX,10 Y TSY YLD NDX,Yields,Yields,-29.0,-60.0,-31.0
2026-04-09,TPL,TEXAS PACIFIC LAND ,Energy,Energy,-56.0,-38.0,18.0
2026-04-09,TPR,"TAPESTRY, INC.",Consumer Discretionary,Consumer Discretionary,-8.0,55.0,63.0
2026-04-09,TRGP,TARGA RESOURCES CORP.,Energy,Energy,44.0,79.0,35.0
2026-04-09,TRMB,TRIMBLE INC.,Information Technology,Information Technology,-9.0,3.0,12.0
2026-04-09,TROW,"T. ROWE PRICE GROUP, INC.",Financials,Financials,-26.0,-46.0,-20.0
2026-04-09,TRV,"THE TRAVELERS COMPANIES, INC.",Financials,Financials,-68.0,21.0,89.0
2026-04-09,TS,TENARIS SA,,MR Discretion,-16.0,10.0,26.0
2026-04-09,TSCO,TRACTOR SUPPLY COMPANY,Consumer Discretionary,Consumer Discretionary,-10.0,-30.0,-20.0
2026-04-09,TSLA,"TESLA, INC.",Consumer Discretionary,Consumer Discretionary,14.0,31.0,17.0
2026-04-09,TSN,"TYSON FOODS, INC.",Consumer Staples,Consumer Staples,-15.0,-27.0,-12.0
2026-04-09,TT,TRANE TECHNOLOGIES PLC,Industrials,Industrials,2.0,-20.0,-22.0
2026-04-09,TTD,"THE TRADE DESK, INC.",Communication Services,Communication Services,-7.0,-5.0,2.0
2026-04-09,TTWO,"TAKE-TWO INTERACTIVE SOFTWARE, INC.",Communication Services,Communication Services,18.0,22.0,4.0
2026-04-09,TUR,ISHARES:MSCI TURKEY,,Foreign,-68.0,-31.0,37.0
2026-04-09,TXN,TEXAS INSTRUMENTS INC.,Information Technology,Information Technology,-65.0,-2.0,63.0
2026-04-09,TXT,TEXTRON INC.,Industrials,Industrials,3.0,12.0,9.0
2026-04-09,TYL,"TYLER TECHNOLOGIES, INC.",Information Technology,Information Technology,-15.0,-33.0,-18.0
2026-04-09,TYX,30 Y TSY YLD NDX,Yields,Yields,-1.0,-28.0,-27.0
2026-04-09,UAL,"UNITED AIRLINES HOLDINGS, INC.",Industrials,Industrials,-17.0,-22.0,-5.0
2026-04-09,UBER,"UBER TECHNOLOGIES, INC.",Industrials,Industrials,-21.0,-35.0,-14.0
2026-04-09,UDR,"UDR, INC.",Real Estate,Real Estate,3.0,-18.0,-21.0
2026-04-09,UHS,"UNIVERSAL HEALTH SERVICES, INC.",Health Care,Health Care,36.0,-5.0,-41.0
2026-04-09,ULTA,"ULTA BEAUTY, INC.",Consumer Discretionary,Consumer Discretionary,9.0,8.0,-1.0
2026-04-09,UNG,UNITED STATES NAT GAS,Energy Complex,Commodities,15.0,26.0,11.0
2026-04-09,UNH,UNITEDHEALTH GROUP INC.,Health Care,Health Care,12.0,-3.0,-15.0
2026-04-09,UNP,UNION PACIFIC ,Industrials,Industrials,-72.0,12.0,84.0
2026-04-09,UPS,"UNITED PARCEL SERVICE, INC.",Industrials,Industrials,-84.0,-13.0,71.0
2026-04-09,URA,GLBL X URANIUM ETF,,Commodities,-73.0,2.0,75.0
2026-04-09,URI,"UNITED RENTALS, INC.",Industrials,Industrials,0.0,-21.0,-21.0
2026-04-09,URNM,SPROTT URANIUM MINERS,,MR Discretion,-4.0,4.0,8.0
2026-04-09,USB,U.S. BANCORP,Financials,Financials,-45.0,-23.0,22.0
2026-04-09,USO,UNITED STATES OIL FUND,Energy Complex,Commodities,-16.0,27.0,43.0
2026-04-09,UUP,INVESCO DB USD IDX BL,,Currencies,-1.0,-13.0,-12.0
2026-04-09,V,VISA INC.,Financials,Financials,24.0,-14.0,-38.0
2026-04-09,VAL,VALARIS LIMITED,,MR Discretion,-18.0,16.0,34.0
2026-04-09,VICI,VICI PROPERTIES INC.,Real Estate,Real Estate,-33.0,5.0,38.0
2026-04-09,VIX,CBOE MKT VOLATILITY IDX,,Volatility,-37.0,-1.0,36.0
2026-04-09,VLO,VALERO ENERGY ,Energy,Energy,-33.0,10.0,43.0
2026-04-09,VLTO,VERALTO ,Industrials,Industrials,33.0,-5.0,-38.0
2026-04-09,VMC,VULCAN MATERIALS COMPANY,Materials,Materials,-48.0,-43.0,5.0
2026-04-09,VNM,VANECK:VIETNAM,,Foreign,-50.0,15.0,65.0
2026-04-09,VRSK,"VERISK ANALYTICS, INC.",Industrials,Industrials,1.0,-11.0,-12.0
2026-04-09,VRSN,"VERISIGN, INC.",Information Technology,Information Technology,0.0,-2.0,-2.0
2026-04-09,VRTX,VERTEX PHARMACEUTICALS INC.,Health Care,Health Care,29.0,-15.0,-44.0
2026-04-09,VST,VISTRA CORP.,Utilities,Utilities,17.0,-13.0,-30.0
2026-04-09,VTR,"VENTAS, INC.",Real Estate,Real Estate,22.0,76.0,54.0
2026-04-09,VTRS,VIATRIS INC.,Health Care,Health Care,25.0,39.0,14.0
2026-04-09,VXN,CBOE NASDAQ MKT VOL NDX,,Volatility,-48.0,-1.0,47.0
2026-04-09,VZ,VERIZON COMMUNICATIONS INC.,Communication Services,Communication Services,18.0,27.0,9.0
2026-04-09,WAB,WESTINGHOUSE AIR BRAKE TECHNOLOGIES ,Industrials,Industrials,-74.0,-20.0,54.0
2026-04-09,WAT,WATERS ,Health Care,Health Care,-48.0,-36.0,12.0
2026-04-09,WBD,"WARNER BROS. DISCOVERY, INC.",Communication Services,Communication Services,-50.0,13.0,63.0
2026-04-09,WDAY,"WORKDAY, INC.",Information Technology,Information Technology,-10.0,-38.0,-28.0
2026-04-09,WDC,WESTERN DIGITAL ,Information Technology,Information Technology,-58.0,-29.0,29.0
2026-04-09,WEAT,TEUCRIUM:WHEAT,,Commodities,2.0,16.0,14.0
2026-04-09,WEC,"WEC ENERGY GROUP, INC.",Utilities,Utilities,17.0,54.0,37.0
2026-04-09,WELL,WELLTOWER INC.,Real Estate,Real Estate,10.0,64.0,54.0
2026-04-09,WFC,WELLS FARGO & COMPANY,Financials,Financials,-18.0,-23.0,-5.0
2026-04-09,WM,"WASTE MANAGEMENT, INC.",Industrials,Industrials,1.0,-17.0,-18.0
2026-04-09,WMB,"THE WILLIAMS COMPANIES, INC.",Energy,Energy,50.0,41.0,-9.0
2026-04-09,WMT,WALMART INC.,Consumer Staples,Consumer Staples,-51.0,11.0,62.0
2026-04-09,WRB,W. R. BERKLEY ,Financials,Financials,6.0,-5.0,-11.0
2026-04-09,WSM,"WILLIAMS-SONOMA, INC.",Consumer Discretionary,Consumer Discretionary,-53.0,-48.0,5.0
2026-04-09,WST,"WEST PHARMACEUTICAL SERVICES, INC.",Health Care,Health Care,-53.0,-39.0,14.0
2026-04-09,WTW,WILLIS TOWERS WATSON,Financials,Financials,-9.0,-21.0,-12.0
2026-04-09,WY,WEYERHAEUSER COMPANY,Real Estate,Real Estate,-57.0,-51.0,6.0
2026-04-09,WYNN,"WYNN RESORTS, LIMITED",Consumer Discretionary,Consumer Discretionary,-22.0,-10.0,12.0
2026-04-09,XEL,XCEL ENERGY INC.,Utilities,Utilities,-15.0,38.0,53.0
2026-04-09,XES,SPDR S&P OIL&GAS E&S,,MR Discretion,-18.0,25.0,43.0
2026-04-09,XLB,SEL SECTOR:MATRLS SPDR,,Sector & Style ETFs,-79.0,-24.0,55.0
2026-04-09,XLC,SEL SECTOR:COMM SVC SPDR,,Sector & Style ETFs,-6.0,-20.0,-14.0
2026-04-09,XLE,SEL SECTOR:ENERGY SPDR,,Sector & Style ETFs,-42.0,1.0,43.0
2026-04-09,XLF,SEL SECTOR:FINL S SPDR,,Sector & Style ETFs,-57.0,-53.0,4.0
2026-04-09,XLI,SEL SECTOR:INDUST SPDR,,Sector & Style ETFs,-36.0,-37.0,-1.0
2026-04-09,XLK,SEL SECTOR:TECH SPDR,,Sector & Style ETFs,-74.0,-27.0,47.0
2026-04-09,XLP,SEL SECTOR:C STP SPDR,,Sector & Style ETFs,-17.0,38.0,55.0
2026-04-09,XLRE,SEL SECTOR:RL EST SPDR,,Sector & Style ETFs,-71.0,-11.0,60.0
2026-04-09,XLU,SEL SECTOR:UTIL SPDR,,Sector & Style ETFs,20.0,63.0,43.0
2026-04-09,XLV,SEL SECTOR:H CARE SPDR,,Sector & Style ETFs,-6.0,12.0,18.0
2026-04-09,XLY,SEL SECTOR:C DSC SPDR,,Sector & Style ETFs,-55.0,-34.0,21.0
2026-04-09,XOM,EXXON MOBIL ,Energy,Energy,-49.0,3.0,52.0
2026-04-09,XOP,SPDR S&P OIL&GAS EXP,,MR Discretion,-28.0,1.0,29.0
2026-04-09,XYL,XYLEM INC.,Industrials,Industrials,-12.0,-17.0,-5.0
2026-04-09,XYZ,"BLOCK, INC.",Financials,Financials,-77.0,-37.0,40.0
2026-04-09,YUM,"YUM! BRANDS, INC.",Consumer Discretionary,Consumer Discretionary,-15.0,11.0,26.0
2026-04-09,ZBH,"ZIMMER BIOMET HOLDINGS, INC.",Health Care,Health Care,-15.0,-20.0,-5.0
2026-04-09,ZBRA,ZEBRA TECHNOLOGIES ,Information Technology,Information Technology,-14.0,-2.0,12.0
2026-04-09,ZTS,ZOETIS INC.,Health Care,Health Care,-6.0,-19.0,-13.0
