Date,Ticker,Ticker_name,Exposure,Category,Sharpe_Rank_mtd_change,current_Sharpe_Rank,previous_Sharpe_Rank
2026-03-27,A,"AGILENT TECHNOLOGIES, INC.",Health Care,Health Care,-1.2,13.3,14.5
2026-03-27,AAPL,APPLE INC.,Information Technology,Information Technology,-31.8,11.7,43.5
2026-03-27,ABBV,ABBVIE INC.,Health Care,Health Care,-65.0,6.2,71.2
2026-03-27,ABNB,"AIRBNB, INC.",Consumer Discretionary,Consumer Discretionary,-47.4,14.5,61.9
2026-03-27,ABT,ABBOTT LABORATORIES,Health Care,Health Care,-99.2,0.2,99.4
2026-03-27,ACGL,ARCH CAPITAL GROUP LTD.,Financials,Financials,-71.0,1.0,72.0
2026-03-27,ACN,ACCENTURE PUBLIC LIMITED COMPANY,Information Technology,Information Technology,7.6,28.4,20.8
2026-03-27,ADBE,ADOBE INC.,Information Technology,Information Technology,-4.3,29.2,33.5
2026-03-27,ADI,"ANALOG DEVICES, INC.",Information Technology,Information Technology,-79.7,3.0,82.7
2026-03-27,ADM,ARCHER-DANIELS-MIDLAND COMPANY.,Consumer Staples,Consumer Staples,-3.9,55.8,59.7
2026-03-27,ADP,"AUTOMATIC DATA PROCESSING, INC.",Industrials,Industrials,10.7,26.4,15.7
2026-03-27,ADSK,"AUTODESK, INC.",Information Technology,Information Technology,-21.4,26.8,48.2
2026-03-27,AEE,AMEREN ,Utilities,Utilities,-88.1,10.1,98.2
2026-03-27,AEP,"AMERICAN ELECTRIC POWER COMPANY, INC.",Utilities,Utilities,-71.4,25.6,97.0
2026-03-27,AES,THE AES ,Utilities,Utilities,-83.7,5.4,89.1
2026-03-27,AFL,AFLAC INC.,Financials,Financials,-57.9,1.4,59.3
2026-03-27,AIG,"AMERICAN INTERNATIONAL GROUP, INC.",Financials,Financials,-80.9,5.8,86.7
2026-03-27,AIZ,"ASSURANT, INC.",Financials,Financials,-32.9,1.4,34.3
2026-03-27,AJG,ARTHUR J. GALLAGHER & CO.,Financials,Financials,-23.2,14.1,37.3
2026-03-27,AKAM,"AKAMAI TECHNOLOGIES, INC.",Information Technology,Information Technology,50.0,98.2,48.2
2026-03-27,ALB,ALBEMARLE ,Materials,Materials,5.5,35.1,29.6
2026-03-27,ALGN,"ALIGN TECHNOLOGY, INC.",Health Care,Health Care,-78.1,5.8,83.9
2026-03-27,ALL,THE ALLSTATE ,Financials,Financials,-78.1,3.4,81.5
2026-03-27,ALLE,ALLEGION PUBLIC LIMITED COMPANY,Industrials,Industrials,-34.9,0.2,35.1
2026-03-27,AMAT,"APPLIED MATERIALS, INC.",Information Technology,Information Technology,-34.9,12.9,47.8
2026-03-27,AMCR,AMCOR PLC,Materials,Materials,-84.1,3.8,87.9
2026-03-27,AMD,"ADVANCED MICRO DEVICES, INC.",Information Technology,Information Technology,33.7,44.2,10.5
2026-03-27,AME,"AMETEK, INC.",Industrials,Industrials,-73.6,0.2,73.8
2026-03-27,AMGN,AMGEN INC.,Health Care,Health Care,-85.3,1.8,87.1
2026-03-27,AMP,"AMERIPRISE FINANCIAL, INC.",Financials,Financials,-14.3,3.8,18.1
2026-03-27,AMT,AMERICAN TOWER ,Real Estate,Real Estate,-77.8,1.0,78.8
2026-03-27,AMZN,"AMAZON.COM, INC.",Consumer Discretionary,Consumer Discretionary,12.7,22.8,10.1
2026-03-27,ANET,"ARISTA NETWORKS, INC.",Information Technology,Information Technology,-0.8,17.3,18.1
2026-03-27,AON,AON PLC,Financials,Financials,-35.7,13.3,49.0
2026-03-27,AOS,A. O. SMITH ,Industrials,Industrials,-73.0,3.0,76.0
2026-03-27,APA,APA ,Energy,Energy,8.3,99.8,91.5
2026-03-27,APD,"AIR PRODUCTS AND CHEMICALS, INC.",Materials,Materials,1.6,83.9,82.3
2026-03-27,APH,AMPHENOL ,Information Technology,Information Technology,-14.7,1.8,16.5
2026-03-27,APO,"APOLLO GLOBAL MANAGEMENT, INC.",Financials,Financials,62.3,67.3,5.0
2026-03-27,APP,APPLOVIN CORP,Information Technology,Information Technology,-3.2,20.4,23.6
2026-03-27,APTV,APTIV PLC,Consumer Discretionary,Consumer Discretionary,-4.7,15.3,20.0
2026-03-27,ARE,"ALEXANDRIA REAL ESTATE EQUITIES, INC.",Real Estate,Real Estate,-46.0,10.9,56.9
2026-03-27,ARES,ARES MANAGEMENT CORP,Financials,Financials,26.6,39.9,13.3
2026-03-27,ASC,ARDMORE SHIPPING ,,MR Discretion,-82.1,17.3,99.4
2026-03-27,ATO,ATMOS ENERGY ,Utilities,Utilities,-84.7,15.1,99.8
2026-03-27,AVB,"AVALONBAY COMMUNITIES, INC.",Real Estate,Real Estate,-77.6,0.2,77.8
2026-03-27,AVGO,BROADCOM INC.,Information Technology,Information Technology,-14.3,13.3,27.6
2026-03-27,AVY,AVERY DENNISON ,Materials,Materials,-91.2,3.4,94.6
2026-03-27,AWK,"AMERICAN WATER WORKS COMPANY, INC.",Utilities,Utilities,-28.6,58.1,86.7
2026-03-27,AXON,"AXON ENTERPRISE, INC.",Industrials,Industrials,-52.0,10.9,62.9
2026-03-27,AXP,AMERICAN EXPRESS COMPANY,Financials,Financials,15.9,24.8,8.9
2026-03-27,AZO,"AUTOZONE, INC.",Consumer Discretionary,Consumer Discretionary,-34.9,12.1,47.0
2026-03-27,BA,THE BOEING COMPANY,Industrials,Industrials,-24.2,3.4,27.6
2026-03-27,BAC,BANK OF AMERICA ,Financials,Financials,-2.0,12.5,14.5
2026-03-27,BALL,BALL ,Materials,Materials,-85.5,4.0,89.5
2026-03-27,BAX,BAXTER INTERNATIONAL INC.,Health Care,Health Care,-59.5,2.2,61.7
2026-03-27,BBY,"BEST BUY CO., INC.",Consumer Discretionary,Consumer Discretionary,35.4,67.3,31.9
2026-03-27,BDX,"BECTON, DICKINSON AND COMPANY",Health Care,Health Care,-92.4,1.8,94.2
2026-03-27,BEN,"FRANKLIN RESOURCES, INC.",Financials,Financials,-46.4,4.6,51.0
2026-03-27,BF.B,BROWN-FORMAN ,Consumer Staples,Consumer Staples,-36.9,37.5,74.4
2026-03-27,BG,BUNGE LIMITED,Consumer Staples,Consumer Staples,3.6,68.5,64.9
2026-03-27,BIIB,BIOGEN INC.,Health Care,Health Care,-58.3,14.5,72.8
2026-03-27,BK,THE BANK OF NEW YORK MELLON ,Financials,Financials,-19.8,2.6,22.4
2026-03-27,BKNG,BOOKING HOLDINGS INC.,Consumer Discretionary,Consumer Discretionary,29.4,41.9,12.5
2026-03-27,BKR,BAKER HUGHES COMPANY,Energy,Energy,-68.6,26.0,94.6
2026-03-27,BLDR,"BUILDERS FIRSTSOURCE, INC.",Industrials,Industrials,-24.2,5.4,29.6
2026-03-27,BLK,"BLACKROCK, INC.",Financials,Financials,-6.8,7.3,14.1
2026-03-27,BMY,BRISTOL-MYERS SQUIBB COMPANY,Health Care,Health Care,-84.5,14.9,99.4
2026-03-27,BR,"BROADRIDGE FINANCIAL SOLUTIONS, INC.",Industrials,Industrials,-40.8,4.2,45.0
2026-03-27,BRK.B,"BERKSHIRE HATHAWAY INC.,",Financials,Financials,-84.6,7.7,92.3
2026-03-27,BRO,"BROWN & BROWN, INC.",Financials,Financials,-63.9,3.4,67.3
2026-03-27,BSX,BOSTON SCIENTIFIC ,Health Care,Health Care,-12.7,7.7,20.4
2026-03-27,BTC=F,BITCOIN FUTURES,,Futures,34.5,49.4,14.9
2026-03-27,BTI,BRITISH AMERICAN TOBACCO P.L.C.,,MR Discretion,-37.5,10.5,48.0
2026-03-27,BTU,PEABODY ENERGY ,,MR Discretion,75.7,81.9,6.2
2026-03-27,BX,BLACKSTONE INC,Financials,Financials,34.6,43.1,8.5
2026-03-27,BXP,"BOSTON PROPERTIES, INC.",Real Estate,Real Estate,-1.6,12.1,13.7
2026-03-27,C,CITIGROUP INC.,Financials,Financials,0.8,23.2,22.4
2026-03-27,CAG,"CONAGRA BRANDS, INC.",Consumer Staples,Consumer Staples,-90.4,3.4,93.8
2026-03-27,CAH,"CARDINAL HEALTH, INC.",Health Care,Health Care,-57.1,0.2,57.3
2026-03-27,CALM,"CAL-MAINE FOODS, INC.",,MR Discretion,-77.0,10.1,87.1
2026-03-27,CANE,TEUCRIUM:SUGAR,,Commodities,59.5,99.0,39.5
2026-03-27,CARR,CARRIER GLOBAL ,Industrials,Industrials,-66.7,6.5,73.2
2026-03-27,CAT,CATERPILLAR INC.,Industrials,Industrials,-42.9,9.7,52.6
2026-03-27,CB,CHUBB LTD,Financials,Financials,-97.2,0.2,97.4
2026-03-27,CBOE,"CBOE GLOBAL MARKETS, INC.",Financials,Financials,-96.0,2.6,98.6
2026-03-27,CBRE,"CBRE GROUP, INC.",Real Estate,Real Estate,-13.1,1.0,14.1
2026-03-27,CCI,CROWN CASTLE INC.,Real Estate,Real Estate,-64.5,4.2,68.7
2026-03-27,CCJ,CAMECO ,,MR Discretion,-5.5,4.6,10.1
2026-03-27,CCL,CARNIVAL CORP,Consumer Discretionary,Consumer Discretionary,-46.0,3.0,49.0
2026-03-27,CDNS,"CADENCE DESIGN SYSTEMS, INC.",Information Technology,Information Technology,-47.6,3.8,51.4
2026-03-27,CDW,CDW ,Information Technology,Information Technology,-21.5,45.4,66.9
2026-03-27,CEG,CONSTELLATION ENERGY,Utilities,Utilities,-62.3,19.2,81.5
2026-03-27,CF,"CF INDUSTRIES HOLDINGS, INC.",Materials,Materials,12.7,82.7,70.0
2026-03-27,CFG,"CITIZENS FINANCIAL GROUP, INC.",Financials,Financials,2.3,18.8,16.5
2026-03-27,CHD,"CHURCH & DWIGHT CO., INC.",Consumer Staples,Consumer Staples,-94.4,1.4,95.8
2026-03-27,CHRW,"C.H. ROBINSON WORLDWIDE, INC.",Industrials,Industrials,-19.4,1.0,20.4
2026-03-27,CHTR,"CHARTER COMMUNICATIONS, INC.",Communication Services,Communication Services,-62.7,33.1,95.8
2026-03-27,CI,THE CIGNA GROUP,Health Care,Health Care,-81.9,3.6,85.5
2026-03-27,CIEN,CIENA CORPORATION,Information Technology,Information Technology,-50.0,35.9,85.9
2026-03-27,CINF,CINCINNATI FINANCIAL ,Financials,Financials,-63.1,3.4,66.5
2026-03-27,CL,COLGATE-PALMOLIVE COMPANY,Consumer Staples,Consumer Staples,-96.8,1.4,98.2
2026-03-27,CLX,THE CLOROX COMPANY,Consumer Staples,Consumer Staples,-96.4,1.4,97.8
2026-03-27,CMBT,CMB.TECH NV,,MR Discretion,-89.3,2.6,91.9
2026-03-27,CMCSA,COMCAST ,Communication Services,Communication Services,-62.7,19.6,82.3
2026-03-27,CME,CME GROUP INC.,Financials,Financials,-88.9,3.4,92.3
2026-03-27,CMG,"CHIPOTLE MEXICAN GRILL, INC.",Consumer Discretionary,Consumer Discretionary,-33.9,5.8,39.7
2026-03-27,CMI,CUMMINS INC.,Industrials,Industrials,-20.6,4.2,24.8
2026-03-27,CMRE,COSTAMARE INC.,,MR Discretion,-33.7,11.3,45.0
2026-03-27,CMS,CMS ENERGY ,Utilities,Utilities,-75.0,22.8,97.8
2026-03-27,CNC,CENTENE ,Health Care,Health Care,-54.0,1.0,55.0
2026-03-27,CNP,"CENTERPOINT ENERGY, INC.",Utilities,Utilities,-79.4,19.2,98.6
2026-03-27,CNR,"CORE NATURAL RESOURCES, INC.",,MR Discretion,92.8,97.4,4.6
2026-03-27,COF,CAPITAL ONE FINANCIAL ,Financials,Financials,-16.2,3.8,20.0
2026-03-27,COIN,"COINBASE GLOBAL, INC.",Financials,Financials,-7.3,41.9,49.2
2026-03-27,COMT,ISHARES:GSCI COMM DYN RS,,Commodities,43.7,92.3,48.6
2026-03-27,COO,"THE COOPER COMPANIES, INC.",Health Care,Health Care,-79.0,0.6,79.6
2026-03-27,COP,CONOCOPHILLIPS,Energy,Energy,4.0,98.2,94.2
2026-03-27,COR,"CENCORA, INC.",Health Care,Health Care,-52.0,0.2,52.2
2026-03-27,CORN,TEUCRIUM:CORN,,Commodities,-8.5,79.4,87.9
2026-03-27,COST,COSTCO WHOLESALE ,Consumer Staples,Consumer Staples,-55.9,30.0,85.9
2026-03-27,CPAY,"FLEETCOR TECHNOLOGIES, INC.",Financials,Financials,-52.3,5.8,58.1
2026-03-27,CPB,CAMPBELL SOUP COMPANY,Consumer Staples,Consumer Staples,-57.2,8.5,65.7
2026-03-27,CPER,UNITED STATES COPPER IDX,,Commodities,-12.7,3.8,16.5
2026-03-27,CPRT,"COPART, INC.",Industrials,Industrials,-52.4,3.0,55.4
2026-03-27,CPT,CAMDEN PROPERTY TRUST,Real Estate,Real Estate,-54.4,0.6,55.0
2026-03-27,CRESY,CRESUD INC.,,MR Discretion,71.8,73.2,1.4
2026-03-27,CRH,CRH PUBLIC LIMITED COMPANY,Materials,Materials,-25.0,4.2,29.2
2026-03-27,CRL,CHARLES RIVER LABORATORIES,Health Care,Health Care,3.1,19.6,16.5
2026-03-27,CRM,"SALESFORCE, INC.",Information Technology,Information Technology,-11.2,32.3,43.5
2026-03-27,CRWD,"CROWDSTRIKE HOLDINGS, INC.",Information Technology,Information Technology,24.2,47.4,23.2
2026-03-27,CSCO,"CISCO SYSTEMS, INC.",Information Technology,Information Technology,-2.8,38.3,41.1
2026-03-27,CSGP,"COSTAR GROUP, INC.",Real Estate,Real Estate,11.2,18.5,7.3
2026-03-27,CSX,CSX ,Industrials,Industrials,-82.1,16.5,98.6
2026-03-27,CTAS,CINTAS ,Industrials,Industrials,-92.9,0.2,93.1
2026-03-27,CTRA,COTERRA ENERGY INC.,Energy,Energy,20.2,98.6,78.4
2026-03-27,CTSH,COGNIZANT TECHNOLOGY SOLUTIONS ,Information Technology,Information Technology,5.6,17.3,11.7
2026-03-27,CTVA,"CORTEVA, INC.",Materials,Materials,-33.8,44.6,78.4
2026-03-27,CVNA,CARVANA CO.,Consumer Discretionary,Consumer Discretionary,9.6,16.5,6.9
2026-03-27,CVS,CVS HEALTH ,Health Care,Health Care,-73.8,0.2,74.0
2026-03-27,CVX,CHEVRON ,Energy,Energy,8.3,97.8,89.5
2026-03-27,D,"DOMINION ENERGY, INC.",Utilities,Utilities,-63.1,8.9,72.0
2026-03-27,DAL,"DELTA AIR LINES, INC.",Industrials,Industrials,-0.6,39.5,40.1
2026-03-27,DASH,"DOORDASH, INC.",Consumer Discretionary,Consumer Discretionary,-15.0,3.8,18.8
2026-03-27,DBA,INVESCO DB MS AGRI,,Commodities,26.0,97.2,71.2
2026-03-27,DBB,INVESCO DB MS BMTL,,Commodities,-4.0,8.1,12.1
2026-03-27,DBC,INVESCO DB CM IDX,,Commodities,56.7,94.2,37.5
2026-03-27,DD,"DUPONT DE NEMOURS, INC.",Materials,Materials,-58.4,6.9,65.3
2026-03-27,DDOG,"DATADOG, INC.",Information Technology,Information Technology,11.9,49.0,37.1
2026-03-27,DE,DEERE & COMPANY,Industrials,Industrials,-85.3,2.2,87.5
2026-03-27,DECK,DECKERS OUTDOOR ,Consumer Discretionary,Consumer Discretionary,-75.0,1.8,76.8
2026-03-27,DELL,DELL TECHNOLOGIES INC.,Information Technology,Information Technology,-15.5,59.3,74.8
2026-03-27,DG,DOLLAR GENERAL ,Consumer Staples,Consumer Staples,-87.7,0.2,87.9
2026-03-27,DGX,QUEST DIAGNOSTICS INC.,Health Care,Health Care,-98.4,1.4,99.8
2026-03-27,DHI,"D.R. HORTON, INC.",Consumer Discretionary,Consumer Discretionary,-75.4,3.8,79.2
2026-03-27,DHR,DANAHER ,Health Care,Health Care,-16.3,2.2,18.5
2026-03-27,DHT,"DHT HOLDINGS, INC.",,MR Discretion,-80.6,18.8,99.4
2026-03-27,DIA,SPDR DOW JONES INDUS AVG,,Sector & Style ETFs,-29.0,0.6,29.6
2026-03-27,DIS,THE WALT DISNEY COMPANY,Communication Services,Communication Services,-46.6,0.2,46.8
2026-03-27,DJI,DOW JONES INDUSTRIAL AVG INDEX,,Indices,-29.0,0.6,29.6
2026-03-27,DLR,"DIGITAL REALTY TRUST, INC.",Real Estate,Real Estate,-30.9,41.1,72.0
2026-03-27,DLTR,"DOLLAR TREE, INC.",Consumer Staples,Consumer Staples,-55.8,7.3,63.1
2026-03-27,DOC,"HEALTHDOC PROPERTIES, INC.",Real Estate,Real Estate,-50.8,19.2,70.0
2026-03-27,DOV,DOVER ,Industrials,Industrials,-75.8,14.9,90.7
2026-03-27,DOW,DOW INC.,Materials,Materials,14.5,99.8,85.3
2026-03-27,DPZ,"DOMINO'S PIZZA, INC.",Consumer Discretionary,Consumer Discretionary,-57.5,2.2,59.7
2026-03-27,DRI,"DARDEN RESTAURANTS, INC.",Consumer Discretionary,Consumer Discretionary,-72.6,10.5,83.1
2026-03-27,DTE,DTE ENERGY COMPANY,Utilities,Utilities,-72.0,26.2,98.2
2026-03-27,DUK,DUKE ENERGY ,Utilities,Utilities,-65.5,33.9,99.4
2026-03-27,DVA,DAVITA INC.,Health Care,Health Care,-40.1,59.7,99.8
2026-03-27,DVN,DEVON ENERGY ,Energy,Energy,15.5,98.2,82.7
2026-03-27,DXCM,"DEXCOM, INC.",Health Care,Health Care,-51.6,0.6,52.2
2026-03-27,DXY,US DOLLAR INDEX,USD,Indices,4.3,95.4,91.1
2026-03-27,EA,ELECTRONIC ARTS INC.,Communication Services,Communication Services,38.5,53.8,15.3
2026-03-27,EBAY,EBAY INC.,Consumer Discretionary,Consumer Discretionary,-12.3,19.2,31.5
2026-03-27,EC,ECOPETROL SA,,MR Discretion,77.0,92.3,15.3
2026-03-27,ECH,ISHARES:MSCI CHILE,,Foreign,2.8,9.7,6.9
2026-03-27,ECL,ECOLAB INC.,Materials,Materials,-94.8,1.4,96.2
2026-03-27,ED,"CONSOLIDATED EDISON, INC.",Utilities,Utilities,-40.5,39.5,80.0
2026-03-27,EDEN,ISHARES:MSCI DENMARK,,Foreign,11.1,13.3,2.2
2026-03-27,EDV,VANGUARD EXT DUR T;ETF,Bonds,Bonds,-97.2,2.2,99.4
2026-03-27,EFNL,ISHARES:MSCI FINLAND,,Foreign,-41.7,1.8,43.5
2026-03-27,EFX,EQUIFAX INC.,Industrials,Industrials,-69.0,0.6,69.6
2026-03-27,EG,"EVEREST GROUP, LTD.",Financials,Financials,-65.1,2.2,67.3
2026-03-27,EIDO,ISHARES:MSCI INDONESIA,,Foreign,-51.6,4.2,55.8
2026-03-27,EIRL,ISHARES:MSCI IRELAND,,Foreign,-26.6,1.0,27.6
2026-03-27,EIS,ISHARES:MSCI ISRAEL,,Foreign,-9.5,13.3,22.8
2026-03-27,EIX,EDISON INTERNATIONAL,Utilities,Utilities,-93.6,4.2,97.8
2026-03-27,EL,THE ESTEE LAUDER COMPANIES INC.,Consumer Staples,Consumer Staples,-30.6,0.2,30.8
2026-03-27,ELV,"ELEVANCE HEALTH, INC.",Health Care,Health Care,7.1,18.8,11.7
2026-03-27,EME,"EMCOR GROUP, INC.",Industrials,Industrials,5.3,32.9,27.6
2026-03-27,EMR,EMERSON ELECTRIC CO.,Industrials,Industrials,-43.6,0.2,43.8
2026-03-27,ENZL,ISHARES:MSCI NEW ZLND,,Foreign,-48.0,0.2,48.2
2026-03-27,EOG,"EOG RESOURCES, INC.",Energy,Energy,7.9,99.4,91.5
2026-03-27,EPAM,"EPAM SYSTEMS, INC.",Information Technology,Information Technology,21.0,37.1,16.1
2026-03-27,EPHE,ISHARES:MSCI PHILIPPINES,,Foreign,-94.4,1.4,95.8
2026-03-27,EPOL,ISHARES:MSCI POLAND,,Foreign,-18.6,2.2,20.8
2026-03-27,EPU,ISHARES:MSCI PERU,,Foreign,-20.8,0.2,21.0
2026-03-27,EQIX,"EQUINIX, INC.",Real Estate,Real Estate,-60.7,30.8,91.5
2026-03-27,EQR,EQUITY RESIDENTIAL,Real Estate,Real Estate,-70.4,3.8,74.2
2026-03-27,EQT,EQT ,Energy,Energy,9.6,93.5,83.9
2026-03-27,ERIE,ERIE INDEMNITY COMPANY,Financials,Financials,-34.2,6.5,40.7
2026-03-27,ES,EVERSOURCE ENERGY,Utilities,Utilities,-92.9,0.2,93.1
2026-03-27,ES=F,E-MINI S&P 500 FUTURES,,Futures,-14.7,0.2,14.9
2026-03-27,ESS,"ESSEX PROPERTY TRUST, INC.",Real Estate,Real Estate,-70.8,2.6,73.4
2026-03-27,ETN,EATON  PUBLIC LIMITED COMPANY,Industrials,Industrials,-38.1,24.4,62.5
2026-03-27,ETR,ENTERGY ,Utilities,Utilities,-40.1,58.5,98.6
2026-03-27,EVRG,"EVERGY, INC.",Utilities,Utilities,-77.0,13.3,90.3
2026-03-27,EW,EDWARDS LIFESCIENCES ,Health Care,Health Care,-72.7,8.5,81.2
2026-03-27,EWA,ISHARES:MSCI AUSTRALIA,,Foreign,-77.0,3.4,80.4
2026-03-27,EWC,ISHARES:MSCI CANADA,,Foreign,-39.7,0.6,40.3
2026-03-27,EWD,ISHARES:MSCI SWEDEN,,Foreign,-48.8,0.6,49.4
2026-03-27,EWG,ISHARES:MSCI GERMANY,,Foreign,-60.3,0.6,60.9
2026-03-27,EWH,ISHARES:MSCI HONG KONG,,Foreign,-44.8,2.2,47.0
2026-03-27,EWI,ISHARES:MSCI ITALY,,Foreign,-42.1,1.0,43.1
2026-03-27,EWJ,ISHARES:MSCI JAPAN,,Foreign,-81.3,1.8,83.1
2026-03-27,EWK,ISHARES:MSCI BELGIUM,,Foreign,-30.5,4.2,34.7
2026-03-27,EWL,ISHARES:MSCI SWITZERLAND,,Foreign,-85.5,0.6,86.1
2026-03-27,EWM,ISHARES:MSCI MALAYSIA,,Foreign,-15.1,14.9,30.0
2026-03-27,EWN,ISHARES:MSCI NETHERLANDS,,Foreign,-17.8,3.0,20.8
2026-03-27,EWO,ISHARES:MSCI AUSTRIA,,Foreign,-11.5,6.2,17.7
2026-03-27,EWP,ISHARES:MSCI SPAIN,,Foreign,-17.7,1.0,18.7
2026-03-27,EWQ,ISHARES:MSCI FRANCE,,Foreign,-88.9,1.0,89.9
2026-03-27,EWS,ISHARES:MSCI SINGAPORE,,Foreign,-19.0,12.9,31.9
2026-03-27,EWT,ISHARES:MSCI TAIWAN,,Foreign,-63.9,7.3,71.2
2026-03-27,EWU,ISHARES:MSCI UK,,Foreign,-70.2,0.6,70.8
2026-03-27,EWW,ISHARES:MSCI MEXICO,,Foreign,-40.1,3.0,43.1
2026-03-27,EWY,ISHARES:MSCI S KOREA,,Foreign,-78.6,1.0,79.6
2026-03-27,EWZ,ISHARES:MSCI BRAZIL,,Foreign,-30.1,14.5,44.6
2026-03-27,EXC,EXELON ,Utilities,Utilities,-57.6,32.7,90.3
2026-03-27,EXE,EXPAND ENERGY ,Energy,Energy,21.8,69.6,47.8
2026-03-27,EXPD,EXPEDITORS INTERNATIONAL OF WASHINGTON,Industrials,Industrials,8.7,19.6,10.9
2026-03-27,EXPE,"EXPEDIA GROUP, INC.",Consumer Discretionary,Consumer Discretionary,34.1,47.0,12.9
2026-03-27,EXR,EXTRA SPACE STORAGE INC.,Real Estate,Real Estate,-87.7,0.2,87.9
2026-03-27,F,FORD MOTOR COMPANY,Consumer Discretionary,Consumer Discretionary,-31.3,0.6,31.9
2026-03-27,FANG,"DIAMONDBACK ENERGY, INC.",Energy,Energy,19.8,99.0,79.2
2026-03-27,FAST,FASTENAL COMPANY,Industrials,Industrials,-48.4,21.2,69.6
2026-03-27,FCX,FREEPORT-MCMORAN INC.,Materials,Materials,-40.1,1.0,41.1
2026-03-27,FDS,FACTSET RESEARCH SYSTEMS INC.,Financials,Financials,-14.6,30.0,44.6
2026-03-27,FDX,FEDEX ,Industrials,Industrials,-96.8,0.2,97.0
2026-03-27,FE,FIRSTENERGY CORP.,Utilities,Utilities,-65.5,22.4,87.9
2026-03-27,FFIV,"F5, INC.",Information Technology,Information Technology,30.1,56.9,26.8
2026-03-27,FICO,FAIR ISAAC ,Information Technology,Information Technology,-35.7,5.4,41.1
2026-03-27,FIS,FIDELITY NATIONAL INFORMATION SERVICES,Financials,Financials,-22.6,12.1,34.7
2026-03-27,FISV,"FISERV, INC.",Financials,Financials,-71.8,1.8,73.6
2026-03-27,FITB,FIFTH THIRD BANCORP,Financials,Financials,-32.6,8.5,41.1
2026-03-27,FIX,"COMFORT SYSTEMS USA, INC.",Industrials,Industrials,-66.6,5.0,71.6
2026-03-27,FOXA,FOX ,Communication Services,Communication Services,71.4,77.2,5.8
2026-03-27,FRO,FRONTLINE PLC,,MR Discretion,-89.7,9.3,99.0
2026-03-27,FRT,FEDERAL REALTY INVESTMENT TRUST,Real Estate,Real Estate,-95.6,2.6,98.2
2026-03-27,FSLR,"FIRST SOLAR, INC.",Information Technology,Information Technology,7.5,22.8,15.3
2026-03-27,FTI,TECHNIPFMC PLC,,MR Discretion,-46.5,46.2,92.7
2026-03-27,FTNT,"FORTINET, INC.",Information Technology,Information Technology,1.2,41.1,39.9
2026-03-27,FTV,FORTIVE ,Industrials,Industrials,-79.0,2.2,81.2
2026-03-27,FVX,5 YR TSY YLD NDX,Yields,Yields,99.6,99.8,0.2
2026-03-27,FXA,INVESCO:AU DOLLAR,,Currencies,-50.0,3.8,53.8
2026-03-27,FXB,INVESCO:GBP STERLING,,Currencies,15.5,22.4,6.9
2026-03-27,FXC,INVESCO:CANADIAN DOLLAR,,Currencies,-13.9,4.6,18.5
2026-03-27,FXE,INVESCO:EURO,,Currencies,-3.2,6.5,9.7
2026-03-27,FXY,INVESCO:JAPANESE YEN,,Currencies,-6.7,12.1,18.8
2026-03-27,GD,GENERAL DYNAMICS ,Industrials,Industrials,-30.9,5.4,36.3
2026-03-27,GDDY,GODADDY INC.,Information Technology,Information Technology,-11.1,45.4,56.5
2026-03-27,GDX,VANECK:GOLD MINERS,,Commodities,-34.7,1.4,36.1
2026-03-27,GDXJ,VANECK:JR GOLD MINERS,,Commodities,-36.1,0.6,36.7
2026-03-27,GE,GENERAL ELECTRIC COMPANY,Industrials,Industrials,-87.3,0.2,87.5
2026-03-27,GEHC,GE HEALTHCARE TECHNOLOGIES INC.,Health Care,Health Care,-85.3,1.4,86.7
2026-03-27,GEN,GEN DIGITAL INC.,Information Technology,Information Technology,-44.0,0.2,44.2
2026-03-27,GEOS,GEOSPACE TECHNOLOGIES ,,MR Discretion,67.4,83.1,15.7
2026-03-27,GEV,GE VERNOVA INC.,Industrials,Industrials,-63.3,20.2,83.5
2026-03-27,GGB,GERDAU SA,,MR Discretion,1.5,6.5,5.0
2026-03-27,GILD,"GILEAD SCIENCES, INC.",Health Care,Health Care,-69.8,0.2,70.0
2026-03-27,GIS,"GENERAL MILLS, INC.",Consumer Staples,Consumer Staples,-83.1,0.6,83.7
2026-03-27,GL,GLOBE LIFE INC.,Financials,Financials,-74.2,0.2,74.4
2026-03-27,GLATF,GLOBAL ATOMIC ,,MR Discretion,-13.1,24.0,37.1
2026-03-27,GLD,SPDR GOLD,Gold,Commodities,-11.1,1.4,12.5
2026-03-27,GLW,CORNING INC.,Information Technology,Information Technology,-78.6,11.7,90.3
2026-03-27,GM,GENERAL MOTORS COMPANY,Consumer Discretionary,Consumer Discretionary,5.4,6.0,0.6
2026-03-27,GNK,GENCO SHIPPING & TRADING LIMITED,,MR Discretion,-66.6,16.9,83.5
2026-03-27,GNRC,GENERAC HOLDINGS INC.,Industrials,Industrials,-75.4,5.8,81.2
2026-03-27,GOOGL,ALPHABET INC.,Communication Services,Communication Services,-9.1,0.6,9.7
2026-03-27,GPC,GENUINE PARTS COMPANY,Consumer Discretionary,Consumer Discretionary,-4.0,9.3,13.3
2026-03-27,GPN,GLOBAL PAYMENTS INC.,Financials,Financials,-67.9,7.3,75.2
2026-03-27,GREK,GLBL X MSCI GREECE,,Foreign,-0.4,3.0,3.4
2026-03-27,GRMN,GARMIN LTD,Consumer Discretionary,Consumer Discretionary,-86.1,9.7,95.8
2026-03-27,GS,"THE GOLDMAN SACHS GROUP, INC.",Financials,Financials,2.4,13.7,11.3
2026-03-27,GWW,"W.W. GRAINGER, INC.",Industrials,Industrials,-65.0,4.2,69.2
2026-03-27,HAL,HALLIBURTON COMPANY,Energy,Energy,10.7,91.9,81.2
2026-03-27,HAS,"HASBRO, INC.",Consumer Discretionary,Consumer Discretionary,-62.7,0.2,62.9
2026-03-27,HBAN,HUNTINGTON BANCSHARES INC.,Financials,Financials,-32.5,3.8,36.3
2026-03-27,HCA,"HCA HEALTHCARE, INC.",Health Care,Health Care,-71.2,0.2,71.4
2026-03-27,HD,"THE HOME DEPOT, INC.",Consumer Discretionary,Consumer Discretionary,-63.5,1.8,65.3
2026-03-27,HIG,THE HARTFORD FINANCIAL SERVICES GROUP,Financials,Financials,-69.5,7.7,77.2
2026-03-27,HII,"HUNTINGTON INGALLS INDUSTRIES, INC.",Industrials,Industrials,-21.8,0.2,22.0
2026-03-27,HLT,HILTON WORLDWIDE HOLDINGS INC.,Consumer Discretionary,Consumer Discretionary,-50.4,14.1,64.5
2026-03-27,HLX,"HELIX ENERGY SOLUTIONS GROUP, INC.",,MR Discretion,10.3,89.9,79.6
2026-03-27,HOLX,"HOLOGIC, INC.",Health Care,Health Care,-8.1,52.6,60.7
2026-03-27,HON,HONEYWELL INTERNATIONAL INC.,Industrials,Industrials,-69.1,7.3,76.4
2026-03-27,HOOD,"ROBINHOOD MARKETS, INC.",Financials,Financials,4.0,14.9,10.9
2026-03-27,HPE,HEWLETT PACKARD ENTERPRISE COMPANY,Information Technology,Information Technology,26.2,64.1,37.9
2026-03-27,HPQ,HP INC.,Information Technology,Information Technology,14.7,72.8,58.1
2026-03-27,HRL,HORMEL FOODS ,Consumer Staples,Consumer Staples,-75.4,2.6,78.0
2026-03-27,HSIC,"HENRY SCHEIN, INC.",Health Care,Health Care,-84.1,0.6,84.7
2026-03-27,HST,"HOST HOTELS & RESORTS, INC.",Real Estate,Real Estate,-38.1,23.6,61.7
2026-03-27,HSY,THE HERSHEY COMPANY,Consumer Staples,Consumer Staples,-93.6,3.4,97.0
2026-03-27,HUBB,HUBBELL INC.,Industrials,Industrials,-33.3,16.1,49.4
2026-03-27,HUM,HUMANA INC.,Health Care,Health Care,-32.2,11.3,43.5
2026-03-27,HWM,HOWMET AEROSPACE INC.,Industrials,Industrials,-93.6,0.2,93.8
2026-03-27,HYD,VANECK:HIGH YIELD MUNI,,Bonds,-85.7,3.0,88.7
2026-03-27,HYG,ISHARES:IBOXX $HY CORP,Bonds,Bonds,-4.3,4.6,8.9
2026-03-27,IBKR,"INTERACTIVE BROKERS GROUP, INC.",Financials,Financials,-16.8,5.4,22.2
2026-03-27,IBM,INTERNATIONAL BUSINESS MACHINES ,Information Technology,Information Technology,32.2,41.1,8.9
2026-03-27,ICE,"INTERCONTINENTAL EXCHANGE, INC.",Financials,Financials,-18.2,14.9,33.1
2026-03-27,ICL,ICL GROUP LTD,,MR Discretion,72.2,76.8,4.6
2026-03-27,IDXX,"IDEXX LABORATORIES, INC.",Health Care,Health Care,-25.8,2.2,28.0
2026-03-27,IEF,ISHARES:7-10 TRS BD ETF,Bonds,Bonds,-99.6,0.2,99.8
2026-03-27,IEX,IDEX ,Industrials,Industrials,-65.5,1.4,66.9
2026-03-27,IFF,INTERNATIONAL FLAVORS & FRAGRANCES INC.,Materials,Materials,-86.1,11.3,97.4
2026-03-27,INCY,INCYTE ,Health Care,Health Care,-40.5,1.8,42.3
2026-03-27,INDA,ISHARES:MSCI INDIA,,Foreign,-59.5,2.6,62.1
2026-03-27,INTC,INTEL ,Information Technology,Information Technology,8.5,24.0,15.5
2026-03-27,INTU,INTUIT INC.,Information Technology,Information Technology,39.5,59.1,19.6
2026-03-27,INVH,INVITATION HOMES INC.,Real Estate,Real Estate,-64.6,5.4,70.0
2026-03-27,IP,INTERNATIONAL PAPER COMPANY,Materials,Materials,-76.2,8.5,84.7
2026-03-27,IQV,IQVIA HOLDINGS INC,Health Care,Health Care,6.0,16.9,10.9
2026-03-27,IR,INGERSOLL RAND INC.,Industrials,Industrials,-59.1,1.0,60.1
2026-03-27,IRM,IRON MOUNTAIN INC.,Real Estate,Real Estate,-74.6,9.3,83.9
2026-03-27,ISRG,"INTUITIVE SURGICAL, INC.",Health Care,Health Care,-52.3,5.0,57.3
2026-03-27,IT,"GARTNER, INC.",Information Technology,Information Technology,22.6,61.7,39.1
2026-03-27,ITW,ILLINOIS TOOL WORKS INC.,Industrials,Industrials,-88.5,3.8,92.3
2026-03-27,IVZ,INVESCO LTD.,Financials,Financials,-20.6,1.4,22.0
2026-03-27,IWD,ISHARES:RUSS 1000 VL ETF,,Sector & Style ETFs,-63.9,0.2,64.1
2026-03-27,IWF,ISHARES:RUSS 1000 GR ETF,,Sector & Style ETFs,-10.7,0.2,10.9
2026-03-27,IWM,ISHARES:RUSS 2000 ETF,,Sector & Style ETFs,-23.8,3.8,27.6
2026-03-27,J,JACOBS SOLUTIONS INC.,Industrials,Industrials,-44.0,1.0,45.0
2026-03-27,JBHT,"J. B. HUNT TRANSPORT SERVICES, INC.",Industrials,Industrials,-84.5,5.0,89.5
2026-03-27,JBL,JABIL INC.,Information Technology,Information Technology,-29.8,31.5,61.3
2026-03-27,JCI,JOHNSON CONTROLS INTERNATIONAL PLC,Industrials,Industrials,-84.1,2.2,86.3
2026-03-27,JKHY,"JACK HENRY & ASSOCIATES, INC.",Financials,Financials,-0.6,21.8,22.4
2026-03-27,JNJ,JOHNSON & JOHNSON,Health Care,Health Care,-82.5,5.8,88.3
2026-03-27,JNK,SPDR BBG HIGH YIELD BD,,Bonds,-4.3,3.8,8.1
2026-03-27,JPM,JPMORGAN CHASE & CO.,Financials,Financials,-25.2,3.4,28.6
2026-03-27,KDP,KEURIG DR PEPPER INC.,Consumer Staples,Consumer Staples,-97.6,0.2,97.8
2026-03-27,KEY,KEYCORP,Financials,Financials,-20.2,11.3,31.5
2026-03-27,KEYS,"KEYSIGHT TECHNOLOGIES, INC.",Information Technology,Information Technology,-85.3,5.4,90.7
2026-03-27,KHC,THE KRAFT HEINZ COMPANY,Consumer Staples,Consumer Staples,-88.8,5.0,93.8
2026-03-27,KIM,KIMCO REALTY .,Real Estate,Real Estate,-93.6,5.8,99.4
2026-03-27,KKR,KKR & CO. INC.,Financials,Financials,51.2,60.1,8.9
2026-03-27,KLAC,KLA ,Information Technology,Information Technology,0.4,10.9,10.5
2026-03-27,KMB,KIMBERLY-CLARK ,Consumer Staples,Consumer Staples,-96.0,3.0,99.0
2026-03-27,KMI,"KINDER MORGAN, INC.",Energy,Energy,-40.0,55.8,95.8
2026-03-27,KO,THE COCA-COLA COMPANY,Consumer Staples,Consumer Staples,-95.2,2.6,97.8
2026-03-27,KR,THE KROGER CO.,Consumer Staples,Consumer Staples,-11.0,82.5,93.5
2026-03-27,KVUE,KENVUE INC.,Consumer Staples,Consumer Staples,-96.4,3.0,99.4
2026-03-27,L,LOEWS ,Financials,Financials,-75.6,2.2,77.8
2026-03-27,LDOS,"LEIDOS HOLDINGS, INC.",Industrials,Industrials,-22.6,0.2,22.8
2026-03-27,LEN,LENNAR ,Consumer Discretionary,Consumer Discretionary,-64.1,2.2,66.3
2026-03-27,LH,LABORATORY  OF AMERICA HOLDINGS,Health Care,Health Care,-77.8,3.0,80.8
2026-03-27,LHX,"L3HARRIS TECHNOLOGIES, INC.",Industrials,Industrials,-28.9,5.8,34.7
2026-03-27,LII,LENNOX INTERNATIONAL INC.,Industrials,Industrials,-95.6,0.2,95.8
2026-03-27,LIN,LINDE PUBLIC LIMITED COMPANY,Materials,Materials,-74.2,20.0,94.2
2026-03-27,LLY,ELI LILLY AND COMPANY,Health Care,Health Care,-54.0,0.2,54.2
2026-03-27,LMT,LOCKHEED MARTIN ,Industrials,Industrials,-48.0,9.7,57.7
2026-03-27,LNT,ALLIANT ENERGY ,Utilities,Utilities,-78.2,19.2,97.4
2026-03-27,LOW,"LOWE'S COMPANIES, INC.",Consumer Discretionary,Consumer Discretionary,-36.9,8.9,45.8
2026-03-27,LQD,ISHARES:IBOXX $IG CORP,Bonds,Bonds,-82.1,1.8,83.9
2026-03-27,LRCX,LAM RESEARCH ,Information Technology,Information Technology,-9.1,6.2,15.3
2026-03-27,LULU,LULULEMON ATHLETICA INC.,Consumer Discretionary,Consumer Discretionary,-78.2,0.6,78.8
2026-03-27,LUV,SOUTHWEST AIRLINES CO.,Industrials,Industrials,-34.3,1.8,36.1
2026-03-27,LVS,LAS VEGAS SANDS CORP.,Consumer Discretionary,Consumer Discretionary,-48.4,9.3,57.7
2026-03-27,LW,"LAMB WESTON HOLDINGS, INC.",Consumer Staples,Consumer Staples,-59.2,8.9,68.1
2026-03-27,LYB,LYONDELLBASELL INDUSTRIES NV,Materials,Materials,9.9,99.8,89.9
2026-03-27,LYV,"LIVE NATION ENTERTAINMENT, INC.",Communication Services,Communication Services,-73.2,9.7,82.9
2026-03-27,MA,MASTERCARD INC..,Financials,Financials,-25.8,6.9,32.7
2026-03-27,MAA,"MID-AMERICA APARTMENT COMMUNITIES, INC.",Real Estate,Real Estate,-62.5,0.2,62.7
2026-03-27,MAR,"MARRIOTT INTERNATIONAL, INC.",Consumer Discretionary,Consumer Discretionary,-56.4,10.9,67.3
2026-03-27,MAS,MASCO ,Industrials,Industrials,-71.0,5.4,76.4
2026-03-27,MCD,MCDONALD'S ,Consumer Discretionary,Consumer Discretionary,-93.8,3.4,97.2
2026-03-27,MCHI,ISHARES:MSCI CHINA,,Foreign,10.1,10.7,0.6
2026-03-27,MCHP,MICROCHIP TECHNOLOGY INC.,Information Technology,Information Technology,-15.9,7.3,23.2
2026-03-27,MCK,MCKESSON ,Health Care,Health Care,-76.2,0.2,76.4
2026-03-27,MCO,MOODY'S ,Financials,Financials,-24.6,2.6,27.2
2026-03-27,MDLZ,"MONDELEZ INTERNATIONAL, INC.",Consumer Staples,Consumer Staples,-61.5,28.8,90.3
2026-03-27,MDT,MEDTRONIC PUBLIC LIMITED COMPANY,Health Care,Health Care,-14.3,4.2,18.5
2026-03-27,MDY,SPDR S&P MIDCAP 400 ETF,,Sector & Style ETFs,-62.7,1.0,63.7
2026-03-27,MET,"METLIFE, INC.",Financials,Financials,1.6,11.7,10.1
2026-03-27,META,"META PLATFORMS, INC.",Communication Services,Communication Services,-16.7,0.2,16.9
2026-03-27,MGM,MGM RESORTS INTERNATIONAL,Consumer Discretionary,Consumer Discretionary,-27.6,44.6,72.2
2026-03-27,MKC,"MCCORMICK & COMPANY, INC.",Consumer Staples,Consumer Staples,-98.4,1.4,99.8
2026-03-27,MLM,"MARTIN MARIETTA MATERIALS, INC.",Materials,Materials,-50.0,1.0,51.0
2026-03-27,MMM,3M COMPANY,Industrials,Industrials,-77.4,2.6,80.0
2026-03-27,MNST,MONSTER BEVERAGE ,Consumer Staples,Consumer Staples,-76.2,0.6,76.8
2026-03-27,MO,"ALTRIA GROUP, INC.",Consumer Staples,Consumer Staples,-74.6,15.7,90.3
2026-03-27,MOH,"MOLINA HEALTHCARE, INC.",Health Care,Health Care,-11.5,24.4,35.9
2026-03-27,MOS,THE MOSAIC COMPANY,Materials,Materials,-13.5,29.6,43.1
2026-03-27,MP,MP MATERIALS CORP,,MR Discretion,-15.0,16.5,31.5
2026-03-27,MPC,MARATHON PETROLEUM ,Energy,Energy,17.1,91.9,74.8
2026-03-27,MPWR,"MONOLITHIC POWER SYSTEMS, INC.",Information Technology,Information Technology,-11.9,10.9,22.8
2026-03-27,MRK,"MERCK & CO., INC.",Health Care,Health Care,-71.5,22.0,93.5
2026-03-27,MRNA,"MODERNA, INC.",Health Care,Health Care,-48.8,29.2,78.0
2026-03-27,MRSH,"MARSH & MCLENNAN COMPANIES, INC.",Financials,Financials,-53.5,4.6,58.1
2026-03-27,MS,MORGAN STANLEY,Financials,Financials,5.8,14.7,8.9
2026-03-27,MSCI,MSCI INC.,Financials,Financials,-23.8,1.8,25.6
2026-03-27,MSFT,MICROSOFT ,Information Technology,Information Technology,-25.8,2.2,28.0
2026-03-27,MSI,"MOTOROLA SOLUTIONS, INC.",Information Technology,Information Technology,-89.7,7.7,97.4
2026-03-27,MTB,M&T BANK ,Financials,Financials,-20.6,14.5,35.1
2026-03-27,MTCH,"MATCH GROUP, INC.",Communication Services,Communication Services,-45.4,16.5,61.9
2026-03-27,MTD,METTLER-TOLEDO INTERNATIONAL INC.,Health Care,Health Care,-18.7,10.9,29.6
2026-03-27,MTUM,ISHARES:MSCI USA MOM FCT,,Sector & Style ETFs,-15.1,2.6,17.7
2026-03-27,MU,"MICRON TECHNOLOGY, INC.",Information Technology,Information Technology,-6.4,10.9,17.3
2026-03-27,MUB,ISHARES:NATL MUNI BOND,,Bonds,-94.0,1.0,95.0
2026-03-27,NCLH,NORWEGIAN CRUISE LINE HOLDINGS LTD.,Consumer Discretionary,Consumer Discretionary,-57.1,2.6,59.7
2026-03-27,NDAQ,"NASDAQ, INC.",Financials,Financials,-13.5,6.9,20.4
2026-03-27,NDSN,NORDSON ,Industrials,Industrials,-82.1,0.2,82.3
2026-03-27,NDX,NASDAQ 100 INDEX,,Indices,-11.1,0.2,11.3
2026-03-27,NEE,"NEXTERA ENERGY, INC.",Utilities,Utilities,-58.4,19.6,78.0
2026-03-27,NEM,NEWMONT ,Materials,Materials,-24.2,1.8,26.0
2026-03-27,NFLX,"NETFLIX, INC.",Communication Services,Communication Services,-34.5,49.0,83.5
2026-03-27,NI,NISOURCE INC.,Utilities,Utilities,-67.0,16.9,83.9
2026-03-27,NKE,"NIKE, INC.",Consumer Discretionary,Consumer Discretionary,-50.4,1.0,51.4
2026-03-27,NOC,NORTHROP GRUMMAN ,Industrials,Industrials,-37.7,13.3,51.0
2026-03-27,NORW,GLBL X MSCI NORWAY ETF,,Foreign,-26.6,36.3,62.9
2026-03-27,NOV,NOV INC.,,MR Discretion,-54.8,22.8,77.6
2026-03-27,NOW,"SERVICENOW, INC.",Information Technology,Information Technology,-16.7,38.3,55.0
2026-03-27,NQ=F,NASDAQ 100 FUTURES,,Futures,-9.9,0.2,10.1
2026-03-27,NRG,"NRG ENERGY, INC.",Utilities,Utilities,-86.1,1.4,87.5
2026-03-27,NSC,NORFOLK SOUTHERN ,Industrials,Industrials,-87.5,2.6,90.1
2026-03-27,NTAP,"NETAPP, INC.",Information Technology,Information Technology,8.7,63.7,55.0
2026-03-27,NTRS,NORTHERN TRUST ,Financials,Financials,-11.2,6.5,17.7
2026-03-27,NUE,NUCOR ,Materials,Materials,-20.3,7.3,27.6
2026-03-27,NVDA,NVIDIA ,Information Technology,Information Technology,-1.2,13.7,14.9
2026-03-27,NVR,"NVR, INC.",Consumer Discretionary,Consumer Discretionary,-38.1,1.0,39.1
2026-03-27,NWSA,NEWS CORP.,Communication Services,Communication Services,22.4,46.2,23.8
2026-03-27,NXPI,NXP SEMICONDUCTORS NV,Information Technology,Information Technology,-29.3,4.6,33.9
2026-03-27,O,REALTY INCOME ,Real Estate,Real Estate,-99.2,0.2,99.4
2026-03-27,ODFL,"OLD DOMINION FREIGHT LINE, INC.",Industrials,Industrials,-67.1,21.2,88.3
2026-03-27,OEF,ISHARES:S&P 100,,Sector & Style ETFs,-10.7,0.2,10.9
2026-03-27,OKE,"ONEOK, INC.",Energy,Energy,16.7,98.6,81.9
2026-03-27,OMC,OMNICOM GROUP INC.,Communication Services,Communication Services,-81.7,0.2,81.9
2026-03-27,ON,ON SEMICONDUCTOR ,Information Technology,Information Technology,-51.2,8.9,60.1
2026-03-27,ORCL,ORACLE ,Information Technology,Information Technology,13.1,45.0,31.9
2026-03-27,ORLY,"O'REILLY AUTOMOTIVE, INC.",Consumer Discretionary,Consumer Discretionary,1.4,22.0,20.6
2026-03-27,OTIS,OTIS WORLDWIDE ,Industrials,Industrials,-83.3,0.2,83.5
2026-03-27,OXY,OCCIDENTAL PETROLEUM ,Energy,Energy,5.2,99.4,94.2
2026-03-27,PAM,PAMPA ENERGIA SA,,MR Discretion,82.5,85.9,3.4
2026-03-27,PANW,"PALO ALTO NETWORKS, INC.",Information Technology,Information Technology,34.9,46.2,11.3
2026-03-27,PAYC,"PAYCOM SOFTWARE, INC.",Industrials,Industrials,-6.8,45.8,52.6
2026-03-27,PAYX,"PAYCHEX, INC.",Industrials,Industrials,33.4,65.3,31.9
2026-03-27,PBR,BRAZILIAN PETROLEUM  - PETROBRAS,,MR Discretion,18.3,91.5,73.2
2026-03-27,PCAR,PACCAR INC,Industrials,Industrials,-50.4,1.8,52.2
2026-03-27,PCG,PG&E ,Utilities,Utilities,-91.7,8.1,99.8
2026-03-27,PEG,PUBLIC SERVICE ENTERPRISE GROUP INC.,Utilities,Utilities,-76.6,8.1,84.7
2026-03-27,PEP,"PEPSICO, INC.",Consumer Staples,Consumer Staples,-94.4,1.4,95.8
2026-03-27,PFE,PFIZER INC.,Health Care,Health Care,-61.1,25.6,86.7
2026-03-27,PFF,ISHARES:PREF AND INC SEC,,Bonds,-24.6,5.8,30.4
2026-03-27,PFG,"PRINCIPAL FINANCIAL GROUP, INC.",Financials,Financials,-39.7,0.2,39.9
2026-03-27,PG,THE PROCTER & GAMBLE COMPANY,Consumer Staples,Consumer Staples,-97.6,0.2,97.8
2026-03-27,PGR,THE PROGRESSIVE ,Financials,Financials,-71.9,7.5,79.4
2026-03-27,PH,PARKER-HANNIFIN ,Industrials,Industrials,-69.4,1.0,70.4
2026-03-27,PHM,"PULTEGROUP, INC.",Consumer Discretionary,Consumer Discretionary,-80.9,1.0,81.9
2026-03-27,PKG,PACKAGING  OF AMERICA,Materials,Materials,-67.4,4.6,72.0
2026-03-27,PLD,"PROLOGIS, INC.",Real Estate,Real Estate,-95.2,0.6,95.8
2026-03-27,PLTR,PALANTIR TECHNOLOGIES INC.,Information Technology,Information Technology,25.4,47.0,21.6
2026-03-27,PM,PHILIP MORRIS INTERNATIONAL INC.,Consumer Staples,Consumer Staples,-72.6,1.0,73.6
2026-03-27,PNC,"THE PNC FINANCIAL SERVICES GROUP, INC.",Financials,Financials,-5.6,25.6,31.2
2026-03-27,PNR,PENTAIR PUBLIC LIMITED COMPANY,Industrials,Industrials,-22.4,1.0,23.4
2026-03-27,PNW,PINNACLE WEST CAPITAL ,Utilities,Utilities,-53.9,42.7,96.6
2026-03-27,PODD,INSULET ,Health Care,Health Care,-47.6,4.2,51.8
2026-03-27,POOL,POOL ,Consumer Discretionary,Consumer Discretionary,-19.9,7.7,27.6
2026-03-27,POWA,INVESCO BLOOMBERG PRICING POWER,,Sector & Style ETFs,-53.2,0.2,53.4
2026-03-27,PPG,"PPG INDUSTRIES, INC.",Materials,Materials,-58.0,10.1,68.1
2026-03-27,PPL,PPL ,Utilities,Utilities,-68.7,20.8,89.5
2026-03-27,PPLT,ABRDN:PHYSICAL PLATINUM,,Commodities,-16.3,0.2,16.5
2026-03-27,PRU,"PRUDENTIAL FINANCIAL, INC.",Financials,Financials,12.3,18.5,6.2
2026-03-27,PSA,PUBLIC STORAGE.,Real Estate,Real Estate,-95.2,1.8,97.0
2026-03-27,PSKY,PARAMOUNT SKYDANCE ,Communication Services,Communication Services,-64.7,11.7,76.4
2026-03-27,PSX,PHILLIPS 66,Energy,Energy,27.0,99.0,72.0
2026-03-27,PTC,PTC INC.,Information Technology,Information Technology,-66.6,2.6,69.2
2026-03-27,PWR,"QUANTA SERVICES, INC.",Industrials,Industrials,-59.7,15.7,75.4
2026-03-27,PYPL,"PAYPAL HOLDINGS, INC.",Financials,Financials,-11.5,36.7,48.2
2026-03-27,Q,"QNITY ELECTRONICS, INC.",Information Technology,Information Technology,-79.6,13.5,93.1
2026-03-27,QAT,ISHARES:MSCI QATAR,,Foreign,-10.7,10.9,21.6
2026-03-27,QCOM,QUALCOMM INC.,Information Technology,Information Technology,-22.2,3.0,25.2
2026-03-27,QQQ,INVESCO QQQ TRUST 1,,Sector & Style ETFs,-11.5,0.2,11.7
2026-03-27,QUAL,ISHARES:MSCI USA QF,,Sector & Style ETFs,-30.2,0.2,30.4
2026-03-27,RCL,ROYAL CARIBBEAN CRUISES LTD.,Consumer Discretionary,Consumer Discretionary,-21.8,16.1,37.9
2026-03-27,REG,REGENCY CENTERS ,Real Estate,Real Estate,-98.8,0.2,99.0
2026-03-27,REGN,"REGENERON PHARMACEUTICALS, INC.",Health Care,Health Care,-57.9,12.5,70.4
2026-03-27,RF,REGIONS FINANCIAL ,Financials,Financials,-26.6,6.9,33.5
2026-03-27,RIG,TRANSOCEAN LTD,,MR Discretion,-35.7,48.6,84.3
2026-03-27,RJF,"RAYMOND JAMES FINANCIAL, INC.",Financials,Financials,-15.4,4.2,19.6
2026-03-27,RL,RALPH LAUREN ,Consumer Discretionary,Consumer Discretionary,-47.2,2.6,49.8
2026-03-27,RMD,RESMED INC.,Health Care,Health Care,-44.0,1.0,45.0
2026-03-27,ROK,"ROCKWELL AUTOMATION, INC.",Industrials,Industrials,-21.4,0.2,21.6
2026-03-27,ROKU,"ROKU, INC.",,MR Discretion,-30.4,12.7,43.1
2026-03-27,ROL,"ROLLINS, INC.",Industrials,Industrials,-24.6,0.2,24.8
2026-03-27,ROP,"ROPER TECHNOLOGIES, INC.",Information Technology,Information Technology,1.6,59.3,57.7
2026-03-27,ROST,"ROSS STORES, INC.",Consumer Discretionary,Consumer Discretionary,-68.6,31.2,99.8
2026-03-27,RSG,"REPUBLIC SERVICES, INC.",Industrials,Industrials,-88.5,5.0,93.5
2026-03-27,RSP,INVESCO S&P500 EWGHT,,Sector & Style ETFs,-83.3,0.2,83.5
2026-03-27,RTX,RTX ,Industrials,Industrials,-27.9,3.4,31.3
2026-03-27,RUT,RUSSELL 2000 INDEX,,Indices,-23.4,4.2,27.6
2026-03-27,RVTY,"REVVITY, INC.",Health Care,Health Care,-14.3,1.4,15.7
2026-03-27,SBAC,SBA COMMUNICATIONS ,Real Estate,Real Estate,-85.3,0.2,85.5
2026-03-27,SBLK,STAR BULK CARRIERS CORP.,,MR Discretion,-88.9,1.8,90.7
2026-03-27,SBUX,STARBUCKS ,Consumer Discretionary,Consumer Discretionary,-66.6,5.8,72.4
2026-03-27,SCHP,SCHWAB STR:US TIPS,,Bonds,-98.4,0.2,98.6
2026-03-27,SCHW,THE CHARLES SCHWAB ,Financials,Financials,1.2,10.5,9.3
2026-03-27,SD,"SANDRIDGE ENERGY, INC.",,MR Discretion,-57.2,24.0,81.2
2026-03-27,SDY,SPDR S&P DIVIDEND,,Sector & Style ETFs,-97.2,0.2,97.4
2026-03-27,SHW,THE SHERWIN-WILLIAMS COMPANY,Materials,Materials,-65.0,5.4,70.4
2026-03-27,SHY,ISHARES:1-3 TRS BD ETF,Bonds,Bonds,-86.9,2.2,89.1
2026-03-27,SILJ,ETFMG PRIME JR SILVR MNR,,Commodities,-35.7,0.6,36.3
2026-03-27,SJM,THE J. M. SMUCKER COMPANY,Consumer Staples,Consumer Staples,-89.7,0.2,89.9
2026-03-27,SLB,SCHLUMBERGER N.V.,Energy,Energy,-19.8,53.4,73.2
2026-03-27,SLV,ISHARES:SILVER TRUST,,Commodities,-3.6,0.6,4.2
2026-03-27,SM,SM ENERGY COMPANY,,MR Discretion,5.6,99.4,93.8
2026-03-27,SMCI,"SUPER MICRO COMPUTER, INC.",Information Technology,Information Technology,-46.8,15.7,62.5
2026-03-27,SMH,VANECK:SEMICONDUCTOR,,Sector & Style ETFs,-16.3,2.2,18.5
2026-03-27,SNA,SNAP-ON INC.,Industrials,Industrials,-81.7,1.4,83.1
2026-03-27,SNDK,SANDISK CORPORATION,Information Technology,Information Technology,-14.3,22.4,36.7
2026-03-27,SNPS,"SYNOPSYS, INC.",Information Technology,Information Technology,-4.0,19.2,23.2
2026-03-27,SO,THE SOUTHERN COMPANY,Utilities,Utilities,-58.3,29.6,87.9
2026-03-27,SOLV,SOLVENTUM ,Health Care,Health Care,-35.7,0.2,35.9
2026-03-27,SOYB,TEUCRIUM:SOYBEAN,,Commodities,-44.0,52.2,96.2
2026-03-27,SPG,"SIMON PROPERTY GROUP, INC.",Real Estate,Real Estate,-86.1,0.2,86.3
2026-03-27,SPGI,S&P GLOBAL INC.,Financials,Financials,-7.1,13.7,20.8
2026-03-27,SPHB,INVESCO S&P500 HI BE,,Sector & Style ETFs,-23.4,1.4,24.8
2026-03-27,SPLV,INVESCO S&P500 LOWVL,,Sector & Style ETFs,-99.6,0.2,99.8
2026-03-27,SPX,S&P 500 INDEX,,Indices,-16.3,0.2,16.5
2026-03-27,SPY,SPDR S&P 500 ETF,,Sector & Style ETFs,-16.7,0.2,16.9
2026-03-27,SRE,SEMPRA,Utilities,Utilities,-63.9,32.7,96.6
2026-03-27,STE,STERIS PUBLIC LIMITED COMPANY,Health Care,Health Care,-33.3,0.2,33.5
2026-03-27,STIP,ISHARES:0-5 TIPS BD ETF,Bonds,Bonds,-53.3,28.8,82.1
2026-03-27,STLA,STELLANTIS NV,,MR Discretion,-24.6,3.0,27.6
2026-03-27,STLD,"STEEL DYNAMICS, INC.",Materials,Materials,-58.7,3.4,62.1
2026-03-27,STNG,SCORPIO TANKERS INC.,,MR Discretion,-73.0,26.4,99.4
2026-03-27,STT,STATE STREET ,Financials,Financials,-15.9,7.7,23.6
2026-03-27,STX,SEAGATE TECHNOLOGY HOLDINGS,Information Technology,Information Technology,-0.4,13.3,13.7
2026-03-27,STZ,"CONSTELLATION BRANDS, INC.",Consumer Staples,Consumer Staples,-27.3,29.2,56.5
2026-03-27,SW,SMURFIT WESTROCK PUBLIC LIMITED COMPANY,Materials,Materials,-62.3,10.5,72.8
2026-03-27,SWK,"STANLEY BLACK & DECKER, INC.",Industrials,Industrials,-75.2,0.6,75.8
2026-03-27,SWKS,"SKYWORKS SOLUTIONS, INC.",Information Technology,Information Technology,-69.1,11.7,80.8
2026-03-27,SYF,SYNCHRONY FINANCIAL,Financials,Financials,-5.2,24.4,29.6
2026-03-27,SYK,STRYKER ,Health Care,Health Care,-96.8,0.2,97.0
2026-03-27,SYY,SYSCO ,Consumer Staples,Consumer Staples,-99.6,0.2,99.8
2026-03-27,T,AT&T INC.,Communication Services,Communication Services,-15.5,72.8,88.3
2026-03-27,TAGS,TEUCRIUM:AGRICULTURAL,,Commodities,-4.7,93.1,97.8
2026-03-27,TAP,MOLSON COORS BEVERAGE COMPANY,Consumer Staples,Consumer Staples,-55.5,13.3,68.8
2026-03-27,TDG,TRANSDIGM GROUP INC.,Industrials,Industrials,-19.4,0.2,19.6
2026-03-27,TDW,TIDEWATER INC.,,MR Discretion,-54.7,40.3,95.0
2026-03-27,TDY,TELEDYNE TECHNOLOGIES INC.,Information Technology,Information Technology,-74.4,0.6,75.0
2026-03-27,TECH,BIO-TECHNE ,Health Care,Health Care,-19.8,5.0,24.8
2026-03-27,TECK,TECK RESOURCES LIMITED,,MR Discretion,-30.6,8.9,39.5
2026-03-27,TEL,TE CONNECTIVITY LTD,Information Technology,Information Technology,-32.9,5.8,38.7
2026-03-27,TER,"TERADYNE, INC.",Information Technology,Information Technology,-65.1,10.5,75.6
2026-03-27,TFC,TRUIST FINANCIAL ,Financials,Financials,-24.5,6.3,30.8
2026-03-27,TGT,TARGET ,Consumer Staples,Consumer Staples,-18.7,70.4,89.1
2026-03-27,THD,ISHARES:MSCI THAI,,Foreign,-92.5,7.3,99.8
2026-03-27,TIP,ISHARES:TIPS BD ETF,Bonds,Bonds,-98.8,0.2,99.0
2026-03-27,TJX,"THE TJX COMPANIES, INC.",Consumer Discretionary,Consumer Discretionary,-92.0,5.4,97.4
2026-03-27,TKO,"TKO GROUP HOLDINGS, INC.",Communication Services,Communication Services,-77.4,0.2,77.6
2026-03-27,TLT,ISHARES:20+ TRS BD ETF,Bonds,Bonds,-99.2,0.2,99.4
2026-03-27,TMO,THERMO FISHER SCIENTIFIC INC.,Health Care,Health Care,10.4,17.3,6.9
2026-03-27,TMUS,"T-MOBILE US, INC.",Communication Services,Communication Services,-51.6,44.2,95.8
2026-03-27,TNX,10 Y TSY YLD NDX,Yields,Yields,99.6,99.8,0.2
2026-03-27,TPL,TEXAS PACIFIC LAND ,Energy,Energy,-60.1,38.5,98.6
2026-03-27,TPR,"TAPESTRY, INC.",Consumer Discretionary,Consumer Discretionary,-72.6,1.8,74.4
2026-03-27,TRGP,TARGA RESOURCES CORP.,Energy,Energy,-21.4,72.8,94.2
2026-03-27,TRMB,TRIMBLE INC.,Information Technology,Information Technology,-31.3,17.1,48.4
2026-03-27,TROW,"T. ROWE PRICE GROUP, INC.",Financials,Financials,-11.6,6.9,18.5
2026-03-27,TRV,"THE TRAVELERS COMPANIES, INC.",Financials,Financials,-92.5,0.6,93.1
2026-03-27,TS,TENARIS SA,,MR Discretion,-20.3,71.2,91.5
2026-03-27,TSCO,TRACTOR SUPPLY COMPANY,Consumer Discretionary,Consumer Discretionary,-61.9,1.4,63.3
2026-03-27,TSLA,"TESLA, INC.",Consumer Discretionary,Consumer Discretionary,-26.2,1.8,28.0
2026-03-27,TSN,"TYSON FOODS, INC.",Consumer Staples,Consumer Staples,3.9,47.4,43.5
2026-03-27,TT,TRANE TECHNOLOGIES PLC,Industrials,Industrials,-69.4,6.2,75.6
2026-03-27,TTD,"THE TRADE DESK, INC.",Communication Services,Communication Services,41.7,52.2,10.5
2026-03-27,TTWO,"TAKE-TWO INTERACTIVE SOFTWARE, INC.",Communication Services,Communication Services,-15.2,3.8,19.0
2026-03-27,TUR,ISHARES:MSCI TURKEY,,Foreign,-10.3,11.3,21.6
2026-03-27,TXN,TEXAS INSTRUMENTS INC.,Information Technology,Information Technology,-26.2,11.7,37.9
2026-03-27,TXT,TEXTRON INC.,Industrials,Industrials,-87.3,0.2,87.5
2026-03-27,TYL,"TYLER TECHNOLOGIES, INC.",Information Technology,Information Technology,-26.2,34.7,60.9
2026-03-27,TYX,30 Y TSY YLD NDX,Yields,Yields,99.6,99.8,0.2
2026-03-27,UAL,"UNITED AIRLINES HOLDINGS, INC.",Industrials,Industrials,-43.7,8.5,52.2
2026-03-27,UBER,"UBER TECHNOLOGIES, INC.",Industrials,Industrials,-6.7,16.1,22.8
2026-03-27,UDR,"UDR, INC.",Real Estate,Real Estate,-69.8,0.2,70.0
2026-03-27,UHS,"UNIVERSAL HEALTH SERVICES, INC.",Health Care,Health Care,-49.0,0.2,49.2
2026-03-27,ULTA,"ULTA BEAUTY, INC.",Consumer Discretionary,Consumer Discretionary,-71.6,0.2,71.8
2026-03-27,UNG,UNITED STATES NAT GAS,Energy Complex,Commodities,63.5,86.3,22.8
2026-03-27,UNH,UNITEDHEALTH GROUP INC.,Health Care,Health Care,-48.8,4.6,53.4
2026-03-27,UNP,UNION PACIFIC ,Industrials,Industrials,-96.4,1.4,97.8
2026-03-27,UPS,"UNITED PARCEL SERVICE, INC.",Industrials,Industrials,-86.1,0.2,86.3
2026-03-27,URA,GLBL X URANIUM ETF,,Commodities,-13.9,6.9,20.8
2026-03-27,URI,"UNITED RENTALS, INC.",Industrials,Industrials,-45.3,10.1,55.4
2026-03-27,URNM,SPROTT URANIUM MINERS,,MR Discretion,-11.9,5.4,17.3
2026-03-27,USB,U.S. BANCORP,Financials,Financials,-23.8,8.9,32.7
2026-03-27,USO,UNITED STATES OIL FUND,Energy Complex,Commodities,27.7,95.4,67.7
2026-03-27,UUP,INVESCO DB USD IDX BL,,Currencies,2.7,94.6,91.9
2026-03-27,V,VISA INC.,Financials,Financials,-38.9,1.4,40.3
2026-03-27,VAL,VALARIS LIMITED,,MR Discretion,-36.5,46.2,82.7
2026-03-27,VICI,VICI PROPERTIES INC.,Real Estate,Real Estate,-94.8,3.0,97.8
2026-03-27,VIX,CBOE MKT VOLATILITY IDX,,Volatility,24.2,97.4,73.2
2026-03-27,VLO,VALERO ENERGY ,Energy,Energy,6.7,87.5,80.8
2026-03-27,VLTO,VERALTO ,Industrials,Industrials,-48.8,0.2,49.0
2026-03-27,VMC,VULCAN MATERIALS COMPANY,Materials,Materials,-53.6,0.2,53.8
2026-03-27,VNM,VANECK:VIETNAM,,Foreign,-33.1,3.0,36.1
2026-03-27,VRSK,"VERISK ANALYTICS, INC.",Industrials,Industrials,-42.4,16.1,58.5
2026-03-27,VRSN,"VERISIGN, INC.",Information Technology,Information Technology,61.1,85.5,24.4
2026-03-27,VRTX,VERTEX PHARMACEUTICALS INC.,Health Care,Health Care,-58.7,1.4,60.1
2026-03-27,VST,VISTRA CORP.,Utilities,Utilities,-59.1,12.5,71.6
2026-03-27,VTR,"VENTAS, INC.",Real Estate,Real Estate,-89.6,6.2,95.8
2026-03-27,VTRS,VIATRIS INC.,Health Care,Health Care,-62.1,8.5,70.6
2026-03-27,VXN,CBOE NASDAQ MKT VOL NDX,,Volatility,27.2,92.3,65.1
2026-03-27,VZ,VERIZON COMMUNICATIONS INC.,Communication Services,Communication Services,-45.6,51.4,97.0
2026-03-27,WAB,WESTINGHOUSE AIR BRAKE TECHNOLOGIES ,Industrials,Industrials,-93.6,5.0,98.6
2026-03-27,WAT,WATERS ,Health Care,Health Care,4.0,18.1,14.1
2026-03-27,WBD,"WARNER BROS. DISCOVERY, INC.",Communication Services,Communication Services,-34.1,6.2,40.3
2026-03-27,WDAY,"WORKDAY, INC.",Information Technology,Information Technology,29.2,41.7,12.5
2026-03-27,WDC,WESTERN DIGITAL ,Information Technology,Information Technology,-4.4,12.5,16.9
2026-03-27,WEAT,TEUCRIUM:WHEAT,,Commodities,-23.2,72.0,95.2
2026-03-27,WEC,"WEC ENERGY GROUP, INC.",Utilities,Utilities,-56.7,28.4,85.1
2026-03-27,WELL,WELLTOWER INC.,Real Estate,Real Estate,-77.8,7.7,85.5
2026-03-27,WFC,WELLS FARGO & COMPANY,Financials,Financials,16.2,22.4,6.2
2026-03-27,WM,"WASTE MANAGEMENT, INC.",Industrials,Industrials,-82.5,11.7,94.2
2026-03-27,WMB,"THE WILLIAMS COMPANIES, INC.",Energy,Energy,-68.3,21.6,89.9
2026-03-27,WMT,WALMART INC.,Consumer Staples,Consumer Staples,-67.5,8.9,76.4
2026-03-27,WRB,W. R. BERKLEY ,Financials,Financials,-77.8,0.6,78.4
2026-03-27,WSM,"WILLIAMS-SONOMA, INC.",Consumer Discretionary,Consumer Discretionary,-44.8,0.2,45.0
2026-03-27,WST,"WEST PHARMACEUTICAL SERVICES, INC.",Health Care,Health Care,-71.8,18.1,89.9
2026-03-27,WTW,WILLIS TOWERS WATSON,Financials,Financials,-39.7,1.0,40.7
2026-03-27,WY,WEYERHAEUSER COMPANY,Real Estate,Real Estate,30.9,47.4,16.5
2026-03-27,WYNN,"WYNN RESORTS, LIMITED",Consumer Discretionary,Consumer Discretionary,-35.7,9.7,45.4
2026-03-27,XEL,XCEL ENERGY INC.,Utilities,Utilities,-87.3,7.3,94.6
2026-03-27,XES,SPDR S&P OIL&GAS E&S,,MR Discretion,-22.0,64.7,86.7
2026-03-27,XLB,SEL SECTOR:MATRLS SPDR,,Sector & Style ETFs,-76.2,4.2,80.4
2026-03-27,XLC,SEL SECTOR:COMM SVC SPDR,,Sector & Style ETFs,-30.6,0.2,30.8
2026-03-27,XLE,SEL SECTOR:ENERGY SPDR,,Sector & Style ETFs,6.7,98.2,91.5
2026-03-27,XLF,SEL SECTOR:FINL S SPDR,,Sector & Style ETFs,-16.3,0.6,16.9
2026-03-27,XLI,SEL SECTOR:INDUST SPDR,,Sector & Style ETFs,-86.9,0.2,87.1
2026-03-27,XLK,SEL SECTOR:TECH SPDR,,Sector & Style ETFs,-8.1,2.8,10.9
2026-03-27,XLP,SEL SECTOR:C STP SPDR,,Sector & Style ETFs,-95.6,0.6,96.2
2026-03-27,XLRE,SEL SECTOR:RL EST SPDR,,Sector & Style ETFs,-96.4,0.2,96.6
2026-03-27,XLU,SEL SECTOR:UTIL SPDR,,Sector & Style ETFs,-88.3,8.7,97.0
2026-03-27,XLV,SEL SECTOR:H CARE SPDR,,Sector & Style ETFs,-85.7,0.2,85.9
2026-03-27,XLY,SEL SECTOR:C DSC SPDR,,Sector & Style ETFs,-13.9,0.6,14.5
2026-03-27,XOM,EXXON MOBIL ,Energy,Energy,18.3,93.5,75.2
2026-03-27,XOP,SPDR S&P OIL&GAS EXP,,MR Discretion,14.3,99.4,85.1
2026-03-27,XYL,XYLEM INC.,Industrials,Industrials,-23.0,2.6,25.6
2026-03-27,XYZ,"BLOCK, INC.",Financials,Financials,-33.0,23.2,56.2
2026-03-27,YUM,"YUM! BRANDS, INC.",Consumer Discretionary,Consumer Discretionary,-94.0,2.6,96.6
2026-03-27,ZBH,"ZIMMER BIOMET HOLDINGS, INC.",Health Care,Health Care,-90.9,6.9,97.8
2026-03-27,ZBRA,ZEBRA TECHNOLOGIES ,Information Technology,Information Technology,-35.1,10.9,46.0
2026-03-27,ZTS,ZOETIS INC.,Health Care,Health Care,-94.4,2.2,96.6
