Ticker,Ticker_name,Category,Date,Close,day_pct_change,week_pct_change,month_pct_change,quarter_pct_change
EDV,VANGUARD EXT DUR T;ETF,Bonds,2026-03-26,64.7,-0.0081,0.0079,-0.0642,-0.0048
HYD,VANECK:HIGH YIELD MUNI,Bonds,2026-03-26,49.89,-0.004,-0.004,-0.0331,-0.0241
HYG,ISHARES:IBOXX $HY CORP,Bonds,2026-03-26,78.92,-0.0063,0.0,-0.0223,-0.0212
IEF,ISHARES:7-10 TRS BD ETF,Bonds,2026-03-26,94.59,-0.0081,-0.0031,-0.0347,-0.0163
JNK,SPDR BBG HIGH YIELD BD,Bonds,2026-03-26,94.95,-0.0063,0.0,-0.0237,-0.0232
LQD,ISHARES:IBOXX $IG CORP,Bonds,2026-03-26,107.88,-0.0078,0.0003,-0.034,-0.021
MUB,ISHARES:NATL MUNI BOND,Bonds,2026-03-26,105.6,-0.0038,-0.0029,-0.0305,-0.0141
PFF,ISHARES:PREF AND INC SEC,Bonds,2026-03-26,30.38,-0.0075,0.0036,-0.0328,-0.0187
SCHP,SCHWAB STR:US TIPS,Bonds,2026-03-26,26.46,-0.0034,-0.0045,-0.0182,-0.0011
SHY,ISHARES:1-3 TRS BD ETF,Bonds,2026-03-26,82.22,-0.0022,-0.0011,-0.0115,-0.0072
STIP,ISHARES:0-5 TIPS BD ETF,Bonds,2026-03-26,102.96,-0.0009,-0.0037,-0.0035,0.0056
TIP,ISHARES:TIPS BD ETF,Bonds,2026-03-26,109.76,-0.0036,-0.0042,-0.0189,-0.0014
TLT,ISHARES:20+ TRS BD ETF,Bonds,2026-03-26,86.11,-0.0084,0.0033,-0.0519,-0.012
CANE,TEUCRIUM:SUGAR,Commodities,2026-03-26,10.63,0.0163,0.0172,0.1442,0.0891
COMT,ISHARES:GSCI COMM DYN RS,Commodities,2026-03-26,32.94,0.0164,-0.0234,0.1735,0.3229
CORN,TEUCRIUM:CORN,Commodities,2026-03-26,18.71,-0.0021,-0.0048,0.0458,0.0553
CPER,UNITED STATES COPPER IDX,Commodities,2026-03-26,33.33,-0.0136,0.0303,-0.0963,-0.0466
DBA,INVESCO DB MS AGRI,Commodities,2026-03-26,27.11,0.0056,0.0097,0.0419,0.0623
DBB,INVESCO DB MS BMTL,Commodities,2026-03-26,22.81,-0.0087,0.021,-0.0567,-0.0057
DBC,INVESCO DB CM IDX,Commodities,2026-03-26,28.44,0.0096,-0.0173,0.1331,0.2719
GDX,VANECK:GOLD MINERS,Commodities,2026-03-26,82.39,-0.0455,0.0283,-0.2888,-0.0394
GDXJ,VANECK:JR GOLD MINERS,Commodities,2026-03-26,105.92,-0.0651,0.011,-0.3219,-0.0691
GLD,SPDR GOLD,Commodities,2026-03-26,400.64,-0.0376,-0.0308,-0.1718,0.0109
PPLT,ABRDN:PHYSICAL PLATINUM,Commodities,2026-03-26,165.46,-0.0569,-0.0504,-0.2295,-0.1125
SILJ,ETFMG PRIME JR SILVR MNR,Commodities,2026-03-26,26.69,-0.0658,0.0144,-0.3377,-0.0354
SLV,ISHARES:SILVER TRUST,Commodities,2026-03-26,60.77,-0.0681,-0.0122,-0.285,-0.0567
SOYB,TEUCRIUM:SOYBEAN,Commodities,2026-03-26,24.36,0.0004,0.0116,0.0227,0.1144
TAGS,TEUCRIUM:AGRICULTURAL,Commodities,2026-03-26,25.33,0.006,0.0112,0.0607,0.1051
UNG,UNITED STATES NAT GAS,Commodities,2026-03-26,11.84,-0.0017,-0.0444,0.0278,-0.0343
URA,GLBL X URANIUM ETF,Commodities,2026-03-26,46.7,-0.046,0.0056,-0.1406,0.0929
USO,UNITED STATES OIL FUND,Commodities,2026-03-26,117.26,0.0341,-0.0343,0.4309,0.6955
WEAT,TEUCRIUM:WHEAT,Commodities,2026-03-26,23.12,0.0065,0.0118,0.0244,0.1577
CHTR,"CHARTER COMMUNICATIONS, INC.",Communication Services,2026-03-26,218.51,-0.0018,0.0258,-0.0687,0.0468
CMCSA,COMCAST ,Communication Services,2026-03-26,28.72,-0.0003,-0.0103,-0.0724,0.0253
DIS,THE WALT DISNEY COMPANY,Communication Services,2026-03-26,94.75,-0.0125,-0.0478,-0.1065,-0.1672
EA,ELECTRONIC ARTS INC.,Communication Services,2026-03-26,201.91,-0.0021,0.007,0.0067,-0.0118
FOXA,FOX ,Communication Services,2026-03-26,58.64,0.0026,0.0142,0.0408,-0.1975
GOOGL,ALPHABET INC.,Communication Services,2026-03-26,280.92,-0.0344,-0.0667,-0.0989,-0.1025
LYV,"LIVE NATION ENTERTAINMENT, INC.",Communication Services,2026-03-26,150.05,-0.0314,0.0081,-0.0746,0.053
META,"META PLATFORMS, INC.",Communication Services,2026-03-26,547.54,-0.0796,-0.0777,-0.1553,-0.1705
MTCH,"MATCH GROUP, INC.",Communication Services,2026-03-26,30.81,0.0155,-0.008,-0.025,-0.0458
NFLX,"NETFLIX, INC.",Communication Services,2026-03-26,93.32,0.0113,0.0163,-0.0303,-0.0047
NWSA,NEWS CORP.,Communication Services,2026-03-26,24.26,-0.0004,0.0087,-0.0012,-0.0712
OMC,OMNICOM GROUP INC.,Communication Services,2026-03-26,75.31,-0.0057,0.0033,-0.117,-0.0674
PSKY,PARAMOUNT SKYDANCE ,Communication Services,2026-03-26,8.88,-0.0379,-0.0295,-0.3427,-0.3373
T,AT&T INC.,Communication Services,2026-03-26,28.92,0.0038,0.0215,0.0325,0.1643
TKO,"TKO GROUP HOLDINGS, INC.",Communication Services,2026-03-26,192.64,-0.0067,0.0226,-0.1395,-0.0783
TMUS,"T-MOBILE US, INC.",Communication Services,2026-03-26,211.59,0.0011,0.015,-0.0253,0.0421
TTD,"THE TRADE DESK, INC.",Communication Services,2026-03-26,21.74,-0.0105,-0.0983,-0.0873,-0.4273
TTWO,"TAKE-TWO INTERACTIVE SOFTWARE, INC.",Communication Services,2026-03-26,194.72,0.0087,-0.0295,-0.0793,-0.2395
VZ,VERIZON COMMUNICATIONS INC.,Communication Services,2026-03-26,50.74,0.0073,0.0152,0.012,0.2458
WBD,"WARNER BROS. DISCOVERY, INC.",Communication Services,2026-03-26,27.07,-0.0055,-0.0128,-0.039,-0.0607
ABNB,"AIRBNB, INC.",Consumer Discretionary,2026-03-26,131.06,-0.0057,0.0198,-0.03,-0.0343
AMZN,"AMAZON.COM, INC.",Consumer Discretionary,2026-03-26,207.54,-0.0197,0.0106,-0.0117,-0.1009
APTV,APTIV PLC,Consumer Discretionary,2026-03-26,70.95,0.0008,0.0419,-0.0352,-0.0676
AZO,"AUTOZONE, INC.",Consumer Discretionary,2026-03-26,3395.97,0.0029,0.0344,-0.0958,0.0013
BBY,"BEST BUY CO., INC.",Consumer Discretionary,2026-03-26,63.21,0.0465,0.0065,0.02,-0.0556
BKNG,BOOKING HOLDINGS INC.,Consumer Discretionary,2026-03-26,4213.76,-0.0057,-0.0255,-0.006,-0.2132
CCL,CARNIVAL CORP,Consumer Discretionary,2026-03-26,25.28,-0.0175,0.0481,-0.1987,-0.1722
CMG,"CHIPOTLE MEXICAN GRILL, INC.",Consumer Discretionary,2026-03-26,32.17,-0.0102,-0.036,-0.1357,-0.1305
CVNA,CARVANA CO.,Consumer Discretionary,2026-03-26,301.37,-0.0233,0.0714,-0.0981,-0.2859
DASH,"DOORDASH, INC.",Consumer Discretionary,2026-03-26,151.96,-0.0063,-0.0299,-0.1389,-0.329
DECK,DECKERS OUTDOOR ,Consumer Discretionary,2026-03-26,93.69,-0.0636,-0.0671,-0.2011,-0.0963
DHI,"D.R. HORTON, INC.",Consumer Discretionary,2026-03-26,135.96,-0.0126,0.0213,-0.1523,-0.056
DPZ,"DOMINO'S PIZZA, INC.",Consumer Discretionary,2026-03-26,358.54,-0.011,-0.0397,-0.1092,-0.1398
DRI,"DARDEN RESTAURANTS, INC.",Consumer Discretionary,2026-03-26,198.87,-0.0138,-0.0206,-0.07,0.0807
EBAY,EBAY INC.,Consumer Discretionary,2026-03-26,89.43,-0.0013,0.0051,-0.0157,0.0268
EXPE,"EXPEDIA GROUP, INC.",Consumer Discretionary,2026-03-26,232.84,-0.0145,-0.0099,0.0795,-0.1781
F,FORD MOTOR COMPANY,Consumer Discretionary,2026-03-26,11.6,-0.006,0.0069,-0.1767,-0.1159
GM,GENERAL MOTORS COMPANY,Consumer Discretionary,2026-03-26,75.6,-0.0132,0.0383,-0.0395,-0.0703
GPC,GENUINE PARTS COMPANY,Consumer Discretionary,2026-03-26,105.28,0.0015,0.0923,-0.1172,-0.1438
GRMN,GARMIN LTD,Consumer Discretionary,2026-03-26,236.07,-0.0356,0.016,-0.0663,0.1638
HAS,"HASBRO, INC.",Consumer Discretionary,2026-03-26,91.16,-0.0112,0.0005,-0.0846,0.1117
HD,"THE HOME DEPOT, INC.",Consumer Discretionary,2026-03-26,328.43,-0.0123,0.0239,-0.1373,-0.0455
HLT,HILTON WORLDWIDE HOLDINGS INC.,Consumer Discretionary,2026-03-26,301.7,-0.0048,0.0312,-0.0323,0.0503
LEN,LENNAR ,Consumer Discretionary,2026-03-26,91.11,-0.0117,0.0062,-0.2033,-0.1137
LOW,"LOWE'S COMPANIES, INC.",Consumer Discretionary,2026-03-26,236.03,-0.0006,0.0508,-0.1079,-0.0213
LULU,LULULEMON ATHLETICA INC.,Consumer Discretionary,2026-03-26,151.39,-0.0462,-0.0702,-0.1824,-0.2715
LVS,LAS VEGAS SANDS CORP.,Consumer Discretionary,2026-03-26,52.4,-0.0327,-0.01,-0.0762,-0.195
MAR,"MARRIOTT INTERNATIONAL, INC.",Consumer Discretionary,2026-03-26,325.74,-0.0032,0.0187,-0.0468,0.05
MCD,MCDONALD'S ,Consumer Discretionary,2026-03-26,308.93,-0.0089,0.0003,-0.0942,0.0108
MGM,MGM RESORTS INTERNATIONAL,Consumer Discretionary,2026-03-26,37.57,0.0021,0.0622,0.0193,0.0296
NCLH,NORWEGIAN CRUISE LINE HOLDINGS LTD.,Consumer Discretionary,2026-03-26,19.85,-0.0183,0.0475,-0.1993,-0.1107
NKE,"NIKE, INC.",Consumer Discretionary,2026-03-26,52.07,-0.0172,-0.0057,-0.1626,-0.1827
NVR,"NVR, INC.",Consumer Discretionary,2026-03-26,6530.22,-0.0034,0.0253,-0.1314,-0.1046
ORLY,"O'REILLY AUTOMOTIVE, INC.",Consumer Discretionary,2026-03-26,92.27,0.0122,0.0569,-0.0171,0.0116
PHM,"PULTEGROUP, INC.",Consumer Discretionary,2026-03-26,117.12,-0.009,0.0224,-0.1464,-0.0012
POOL,POOL ,Consumer Discretionary,2026-03-26,201.04,-0.0056,0.0035,-0.1151,-0.1211
RCL,ROYAL CARIBBEAN CRUISES LTD.,Consumer Discretionary,2026-03-26,274.0,-0.018,0.0393,-0.1189,-0.0176
RL,RALPH LAUREN ,Consumer Discretionary,2026-03-26,333.64,-0.0355,0.0114,-0.0799,-0.0565
ROST,"ROSS STORES, INC.",Consumer Discretionary,2026-03-26,214.3,-0.008,0.0147,0.0421,0.1896
SBUX,STARBUCKS ,Consumer Discretionary,2026-03-26,91.22,-0.016,-0.0144,-0.0694,0.0832
TJX,"THE TJX COMPANIES, INC.",Consumer Discretionary,2026-03-26,157.57,-0.0136,0.0167,-0.0253,0.0258
TPR,"TAPESTRY, INC.",Consumer Discretionary,2026-03-26,141.41,-0.0326,0.0038,-0.0904,0.1068
TSCO,TRACTOR SUPPLY COMPANY,Consumer Discretionary,2026-03-26,45.89,-0.0015,0.0026,-0.1148,-0.0824
TSLA,"TESLA, INC.",Consumer Discretionary,2026-03-26,372.11,-0.0359,0.0113,-0.0755,-0.1726
ULTA,"ULTA BEAUTY, INC.",Consumer Discretionary,2026-03-26,521.64,-0.0086,-0.0157,-0.2382,-0.1378
WSM,"WILLIAMS-SONOMA, INC.",Consumer Discretionary,2026-03-26,180.56,-0.0075,0.012,-0.122,0.011
WYNN,"WYNN RESORTS, LIMITED",Consumer Discretionary,2026-03-26,99.47,-0.0238,-0.0051,-0.0806,-0.1734
YUM,"YUM! BRANDS, INC.",Consumer Discretionary,2026-03-26,156.14,-0.019,-0.0017,-0.0715,0.0321
ADM,ARCHER-DANIELS-MIDLAND COMPANY.,Consumer Staples,2026-03-26,72.33,0.0094,0.0931,0.0477,0.2581
BF.B,BROWN-FORMAN ,Consumer Staples,2026-03-26,25.74,0.0958,0.1289,-0.1081,-0.0123
BG,BUNGE LIMITED,Consumer Staples,2026-03-26,125.76,0.0029,0.0644,0.0424,0.4118
CAG,"CONAGRA BRANDS, INC.",Consumer Staples,2026-03-26,15.2,-0.0078,0.0026,-0.2104,-0.1219
CHD,"CHURCH & DWIGHT CO., INC.",Consumer Staples,2026-03-26,93.22,-0.0123,-0.0155,-0.111,0.1117
CL,COLGATE-PALMOLIVE COMPANY,Consumer Staples,2026-03-26,84.14,-0.0158,-0.0115,-0.1513,0.0648
CLX,THE CLOROX COMPANY,Consumer Staples,2026-03-26,102.18,-0.0246,-0.0374,-0.1964,0.0134
COST,COSTCO WHOLESALE ,Consumer Staples,2026-03-26,979.65,0.0049,0.0075,-0.0308,0.136
CPB,CAMPBELL SOUP COMPANY,Consumer Staples,2026-03-26,20.95,0.0067,-0.0057,-0.2226,-0.2483
DG,DOLLAR GENERAL ,Consumer Staples,2026-03-26,119.23,-0.0027,-0.0425,-0.2369,-0.102
DLTR,"DOLLAR TREE, INC.",Consumer Staples,2026-03-26,105.99,-0.0061,0.0007,-0.162,-0.1384
EL,THE ESTEE LAUDER COMPANIES INC.,Consumer Staples,2026-03-26,69.75,-0.046,-0.1882,-0.3628,-0.3339
GIS,"GENERAL MILLS, INC.",Consumer Staples,2026-03-26,36.02,-0.0041,-0.0267,-0.2036,-0.2254
HRL,HORMEL FOODS ,Consumer Staples,2026-03-26,22.85,-0.0087,0.0321,-0.1074,-0.0359
HSY,THE HERSHEY COMPANY,Consumer Staples,2026-03-26,210.43,-0.0303,0.0014,-0.1094,0.1563
KDP,KEURIG DR PEPPER INC.,Consumer Staples,2026-03-26,26.27,-0.0038,-0.012,-0.1324,-0.0621
KHC,THE KRAFT HEINZ COMPANY,Consumer Staples,2026-03-26,21.56,0.0023,-0.0005,-0.1239,-0.1109
KMB,KIMBERLY-CLARK ,Consumer Staples,2026-03-26,98.85,-0.0051,0.0066,-0.113,-0.0202
KO,THE COCA-COLA COMPANY,Consumer Staples,2026-03-26,74.69,-0.0074,-0.0008,-0.0842,0.0684
KR,THE KROGER CO.,Consumer Staples,2026-03-26,71.79,0.0203,-0.0193,0.052,0.149
KVUE,KENVUE INC.,Consumer Staples,2026-03-26,17.57,-0.0051,0.0098,-0.0811,0.0186
LW,"LAMB WESTON HOLDINGS, INC.",Consumer Staples,2026-03-26,40.83,-0.023,0.0208,-0.1527,-0.0253
MDLZ,"MONDELEZ INTERNATIONAL, INC.",Consumer Staples,2026-03-26,57.58,0.0026,0.0244,-0.065,0.0697
MKC,"MCCORMICK & COMPANY, INC.",Consumer Staples,2026-03-26,51.58,-0.0227,-0.031,-0.2739,-0.2427
MNST,MONSTER BEVERAGE ,Consumer Staples,2026-03-26,71.98,-0.0168,-0.0232,-0.1562,-0.0612
MO,"ALTRIA GROUP, INC.",Consumer Staples,2026-03-26,64.62,0.0132,0.0023,-0.064,0.1207
PEP,"PEPSICO, INC.",Consumer Staples,2026-03-26,150.83,-0.0059,0.0053,-0.1114,0.0509
PG,THE PROCTER & GAMBLE COMPANY,Consumer Staples,2026-03-26,142.42,-0.0104,-0.0129,-0.1482,-0.0062
PM,PHILIP MORRIS INTERNATIONAL INC.,Consumer Staples,2026-03-26,162.49,-0.0182,-0.0038,-0.1303,0.013
SJM,THE J. M. SMUCKER COMPANY,Consumer Staples,2026-03-26,95.11,-0.0029,-0.0429,-0.1797,-0.0276
STZ,"CONSTELLATION BRANDS, INC.",Consumer Staples,2026-03-26,150.41,-0.0076,0.0053,-0.0472,0.0902
SYY,SYSCO ,Consumer Staples,2026-03-26,82.64,-0.0019,0.0161,-0.0935,0.1215
TAP,MOLSON COORS BEVERAGE COMPANY,Consumer Staples,2026-03-26,41.91,0.0155,0.0123,-0.1445,-0.1022
TGT,TARGET ,Consumer Staples,2026-03-26,117.0,0.0054,0.033,0.0282,0.1969
TSN,"TYSON FOODS, INC.",Consumer Staples,2026-03-26,62.96,0.0246,0.0822,-0.0312,0.074
WMT,WALMART INC.,Consumer Staples,2026-03-26,122.18,-0.0072,0.0266,-0.0451,0.0967
FXA,INVESCO:AU DOLLAR,Currencies,2026-03-26,68.15,-0.0099,-0.0198,-0.0337,0.031
FXB,INVESCO:GBP STERLING,Currencies,2026-03-26,128.12,-0.0036,-0.0011,-0.0123,-0.0126
FXC,INVESCO:CANADIAN DOLLAR,Currencies,2026-03-26,70.5,-0.0027,-0.0111,-0.0156,-0.0096
FXE,INVESCO:EURO,Currencies,2026-03-26,106.3,-0.0039,-0.0034,-0.0255,-0.0199
FXY,INVESCO:JAPANESE YEN,Currencies,2026-03-26,57.43,-0.0031,-0.004,-0.0238,-0.0211
UUP,INVESCO DB USD IDX BL,Currencies,2026-03-26,27.81,0.004,0.0047,0.027,0.0289
APA,APA ,Energy,2026-03-26,42.8,0.0358,0.0943,0.4093,0.7498
BKR,BAKER HUGHES COMPANY,Energy,2026-03-26,62.36,-0.0042,0.0333,-0.0444,0.3693
COP,CONOCOPHILLIPS,Energy,2026-03-26,133.25,0.0335,0.0499,0.1744,0.4235
CTRA,COTERRA ENERGY INC.,Energy,2026-03-26,35.79,0.0173,0.0536,0.17,0.3598
CVX,CHEVRON ,Energy,2026-03-26,207.79,0.0129,0.03,0.1126,0.3634
DVN,DEVON ENERGY ,Energy,2026-03-26,51.35,0.0186,0.0553,0.1796,0.4019
EOG,"EOG RESOURCES, INC.",Energy,2026-03-26,147.49,0.0299,0.0631,0.1887,0.4045
EQT,EQT ,Energy,2026-03-26,66.86,-0.0158,0.0339,0.0886,0.2474
EXE,EXPAND ENERGY ,Energy,2026-03-26,111.05,-0.0252,0.0348,0.029,0.0063
FANG,"DIAMONDBACK ENERGY, INC.",Energy,2026-03-26,202.19,0.0315,0.0501,0.1615,0.345
HAL,HALLIBURTON COMPANY,Energy,2026-03-26,38.79,0.0041,0.0619,0.0775,0.3726
KMI,"KINDER MORGAN, INC.",Energy,2026-03-26,34.07,0.0026,0.0375,0.024,0.2394
MPC,MARATHON PETROLEUM ,Energy,2026-03-26,248.31,0.0293,0.0679,0.2528,0.5268
OKE,"ONEOK, INC.",Energy,2026-03-26,93.57,0.0157,0.0489,0.1305,0.2731
OXY,OCCIDENTAL PETROLEUM ,Energy,2026-03-26,64.36,0.0406,0.0601,0.2125,0.5652
PSX,PHILLIPS 66,Energy,2026-03-26,184.01,0.015,0.0487,0.1923,0.426
SLB,SCHLUMBERGER N.V.,Energy,2026-03-26,52.31,0.0081,0.1218,0.0189,0.3629
TPL,TEXAS PACIFIC LAND ,Energy,2026-03-26,522.28,-0.0152,0.0055,-0.0038,0.8184
TRGP,TARGA RESOURCES CORP.,Energy,2026-03-26,250.5,0.0205,0.0551,0.0623,0.3577
VLO,VALERO ENERGY ,Energy,2026-03-26,248.14,0.058,0.0345,0.2126,0.5243
WMB,"THE WILLIAMS COMPANIES, INC.",Energy,2026-03-26,74.06,0.0034,0.0228,-0.0088,0.2321
XOM,EXXON MOBIL ,Energy,2026-03-26,165.43,0.0133,0.0361,0.0848,0.3747
ACGL,ARCH CAPITAL GROUP LTD.,Financials,2026-03-26,94.12,0.0086,0.0197,-0.0602,-0.0188
AFL,AFLAC INC.,Financials,2026-03-26,108.21,0.0093,0.0187,-0.0418,-0.0187
AIG,"AMERICAN INTERNATIONAL GROUP, INC.",Financials,2026-03-26,74.27,-0.0159,-0.0016,-0.0773,-0.1319
AIZ,"ASSURANT, INC.",Financials,2026-03-26,217.41,0.0018,0.0216,-0.0531,-0.0973
AJG,ARTHUR J. GALLAGHER & CO.,Financials,2026-03-26,210.27,-0.0154,-0.0212,-0.0786,-0.1875
ALL,THE ALLSTATE ,Financials,2026-03-26,207.16,0.012,0.0075,-0.0343,-0.0048
AMP,"AMERIPRISE FINANCIAL, INC.",Financials,2026-03-26,448.15,-0.0083,0.021,-0.0467,-0.086
AON,AON PLC,Financials,2026-03-26,323.77,0.0072,-0.0057,-0.0349,-0.0825
APO,"APOLLO GLOBAL MANAGEMENT, INC.",Financials,2026-03-26,109.98,0.0016,-0.018,0.0514,-0.2403
ARES,ARES MANAGEMENT CORP,Financials,2026-03-26,107.92,0.0133,0.0194,-0.0365,-0.3323
AXP,AMERICAN EXPRESS COMPANY,Financials,2026-03-26,299.39,-0.0028,0.0132,-0.0308,-0.1907
BAC,BANK OF AMERICA ,Financials,2026-03-26,48.24,-0.0105,0.0229,-0.0319,-0.1229
BEN,"FRANKLIN RESOURCES, INC.",Financials,2026-03-26,23.59,-0.0126,0.0055,-0.1112,-0.0126
BK,THE BANK OF NEW YORK MELLON ,Financials,2026-03-26,116.65,-0.0114,0.0149,-0.0206,0.0048
BLK,"BLACKROCK, INC.",Financials,2026-03-26,968.46,-0.0131,0.011,-0.0891,-0.0952
BRK.B,"BERKSHIRE HATHAWAY INC.,",Financials,2026-03-26,475.27,-0.0019,-0.0118,-0.0588,-0.0545
BRO,"BROWN & BROWN, INC.",Financials,2026-03-26,65.14,0.0132,-0.0285,-0.093,-0.1827
BX,BLACKSTONE INC,Financials,2026-03-26,109.63,0.0115,-0.0072,-0.033,-0.2888
C,CITIGROUP INC.,Financials,2026-03-26,112.41,-0.0181,0.0264,0.0201,-0.0367
CB,CHUBB LTD,Financials,2026-03-26,324.31,0.0034,0.0054,-0.0486,0.0391
CBOE,"CBOE GLOBAL MARKETS, INC.",Financials,2026-03-26,279.79,0.0099,-0.0147,-0.0665,0.1147
CFG,"CITIZENS FINANCIAL GROUP, INC.",Financials,2026-03-26,58.56,-0.0145,0.027,-0.0271,0.0026
CINF,CINCINNATI FINANCIAL ,Financials,2026-03-26,157.56,0.0136,-0.0055,-0.0392,-0.0353
CME,CME GROUP INC.,Financials,2026-03-26,297.58,0.0124,-0.0317,-0.0686,0.0897
COF,CAPITAL ONE FINANCIAL ,Financials,2026-03-26,182.12,-0.0168,0.0036,-0.0691,-0.2486
COIN,"COINBASE GLOBAL, INC.",Financials,2026-03-26,173.38,-0.0426,-0.1221,-0.014,-0.2333
CPAY,"FLEETCOR TECHNOLOGIES, INC.",Financials,2026-03-26,293.21,0.0047,0.02,-0.0981,-0.0257
EG,"EVEREST GROUP, LTD.",Financials,2026-03-26,323.89,-0.0001,0.0249,-0.0346,-0.0456
ERIE,ERIE INDEMNITY COMPANY,Financials,2026-03-26,243.26,0.0304,0.012,-0.0972,-0.1514
FDS,FACTSET RESEARCH SYSTEMS INC.,Financials,2026-03-26,196.27,0.0123,-0.0621,-0.0947,-0.3237
FIS,FIDELITY NATIONAL INFORMATION SERVICES,Financials,2026-03-26,47.41,-0.004,-0.0478,-0.0697,-0.2866
FISV,"FISERV, INC.",Financials,2026-03-26,55.54,-0.0194,-0.0268,-0.1084,-0.1731
FITB,FIFTH THIRD BANCORP,Financials,2026-03-26,45.41,-0.0087,0.0276,-0.0821,-0.0299
GL,GLOBE LIFE INC.,Financials,2026-03-26,138.8,0.0094,0.0146,-0.0445,-0.0076
GPN,GLOBAL PAYMENTS INC.,Financials,2026-03-26,69.97,-0.0113,0.0215,-0.0849,-0.096
GS,"THE GOLDMAN SACHS GROUP, INC.",Financials,2026-03-26,822.64,-0.0228,0.0112,-0.043,-0.0641
HBAN,HUNTINGTON BANCSHARES INC.,Financials,2026-03-26,15.43,-0.0071,0.0225,-0.0815,-0.1107
HIG,THE HARTFORD FINANCIAL SERVICES GROUP,Financials,2026-03-26,134.89,0.0059,0.0169,-0.0422,-0.0211
HOOD,"ROBINHOOD MARKETS, INC.",Financials,2026-03-26,70.35,-0.0302,-0.0076,-0.0725,-0.378
IBKR,"INTERACTIVE BROKERS GROUP, INC.",Financials,2026-03-26,66.2,-0.0361,0.0112,-0.0701,0.0294
ICE,"INTERCONTINENTAL EXCHANGE, INC.",Financials,2026-03-26,155.96,-0.0055,-0.0156,-0.0498,-0.037
IVZ,INVESCO LTD.,Financials,2026-03-26,24.1,-0.0107,0.0383,-0.0823,-0.0826
JKHY,"JACK HENRY & ASSOCIATES, INC.",Financials,2026-03-26,157.2,-0.0013,-0.0495,-0.0324,-0.1385
JPM,JPMORGAN CHASE & CO.,Financials,2026-03-26,291.66,-0.0127,0.0178,-0.0288,-0.0948
KEY,KEYCORP,Financials,2026-03-26,19.88,-0.006,0.0242,-0.0415,-0.0368
KKR,KKR & CO. INC.,Financials,2026-03-26,89.99,0.0121,-0.0001,0.0263,-0.2941
L,LOEWS ,Financials,2026-03-26,106.87,0.0044,0.012,-0.0286,0.0148
MA,MASTERCARD INC..,Financials,2026-03-26,500.75,-0.004,0.0089,-0.0318,-0.1228
MCO,MOODY'S ,Financials,2026-03-26,432.28,0.0099,-0.0065,-0.0949,-0.1538
MET,"METLIFE, INC.",Financials,2026-03-26,69.74,-0.0092,0.0172,-0.0323,-0.1165
MRSH,"MARSH & MCLENNAN COMPANIES, INC.",Financials,2026-03-26,174.14,-0.0003,-0.0133,-0.0675,-0.0613
MS,MORGAN STANLEY,Financials,2026-03-26,163.23,-0.0146,0.0109,-0.0197,-0.0805
MSCI,MSCI INC.,Financials,2026-03-26,534.68,0.0069,-0.0325,-0.065,-0.0681
MTB,M&T BANK ,Financials,2026-03-26,205.73,0.0048,0.0383,-0.0518,0.0211
NDAQ,"NASDAQ, INC.",Financials,2026-03-26,83.78,0.0005,-0.0297,-0.0434,-0.1374
NTRS,NORTHERN TRUST ,Financials,2026-03-26,137.98,-0.0125,0.0165,-0.0357,0.0102
PFG,"PRINCIPAL FINANCIAL GROUP, INC.",Financials,2026-03-26,88.94,0.0025,0.0455,-0.0679,0.0083
PGR,THE PROGRESSIVE ,Financials,2026-03-26,202.9,0.0003,-0.015,-0.0504,-0.109
PNC,"THE PNC FINANCIAL SERVICES GROUP, INC.",Financials,2026-03-26,205.46,-0.0024,0.0186,-0.0324,-0.0157
PRU,"PRUDENTIAL FINANCIAL, INC.",Financials,2026-03-26,95.27,0.0001,0.0241,-0.0316,-0.156
PYPL,"PAYPAL HOLDINGS, INC.",Financials,2026-03-26,45.2,0.0078,0.027,-0.0219,-0.2258
RF,REGIONS FINANCIAL ,Financials,2026-03-26,25.51,-0.0097,0.0059,-0.0834,-0.0587
RJF,"RAYMOND JAMES FINANCIAL, INC.",Financials,2026-03-26,144.2,-0.0113,0.0027,-0.058,-0.1021
SCHW,THE CHARLES SCHWAB ,Financials,2026-03-26,94.47,-0.0055,-0.002,-0.0077,-0.0544
SPGI,S&P GLOBAL INC.,Financials,2026-03-26,412.45,0.0097,-0.0282,-0.0666,-0.2108
STT,STATE STREET ,Financials,2026-03-26,125.66,-0.0099,0.0303,-0.023,-0.026
SYF,SYNCHRONY FINANCIAL,Financials,2026-03-26,66.8,-0.0123,0.0092,-0.0334,-0.1993
TFC,TRUIST FINANCIAL ,Financials,2026-03-26,44.97,-0.0093,0.0183,-0.088,-0.0862
TROW,"T. ROWE PRICE GROUP, INC.",Financials,2026-03-26,90.23,0.0073,0.0469,-0.0465,-0.1187
TRV,"THE TRAVELERS COMPANIES, INC.",Financials,2026-03-26,291.13,0.0019,-0.0184,-0.0567,0.0037
USB,U.S. BANCORP,Financials,2026-03-26,51.59,-0.0058,0.0066,-0.0562,-0.0332
V,VISA INC.,Financials,2026-03-26,305.53,0.002,0.013,-0.0456,-0.1288
WFC,WELLS FARGO & COMPANY,Financials,2026-03-26,79.02,-0.0155,0.0183,-0.0298,-0.1521
WRB,W. R. BERKLEY ,Financials,2026-03-26,65.26,0.0119,-0.0073,-0.0898,-0.0693
WTW,WILLIS TOWERS WATSON,Financials,2026-03-26,286.8,-0.0094,-0.0153,-0.0602,-0.1272
XYZ,"BLOCK, INC.",Financials,2026-03-26,59.37,-0.0107,0.0,-0.068,-0.0879
ECH,ISHARES:MSCI CHILE,Foreign,2026-03-26,38.4,-0.0164,0.0089,-0.1172,-0.0495
EDEN,ISHARES:MSCI DENMARK,Foreign,2026-03-26,100.72,0.0006,0.0173,-0.0692,-0.1201
EFNL,ISHARES:MSCI FINLAND,Foreign,2026-03-26,48.24,-0.0169,0.0088,-0.0565,0.0088
EIDO,ISHARES:MSCI INDONESIA,Foreign,2026-03-26,15.61,-0.0238,0.0324,-0.124,-0.1652
EIRL,ISHARES:MSCI IRELAND,Foreign,2026-03-26,67.58,-0.0174,0.0224,-0.1013,-0.0807
EIS,ISHARES:MSCI ISRAEL,Foreign,2026-03-26,118.55,-0.0154,-0.0136,-0.0019,0.0774
ENZL,ISHARES:MSCI NEW ZLND,Foreign,2026-03-26,42.66,-0.0152,-0.0072,-0.1015,-0.0577
EPHE,ISHARES:MSCI PHILIPPINES,Foreign,2026-03-26,24.56,-0.0176,0.0136,-0.12,-0.0144
EPOL,ISHARES:MSCI POLAND,Foreign,2026-03-26,34.95,-0.0152,0.0136,-0.0834,-0.0068
EPU,ISHARES:MSCI PERU,Foreign,2026-03-26,76.71,-0.0286,0.0329,-0.1825,0.0603
EWA,ISHARES:MSCI AUSTRALIA,Foreign,2026-03-26,27.17,-0.0227,-0.0048,-0.097,0.0374
EWC,ISHARES:MSCI CANADA,Foreign,2026-03-26,53.71,-0.0168,0.0094,-0.0736,-0.0041
EWD,ISHARES:MSCI SWEDEN,Foreign,2026-03-26,47.31,-0.0259,0.0111,-0.1354,-0.039
EWG,ISHARES:MSCI GERMANY,Foreign,2026-03-26,38.67,-0.0203,0.0123,-0.1279,-0.0901
EWH,ISHARES:MSCI HONG KONG,Foreign,2026-03-26,22.57,-0.0195,0.0112,-0.0677,0.0621
EWI,ISHARES:MSCI ITALY,Foreign,2026-03-26,51.47,-0.0187,0.0152,-0.1022,-0.0526
EWJ,ISHARES:MSCI JAPAN,Foreign,2026-03-26,82.71,-0.0241,0.0186,-0.1046,0.0244
EWK,ISHARES:MSCI BELGIUM,Foreign,2026-03-26,23.6,-0.0171,0.0159,-0.1114,-0.0288
EWL,ISHARES:MSCI SWITZERLAND,Foreign,2026-03-26,57.3,-0.0155,0.0176,-0.1195,-0.0444
EWM,ISHARES:MSCI MALAYSIA,Foreign,2026-03-26,28.28,-0.0245,-0.0228,-0.0322,0.0336
EWN,ISHARES:MSCI NETHERLANDS,Foreign,2026-03-26,56.85,-0.0284,0.0057,-0.0947,-0.0032
EWO,ISHARES:MSCI AUSTRIA,Foreign,2026-03-26,34.83,-0.0116,0.0332,-0.0808,-0.018
EWP,ISHARES:MSCI SPAIN,Foreign,2026-03-26,52.46,-0.02,0.0161,-0.0835,-0.0269
EWQ,ISHARES:MSCI FRANCE,Foreign,2026-03-26,42.25,-0.0168,0.0137,-0.1174,-0.0609
EWS,ISHARES:MSCI SINGAPORE,Foreign,2026-03-26,27.61,-0.0075,0.0091,-0.0403,0.0036
EWT,ISHARES:MSCI TAIWAN,Foreign,2026-03-26,70.1,-0.0316,0.0052,-0.0736,0.1034
EWU,ISHARES:MSCI UK,Foreign,2026-03-26,44.22,-0.0204,0.0084,-0.0916,0.0055
EWW,ISHARES:MSCI MEXICO,Foreign,2026-03-26,73.29,-0.0249,0.0489,-0.0945,0.0571
EWY,ISHARES:MSCI S KOREA,Foreign,2026-03-26,119.99,-0.0607,-0.046,-0.2073,0.2342
EWZ,ISHARES:MSCI BRAZIL,Foreign,2026-03-26,36.8,-0.0197,0.0496,-0.0498,0.1583
GREK,GLBL X MSCI GREECE,Foreign,2026-03-26,62.4,-0.0189,0.0,-0.1171,-0.0533
INDA,ISHARES:MSCI INDIA,Foreign,2026-03-26,46.61,-0.0171,0.0004,-0.1083,-0.1377
MCHI,ISHARES:MSCI CHINA,Foreign,2026-03-26,55.04,-0.0284,-0.0031,-0.0681,-0.0837
NORW,GLBL X MSCI NORWAY ETF,Foreign,2026-03-26,36.14,-0.0066,-0.0169,0.0103,0.2031
QAT,ISHARES:MSCI QATAR,Foreign,2026-03-26,18.34,-0.0043,0.0027,-0.0576,-0.0255
THD,ISHARES:MSCI THAI,Foreign,2026-03-26,65.61,-0.0253,0.0063,-0.1258,0.0995
TUR,ISHARES:MSCI TURKEY,Foreign,2026-03-26,37.68,-0.0231,-0.0182,-0.0726,0.0947
VNM,VANECK:VIETNAM,Foreign,2026-03-26,16.48,-0.019,0.003,-0.1363,-0.1363
BTC=F,BITCOIN FUTURES,Futures,2026-03-26,68975.0,-0.0332,-0.0168,0.044,-0.2152
ES=F,E-MINI S&P 500 FUTURES,Futures,2026-03-26,6547.75,-0.0117,-0.0062,-0.0495,-0.05
NQ=F,NASDAQ 100 FUTURES,Futures,2026-03-26,23866.75,-0.0179,-0.0145,-0.0455,-0.0625
A,"AGILENT TECHNOLOGIES, INC.",Health Care,2026-03-26,113.48,0.0044,0.0196,-0.0651,-0.166
ABBV,ABBVIE INC.,Health Care,2026-03-26,211.12,0.019,0.0295,-0.0903,-0.076
ABT,ABBOTT LABORATORIES,Health Care,2026-03-26,104.57,-0.0025,-0.0084,-0.1012,-0.1654
ALGN,"ALIGN TECHNOLOGY, INC.",Health Care,2026-03-26,177.33,-0.0163,0.024,-0.0672,0.1356
AMGN,AMGEN INC.,Health Care,2026-03-26,353.16,-0.0022,0.0154,-0.0902,0.079
BAX,BAXTER INTERNATIONAL INC.,Health Care,2026-03-26,16.67,-0.0263,0.0322,-0.1816,-0.1277
BDX,"BECTON, DICKINSON AND COMPANY",Health Care,2026-03-26,157.38,-0.0056,0.0211,-0.1082,0.0315
BIIB,BIOGEN INC.,Health Care,2026-03-26,191.06,0.0099,0.0529,-0.004,0.0856
BMY,BRISTOL-MYERS SQUIBB COMPANY,Health Care,2026-03-26,59.43,0.0083,0.0339,-0.0471,0.1018
BSX,BOSTON SCIENTIFIC ,Health Care,2026-03-26,70.17,0.0056,0.0099,-0.0869,-0.2641
CAH,"CARDINAL HEALTH, INC.",Health Care,2026-03-26,207.7,-0.0171,-0.0006,-0.0939,0.0107
CI,THE CIGNA GROUP,Health Care,2026-03-26,272.08,0.0064,0.0352,-0.0612,-0.0114
CNC,CENTENE ,Health Care,2026-03-26,33.56,0.0254,-0.0244,-0.2522,-0.1844
COO,"THE COOPER COMPANIES, INC.",Health Care,2026-03-26,71.54,0.0013,0.0226,-0.145,-0.1271
COR,"CENCORA, INC.",Health Care,2026-03-26,318.03,-0.0217,-0.0272,-0.1454,-0.0584
CRL,CHARLES RIVER LABORATORIES,Health Care,2026-03-26,165.13,-0.0046,0.0751,-0.0749,-0.1722
CVS,CVS HEALTH ,Health Care,2026-03-26,71.18,-0.0139,-0.0042,-0.1091,-0.1031
DGX,QUEST DIAGNOSTICS INC.,Health Care,2026-03-26,198.15,0.0086,0.0148,-0.0649,0.1419
DHR,DANAHER ,Health Care,2026-03-26,188.05,0.0048,-0.0069,-0.1072,-0.1785
DVA,DAVITA INC.,Health Care,2026-03-26,156.76,0.0106,0.0499,0.0029,0.3798
DXCM,"DEXCOM, INC.",Health Care,2026-03-26,66.09,-0.0112,-0.0128,-0.1,-0.0042
ELV,"ELEVANCE HEALTH, INC.",Health Care,2026-03-26,294.25,-0.0062,0.0095,-0.0805,-0.1606
EW,EDWARDS LIFESCIENCES ,Health Care,2026-03-26,82.1,-0.0069,-0.0048,-0.0505,-0.037
GEHC,GE HEALTHCARE TECHNOLOGIES INC.,Health Care,2026-03-26,71.54,-0.0091,0.0271,-0.1511,-0.1278
GILD,"GILEAD SCIENCES, INC.",Health Care,2026-03-26,136.88,-0.01,-0.0024,-0.081,0.1152
HCA,"HCA HEALTHCARE, INC.",Health Care,2026-03-26,480.32,-0.0076,-0.0275,-0.0932,0.0288
HOLX,"HOLOGIC, INC.",Health Care,2026-03-26,75.69,0.0023,0.0037,0.0044,0.0161
HSIC,"HENRY SCHEIN, INC.",Health Care,2026-03-26,73.71,-0.0073,0.0196,-0.1054,-0.0247
HUM,HUMANA INC.,Health Care,2026-03-26,175.14,0.0052,0.0308,-0.0808,-0.3162
IDXX,"IDEXX LABORATORIES, INC.",Health Care,2026-03-26,573.29,-0.0042,-0.0069,-0.1271,-0.1526
INCY,INCYTE ,Health Care,2026-03-26,92.26,0.0003,0.0163,-0.089,-0.0659
IQV,IQVIA HOLDINGS INC,Health Care,2026-03-26,169.4,0.0227,0.0201,-0.0526,-0.2485
ISRG,"INTUITIVE SURGICAL, INC.",Health Care,2026-03-26,468.55,-0.003,-0.0197,-0.0694,-0.1727
JNJ,JOHNSON & JOHNSON,Health Care,2026-03-26,239.24,-0.0029,0.0164,-0.037,0.156
LH,LABORATORY  OF AMERICA HOLDINGS,Health Care,2026-03-26,268.38,0.0089,0.0205,-0.0717,0.0698
LLY,ELI LILLY AND COMPANY,Health Care,2026-03-26,897.0,-0.0211,-0.0107,-0.1473,-0.1653
MCK,MCKESSON ,Health Care,2026-03-26,863.56,-0.0184,-0.0252,-0.1254,0.0527
MDT,MEDTRONIC PUBLIC LIMITED COMPANY,Health Care,2026-03-26,87.67,-0.0025,0.0175,-0.1023,-0.0873
MOH,"MOLINA HEALTHCARE, INC.",Health Care,2026-03-26,138.8,-0.0074,-0.0044,-0.099,-0.2002
MRK,"MERCK & CO., INC.",Health Care,2026-03-26,118.93,-0.0037,0.0416,-0.0395,0.1299
MRNA,"MODERNA, INC.",Health Care,2026-03-26,53.57,0.0006,0.0426,0.0,0.8165
MTD,METTLER-TOLEDO INTERNATIONAL INC.,Health Care,2026-03-26,1270.0,0.0034,0.0544,-0.0707,-0.0891
PFE,PFIZER INC.,Health Care,2026-03-26,27.57,0.0106,0.0222,-0.0029,0.1072
PODD,INSULET ,Health Care,2026-03-26,218.11,0.0098,-0.0396,-0.1156,-0.2327
REGN,"REGENERON PHARMACEUTICALS, INC.",Health Care,2026-03-26,756.73,0.0097,0.0326,-0.0319,-0.0196
RMD,RESMED INC.,Health Care,2026-03-26,222.5,-0.0168,-0.0154,-0.1317,-0.0763
RVTY,"REVVITY, INC.",Health Care,2026-03-26,87.12,-0.0082,0.0137,-0.1138,-0.0995
SOLV,SOLVENTUM ,Health Care,2026-03-26,64.71,0.0011,-0.0163,-0.1279,-0.1834
STE,STERIS PUBLIC LIMITED COMPANY,Health Care,2026-03-26,223.43,0.0002,0.0155,-0.1146,-0.1187
SYK,STRYKER ,Health Care,2026-03-26,332.68,0.0154,-0.0089,-0.1414,-0.0535
TECH,BIO-TECHNE ,Health Care,2026-03-26,52.7,0.0002,0.0237,-0.1068,-0.1039
TMO,THERMO FISHER SCIENTIFIC INC.,Health Care,2026-03-26,488.85,-0.0039,0.0305,-0.0619,-0.1564
UHS,"UNIVERSAL HEALTH SERVICES, INC.",Health Care,2026-03-26,185.09,-0.0087,-0.0039,-0.1019,-0.151
UNH,UNITEDHEALTH GROUP INC.,Health Care,2026-03-26,268.05,-0.0092,-0.0274,-0.086,-0.188
VRTX,VERTEX PHARMACEUTICALS INC.,Health Care,2026-03-26,453.74,-0.0027,-0.0006,-0.0867,0.0008
VTRS,VIATRIS INC.,Health Care,2026-03-26,13.37,-0.0096,0.0129,-0.1045,0.0739
WAT,WATERS ,Health Care,2026-03-26,300.56,-0.0058,0.0053,-0.0589,-0.2087
WST,"WEST PHARMACEUTICAL SERVICES, INC.",Health Care,2026-03-26,248.12,0.0045,0.0468,-0.0245,-0.0982
ZBH,"ZIMMER BIOMET HOLDINGS, INC.",Health Care,2026-03-26,89.15,0.0172,0.0146,-0.0944,-0.0086
ZTS,ZOETIS INC.,Health Care,2026-03-26,116.63,-0.0007,0.0083,-0.1104,-0.073
DJI,DOW JONES INDUSTRIAL AVG INDEX,Indices,2026-03-26,45960.11,-0.0101,0.0084,-0.0616,-0.0438
DXY,US DOLLAR INDEX,Indices,2026-03-26,99.86,0.0023,0.0036,0.0231,0.0161
NDX,NASDAQ 100 INDEX,Indices,2026-03-26,23586.99,-0.0238,-0.013,-0.055,-0.0659
RUT,RUSSELL 2000 INDEX,Indices,2026-03-26,2493.32,-0.017,0.0225,-0.0528,0.0046
SPX,S&P 500 INDEX,Indices,2026-03-26,6477.16,-0.0174,-0.0045,-0.0584,-0.0538
ADP,"AUTOMATIC DATA PROCESSING, INC.",Industrials,2026-03-26,204.51,0.0119,-0.02,-0.046,-0.205
ALLE,ALLEGION PUBLIC LIMITED COMPANY,Industrials,2026-03-26,145.79,-0.0115,0.0232,-0.0953,-0.0843
AME,"AMETEK, INC.",Industrials,2026-03-26,211.47,-0.0179,0.01,-0.116,0.03
AOS,A. O. SMITH ,Industrials,2026-03-26,65.61,-0.0193,0.0237,-0.1588,-0.019
AXON,"AXON ENTERPRISE, INC.",Industrials,2026-03-26,450.46,-0.0211,-0.0923,-0.1695,-0.2068
BA,THE BOEING COMPANY,Industrials,2026-03-26,194.36,-0.0263,-0.0039,-0.1458,-0.1048
BLDR,"BUILDERS FIRSTSOURCE, INC.",Industrials,2026-03-26,82.17,-0.0379,0.0117,-0.2121,-0.2014
BR,"BROADRIDGE FINANCIAL SOLUTIONS, INC.",Industrials,2026-03-26,159.83,-0.0216,-0.0833,-0.1401,-0.2838
CARR,CARRIER GLOBAL ,Industrials,2026-03-26,54.67,-0.0773,-0.0586,-0.1511,0.0346
CAT,CATERPILLAR INC.,Industrials,2026-03-26,703.19,-0.022,0.0328,-0.0534,0.2275
CHRW,"C.H. ROBINSON WORLDWIDE, INC.",Industrials,2026-03-26,167.66,-0.0123,-0.0072,-0.095,0.0429
CMI,CUMMINS INC.,Industrials,2026-03-26,530.0,-0.0422,-0.0066,-0.0923,0.0383
CPRT,"COPART, INC.",Industrials,2026-03-26,33.03,-0.0015,0.0052,-0.1328,-0.1563
CSX,CSX ,Industrials,2026-03-26,39.55,-0.0005,0.0362,-0.0736,0.091
CTAS,CINTAS ,Industrials,2026-03-26,168.85,-0.0452,-0.0585,-0.1605,-0.1022
DAL,"DELTA AIR LINES, INC.",Industrials,2026-03-26,66.86,-0.0166,0.0539,0.0177,-0.0366
DE,DEERE & COMPANY,Industrials,2026-03-26,581.19,0.0055,0.0383,-0.0771,0.2483
DOV,DOVER ,Industrials,2026-03-26,209.21,-0.0277,-0.0008,-0.0722,0.0716
EFX,EQUIFAX INC.,Industrials,2026-03-26,174.51,0.0114,-0.0197,-0.1649,-0.1957
EME,"EMCOR GROUP, INC.",Industrials,2026-03-26,726.31,-0.0503,0.0019,0.0023,0.1872
EMR,EMERSON ELECTRIC CO.,Industrials,2026-03-26,126.31,-0.0348,-0.0144,-0.1621,-0.0483
ETN,EATON  PUBLIC LIMITED COMPANY,Industrials,2026-03-26,357.1,-0.0477,0.0008,-0.0501,0.1212
EXPD,EXPEDITORS INTERNATIONAL OF WASHINGTON,Industrials,2026-03-26,142.66,-0.0036,-0.0252,-0.0163,-0.0426
FAST,FASTENAL COMPANY,Industrials,2026-03-26,45.11,-0.0057,0.0309,-0.0202,0.1241
FDX,FEDEX ,Industrials,2026-03-26,349.55,-0.0223,-0.0259,-0.0968,0.2101
FIX,"COMFORT SYSTEMS USA, INC.",Industrials,2026-03-26,1358.66,-0.0761,0.0014,-0.0495,0.4558
FTV,FORTIVE ,Industrials,2026-03-26,54.81,0.0005,-0.0074,-0.0742,-0.0072
GD,GENERAL DYNAMICS ,Industrials,2026-03-26,355.28,0.0079,0.0275,-0.005,0.0553
GE,GENERAL ELECTRIC COMPANY,Industrials,2026-03-26,285.24,-0.0382,-0.0054,-0.1666,-0.074
GEV,GE VERNOVA INC.,Industrials,2026-03-26,873.12,-0.0547,0.0259,-0.0005,0.3359
GNRC,GENERAC HOLDINGS INC.,Industrials,2026-03-26,198.0,-0.0349,-0.0066,-0.1214,0.4519
GWW,"W.W. GRAINGER, INC.",Industrials,2026-03-26,1065.48,-0.0097,0.0226,-0.0692,0.0559
HII,"HUNTINGTON INGALLS INDUSTRIES, INC.",Industrials,2026-03-26,384.79,-0.0441,-0.0568,-0.1344,0.1315
HON,HONEYWELL INTERNATIONAL INC.,Industrials,2026-03-26,225.17,-0.0027,0.0166,-0.0756,0.1542
HUBB,HUBBELL INC.,Industrials,2026-03-26,481.67,-0.0428,0.0125,-0.0586,0.0846
HWM,HOWMET AEROSPACE INC.,Industrials,2026-03-26,230.51,-0.046,-0.003,-0.122,0.1243
IEX,IDEX ,Industrials,2026-03-26,189.73,-0.0099,0.0305,-0.0942,0.0663
IR,INGERSOLL RAND INC.,Industrials,2026-03-26,81.39,-0.027,0.0,-0.1354,0.0274
ITW,ILLINOIS TOOL WORKS INC.,Industrials,2026-03-26,261.37,-0.0191,0.0143,-0.1007,0.0612
J,JACOBS SOLUTIONS INC.,Industrials,2026-03-26,129.52,-0.0035,0.0084,-0.0605,-0.0222
JBHT,"J. B. HUNT TRANSPORT SERVICES, INC.",Industrials,2026-03-26,206.18,-0.014,0.0313,-0.1167,0.0609
JCI,JOHNSON CONTROLS INTERNATIONAL PLC,Industrials,2026-03-26,131.57,-0.043,0.0144,-0.0882,0.0987
LDOS,"LEIDOS HOLDINGS, INC.",Industrials,2026-03-26,157.58,-0.0082,-0.05,-0.1001,-0.1265
LHX,"L3HARRIS TECHNOLOGIES, INC.",Industrials,2026-03-26,349.34,-0.0076,-0.0099,-0.0417,0.19
LII,LENNOX INTERNATIONAL INC.,Industrials,2026-03-26,438.3,-0.0901,-0.0632,-0.231,-0.0974
LMT,LOCKHEED MARTIN ,Industrials,2026-03-26,627.33,0.005,-0.0002,-0.0467,0.297
LUV,SOUTHWEST AIRLINES CO.,Industrials,2026-03-26,39.53,-0.0164,0.003,-0.1975,-0.0436
MAS,MASCO ,Industrials,2026-03-26,60.19,-0.0216,0.0229,-0.1596,-0.0515
MMM,3M COMPANY,Industrials,2026-03-26,143.99,-0.0274,0.0198,-0.129,-0.1006
NDSN,NORDSON ,Industrials,2026-03-26,264.96,-0.0217,0.0085,-0.0971,0.102
NOC,NORTHROP GRUMMAN ,Industrials,2026-03-26,691.99,0.0011,-0.0212,-0.0447,0.2136
NSC,NORFOLK SOUTHERN ,Industrials,2026-03-26,283.28,0.0024,0.0078,-0.1,-0.0188
ODFL,"OLD DOMINION FREIGHT LINE, INC.",Industrials,2026-03-26,187.93,-0.0059,0.0218,-0.0745,0.1985
OTIS,OTIS WORLDWIDE ,Industrials,2026-03-26,77.44,-0.016,-0.0264,-0.1634,-0.1135
PAYC,"PAYCOM SOFTWARE, INC.",Industrials,2026-03-26,123.03,0.0268,-0.0143,-0.0223,-0.228
PAYX,"PAYCHEX, INC.",Industrials,2026-03-26,93.59,0.0025,0.0112,-0.0006,-0.1657
PCAR,PACCAR INC,Industrials,2026-03-26,115.33,-0.0087,0.0366,-0.0853,0.0531
PH,PARKER-HANNIFIN ,Industrials,2026-03-26,901.46,-0.0218,0.0079,-0.1067,0.0256
PNR,PENTAIR PUBLIC LIMITED COMPANY,Industrials,2026-03-26,85.93,-0.0192,-0.0065,-0.1337,-0.1749
PWR,"QUANTA SERVICES, INC.",Industrials,2026-03-26,545.64,-0.0486,-0.0176,-0.031,0.2928
ROK,"ROCKWELL AUTOMATION, INC.",Industrials,2026-03-26,354.82,-0.0162,-0.0008,-0.1292,-0.088
ROL,"ROLLINS, INC.",Industrials,2026-03-26,52.81,-0.0125,-0.0084,-0.1327,-0.1201
RSG,"REPUBLIC SERVICES, INC.",Industrials,2026-03-26,217.27,0.008,-0.0093,-0.0512,0.0252
RTX,RTX ,Industrials,2026-03-26,192.85,-0.011,-0.0268,-0.0482,0.0515
SNA,SNAP-ON INC.,Industrials,2026-03-26,362.0,-0.0153,0.0143,-0.0603,0.0505
SWK,"STANLEY BLACK & DECKER, INC.",Industrials,2026-03-26,70.81,-0.0145,0.0525,-0.1813,-0.0467
TDG,TRANSDIGM GROUP INC.,Industrials,2026-03-26,1151.94,-0.0039,-0.0216,-0.1158,-0.1338
TT,TRANE TECHNOLOGIES PLC,Industrials,2026-03-26,407.13,-0.0619,-0.0079,-0.1194,0.0461
TXT,TEXTRON INC.,Industrials,2026-03-26,88.89,-0.0201,0.0014,-0.0989,0.0197
UAL,"UNITED AIRLINES HOLDINGS, INC.",Industrials,2026-03-26,92.69,-0.0028,0.0305,-0.128,-0.1711
UBER,"UBER TECHNOLOGIES, INC.",Industrials,2026-03-26,70.55,-0.0346,-0.0452,-0.0646,-0.1366
UNP,UNION PACIFIC ,Industrials,2026-03-26,239.19,-0.0089,0.0182,-0.0973,0.034
UPS,"UNITED PARCEL SERVICE, INC.",Industrials,2026-03-26,97.5,-0.0088,0.0171,-0.1592,-0.017
URI,"UNITED RENTALS, INC.",Industrials,2026-03-26,742.22,-0.0072,0.0447,-0.1164,-0.0829
VLTO,VERALTO ,Industrials,2026-03-26,86.39,-0.0083,-0.0253,-0.1133,-0.1342
VRSK,"VERISK ANALYTICS, INC.",Industrials,2026-03-26,185.75,0.0038,-0.0793,-0.1051,-0.1696
WAB,WESTINGHOUSE AIR BRAKE TECHNOLOGIES ,Industrials,2026-03-26,245.54,-0.0112,0.0402,-0.0697,0.1503
WM,"WASTE MANAGEMENT, INC.",Industrials,2026-03-26,226.51,0.0074,-0.0205,-0.0595,0.0309
XYL,XYLEM INC.,Industrials,2026-03-26,119.49,-0.0186,-0.0079,-0.0777,-0.1226
AAPL,APPLE INC.,Information Technology,2026-03-26,252.89,0.0011,0.0198,-0.0427,-0.0698
ACN,ACCENTURE PUBLIC LIMITED COMPANY,Information Technology,2026-03-26,196.42,0.0215,-0.0179,-0.0589,-0.2679
ADBE,ADOBE INC.,Information Technology,2026-03-26,240.88,0.0153,-0.0293,-0.082,-0.3118
ADI,"ANALOG DEVICES, INC.",Information Technology,2026-03-26,313.42,-0.0267,0.0129,-0.1191,0.1557
ADSK,"AUTODESK, INC.",Information Technology,2026-03-26,239.83,0.0187,-0.0329,-0.0246,-0.1898
AKAM,"AKAMAI TECHNOLOGIES, INC.",Information Technology,2026-03-26,117.25,-0.0159,0.0613,0.1917,0.3438
AMAT,"APPLIED MATERIALS, INC.",Information Technology,2026-03-26,338.55,-0.0834,-0.0518,-0.0907,0.3174
AMD,"ADVANCED MICRO DEVICES, INC.",Information Technology,2026-03-26,203.77,-0.0749,0.0121,0.0178,-0.0485
ANET,"ARISTA NETWORKS, INC.",Information Technology,2026-03-26,122.55,-0.0923,-0.0661,-0.082,-0.0647
APH,AMPHENOL ,Information Technology,2026-03-26,123.13,-0.0435,-0.0285,-0.157,-0.0889
APP,APPLOVIN CORP,Information Technology,2026-03-26,391.21,-0.1041,-0.1157,-0.1002,-0.4194
AVGO,BROADCOM INC.,Information Technology,2026-03-26,309.42,-0.0295,-0.0035,-0.0317,-0.106
CDNS,"CADENCE DESIGN SYSTEMS, INC.",Information Technology,2026-03-26,280.62,-0.0027,-0.0116,-0.0689,-0.1022
CDW,CDW ,Information Technology,2026-03-26,121.18,-0.001,0.0076,-0.0119,-0.1103
CIEN,CIENA CORPORATION,Information Technology,2026-03-26,387.99,-0.1136,0.0107,0.1127,0.659
CRM,"SALESFORCE, INC.",Information Technology,2026-03-26,185.64,0.0202,-0.0499,-0.047,-0.2992
CRWD,"CROWDSTRIKE HOLDINGS, INC.",Information Technology,2026-03-26,392.62,0.0175,-0.04,0.0555,-0.1624
CSCO,"CISCO SYSTEMS, INC.",Information Technology,2026-03-26,82.16,0.004,0.0581,0.034,0.0666
CTSH,COGNIZANT TECHNOLOGY SOLUTIONS ,Information Technology,2026-03-26,60.76,0.0162,-0.0211,-0.057,-0.268
DDOG,"DATADOG, INC.",Information Technology,2026-03-26,124.3,0.0082,-0.0062,0.1102,-0.086
DELL,DELL TECHNOLOGIES INC.,Information Technology,2026-03-26,175.82,-0.0445,0.1151,0.1873,0.3967
EPAM,"EPAM SYSTEMS, INC.",Information Technology,2026-03-26,136.15,0.0217,-0.0093,-0.0344,-0.3355
FFIV,"F5, INC.",Information Technology,2026-03-26,293.15,-0.0158,0.0312,0.0803,0.1484
FICO,FAIR ISAAC ,Information Technology,2026-03-26,1039.84,-0.0031,-0.0778,-0.2622,-0.3849
FSLR,"FIRST SOLAR, INC.",Information Technology,2026-03-26,185.83,-0.0397,-0.0363,-0.0577,-0.2886
FTNT,"FORTINET, INC.",Information Technology,2026-03-26,81.03,0.0271,-0.0045,0.0253,0.0204
GDDY,GODADDY INC.,Information Technology,2026-03-26,81.73,0.0018,-0.0372,-0.0623,-0.3413
GEN,GEN DIGITAL INC.,Information Technology,2026-03-26,18.97,-0.0257,-0.0954,-0.1595,-0.3023
GLW,CORNING INC.,Information Technology,2026-03-26,135.32,-0.0754,0.0862,-0.1001,0.5455
HPE,HEWLETT PACKARD ENTERPRISE COMPANY,Information Technology,2026-03-26,25.07,-0.0275,0.1558,0.1677,0.0437
HPQ,HP INC.,Information Technology,2026-03-26,19.32,-0.0072,0.0575,0.0174,-0.1329
IBM,INTERNATIONAL BUSINESS MACHINES ,Information Technology,2026-03-26,241.67,0.0012,-0.0004,0.0061,-0.1841
INTC,INTEL ,Information Technology,2026-03-26,44.1,-0.0653,0.0052,-0.0331,0.1951
INTU,INTUIT INC.,Information Technology,2026-03-26,432.55,0.0133,-0.0505,0.0575,-0.347
IT,"GARTNER, INC.",Information Technology,2026-03-26,156.6,0.0424,-0.0298,-0.0038,-0.3793
JBL,JABIL INC.,Information Technology,2026-03-26,264.15,-0.0674,0.0415,-0.0032,0.1585
KEYS,"KEYSIGHT TECHNOLOGIES, INC.",Information Technology,2026-03-26,281.07,-0.0411,0.0128,-0.0854,0.3833
KLAC,KLA ,Information Technology,2026-03-26,1451.13,-0.06,-0.0317,-0.0482,0.1943
LRCX,LAM RESEARCH ,Information Technology,2026-03-26,211.62,-0.0935,-0.0733,-0.0952,0.2362
MCHP,MICROCHIP TECHNOLOGY INC.,Information Technology,2026-03-26,64.2,-0.0147,0.0195,-0.1399,0.0075
MPWR,"MONOLITHIC POWER SYSTEMS, INC.",Information Technology,2026-03-26,1058.28,-0.054,-0.0099,-0.0739,0.1676
MSFT,MICROSOFT ,Information Technology,2026-03-26,365.97,-0.0137,-0.0416,-0.0682,-0.2433
MSI,"MOTOROLA SOLUTIONS, INC.",Information Technology,2026-03-26,450.01,-0.0022,-0.0052,-0.0669,0.174
MU,"MICRON TECHNOLOGY, INC.",Information Technology,2026-03-26,355.46,-0.0697,-0.1595,-0.138,0.2454
NOW,"SERVICENOW, INC.",Information Technology,2026-03-26,103.64,0.0056,-0.0611,-0.0405,-0.3235
NTAP,"NETAPP, INC.",Information Technology,2026-03-26,104.45,-0.01,0.033,0.0547,-0.0247
NVDA,NVIDIA ,Information Technology,2026-03-26,171.24,-0.0416,-0.0085,-0.0336,-0.0818
NXPI,NXP SEMICONDUCTORS NV,Information Technology,2026-03-26,196.92,-0.0035,0.029,-0.1325,-0.0928
ON,ON SEMICONDUCTOR ,Information Technology,2026-03-26,60.87,-0.0353,0.0272,-0.0844,0.1241
ORCL,ORACLE ,Information Technology,2026-03-26,142.81,-0.022,-0.0459,-0.0178,-0.2673
PANW,"PALO ALTO NETWORKS, INC.",Information Technology,2026-03-26,156.36,0.0205,-0.0404,0.05,-0.1511
PLTR,PALANTIR TECHNOLOGIES INC.,Information Technology,2026-03-26,147.56,-0.0478,-0.0207,0.0756,-0.1698
PTC,PTC INC.,Information Technology,2026-03-26,144.01,0.0031,-0.0387,-0.0803,-0.1734
Q,"QNITY ELECTRONICS, INC.",Information Technology,2026-03-26,112.78,-0.0622,0.0482,-0.1103,0.3813
QCOM,QUALCOMM INC.,Information Technology,2026-03-26,130.54,0.0015,0.0049,-0.083,-0.2368
ROP,"ROPER TECHNOLOGIES, INC.",Information Technology,2026-03-26,351.07,0.0125,-0.0074,0.0038,-0.2113
SMCI,"SUPER MICRO COMPUTER, INC.",Information Technology,2026-03-26,22.21,-0.0765,0.0818,-0.3143,-0.2412
SNDK,SANDISK CORPORATION,Information Technology,2026-03-26,603.17,-0.1102,-0.1501,-0.0507,1.5409
SNPS,"SYNOPSYS, INC.",Information Technology,2026-03-26,401.95,-0.0199,-0.0437,-0.0291,-0.1443
STX,SEAGATE TECHNOLOGY HOLDINGS,Information Technology,2026-03-26,378.79,-0.0833,-0.0789,-0.0712,0.3755
SWKS,"SKYWORKS SOLUTIONS, INC.",Information Technology,2026-03-26,56.66,0.0084,0.0408,-0.049,-0.1065
TDY,TELEDYNE TECHNOLOGIES INC.,Information Technology,2026-03-26,611.08,-0.0229,-0.0083,-0.1028,0.1965
TEL,TE CONNECTIVITY LTD,Information Technology,2026-03-26,203.2,-0.0325,0.0376,-0.1171,-0.1069
TER,"TERADYNE, INC.",Information Technology,2026-03-26,297.34,-0.0805,0.0224,-0.0709,0.5362
TRMB,TRIMBLE INC.,Information Technology,2026-03-26,65.45,-0.0064,-0.004,-0.0212,-0.1646
TXN,TEXAS INSTRUMENTS INC.,Information Technology,2026-03-26,193.41,-0.0171,0.0332,-0.0882,0.1148
TYL,"TYLER TECHNOLOGIES, INC.",Information Technology,2026-03-26,341.07,0.029,-0.0261,-0.0384,-0.2487
VRSN,"VERISIGN, INC.",Information Technology,2026-03-26,250.8,-0.0036,0.0416,0.1003,0.0323
WDAY,"WORKDAY, INC.",Information Technology,2026-03-26,127.97,0.0071,-0.0588,-0.0433,-0.4042
WDC,WESTERN DIGITAL ,Information Technology,2026-03-26,273.35,-0.077,-0.0674,-0.0227,0.5868
ZBRA,ZEBRA TECHNOLOGIES ,Information Technology,2026-03-26,204.42,-0.0193,0.0039,-0.0872,-0.1581
ASC,ARDMORE SHIPPING ,MR Discretion,2026-03-26,15.22,-0.0046,0.0389,-0.0708,0.4372
BTI,BRITISH AMERICAN TOBACCO P.L.C.,MR Discretion,2026-03-26,58.26,-0.0033,0.0155,-0.0701,0.029
BTU,PEABODY ENERGY ,MR Discretion,2026-03-26,37.43,-0.0066,0.0032,0.1867,0.2603
CALM,"CAL-MAINE FOODS, INC.",MR Discretion,2026-03-26,78.7,0.0076,0.0045,-0.0965,-0.0109
CCJ,CAMECO ,MR Discretion,2026-03-26,104.67,-0.0399,0.0307,-0.116,0.1441
CMBT,CMB.TECH NV,MR Discretion,2026-03-26,12.69,-0.0024,0.0385,-0.1431,0.315
CMRE,COSTAMARE INC.,MR Discretion,2026-03-26,16.86,-0.0111,0.0054,-0.0404,0.0678
CNR,"CORE NATURAL RESOURCES, INC.",MR Discretion,2026-03-26,108.67,-0.0172,0.014,0.324,0.2278
CRESY,CRESUD INC.,MR Discretion,2026-03-26,12.14,-0.0396,0.0253,0.0668,-0.0388
DHT,"DHT HOLDINGS, INC.",MR Discretion,2026-03-26,17.82,0.0023,0.0318,-0.0857,0.4595
EC,ECOPETROL SA,MR Discretion,2026-03-26,14.8,-0.0067,-0.002,0.2447,0.477
FRO,FRONTLINE PLC,MR Discretion,2026-03-26,33.57,-0.0053,0.0435,-0.1154,0.5385
FTI,TECHNIPFMC PLC,MR Discretion,2026-03-26,70.33,-0.0062,0.0777,0.0606,0.5783
GEOS,GEOSPACE TECHNOLOGIES ,MR Discretion,2026-03-26,12.23,0.0543,0.1272,0.3337,-0.2768
GGB,GERDAU SA,MR Discretion,2026-03-26,3.47,-0.0086,0.0644,-0.1411,-0.0596
GLATF,GLOBAL ATOMIC ,MR Discretion,2026-03-26,0.56,-0.0345,0.0182,-0.1111,0.037
GNK,GENCO SHIPPING & TRADING LIMITED,MR Discretion,2026-03-26,22.66,-0.0026,0.0491,-0.0578,0.2295
HLX,"HELIX ENERGY SOLUTIONS GROUP, INC.",MR Discretion,2026-03-26,10.08,0.0161,0.0511,0.0968,0.6077
ICL,ICL GROUP LTD,MR Discretion,2026-03-26,5.18,0.0058,0.0507,0.0792,-0.0928
MP,MP MATERIALS CORP,MR Discretion,2026-03-26,51.7,-0.038,0.0217,-0.1218,0.0234
NOV,NOV INC.,MR Discretion,2026-03-26,19.92,0.0153,0.0664,-0.0168,0.2745
PAM,PAMPA ENERGIA SA,MR Discretion,2026-03-26,84.22,-0.019,0.0014,0.0828,-0.0485
PBR,BRAZILIAN PETROLEUM  - PETROBRAS,MR Discretion,2026-03-26,20.33,0.0257,0.0814,0.2225,0.7156
RIG,TRANSOCEAN LTD,MR Discretion,2026-03-26,6.89,0.0177,0.1077,0.0633,0.6683
ROKU,"ROKU, INC.",MR Discretion,2026-03-26,89.03,-0.0634,-0.0455,-0.0953,-0.1794
SBLK,STAR BULK CARRIERS CORP.,MR Discretion,2026-03-26,22.5,-0.0157,0.0076,-0.1442,0.1707
SD,"SANDRIDGE ENERGY, INC.",MR Discretion,2026-03-26,16.88,0.0012,0.0042,-0.0371,0.1698
SM,SM ENERGY COMPANY,MR Discretion,2026-03-26,32.68,0.0375,0.0879,0.4129,0.7476
STLA,STELLANTIS NV,MR Discretion,2026-03-26,6.75,-0.0189,0.0664,-0.1656,-0.3802
STNG,SCORPIO TANKERS INC.,MR Discretion,2026-03-26,73.91,0.021,0.0872,-0.0654,0.4541
TDW,TIDEWATER INC.,MR Discretion,2026-03-26,80.8,0.0383,0.1148,0.0174,0.5997
TECK,TECK RESOURCES LIMITED,MR Discretion,2026-03-26,48.57,-0.0355,0.0708,-0.1752,0.0142
TS,TENARIS SA,MR Discretion,2026-03-26,58.33,0.0201,0.045,0.0722,0.517
URNM,SPROTT URANIUM MINERS,MR Discretion,2026-03-26,59.24,-0.0549,0.0191,-0.1765,0.0792
VAL,VALARIS LIMITED,MR Discretion,2026-03-26,101.94,0.0168,0.1018,0.0635,1.0226
XES,SPDR S&P OIL&GAS E&S,MR Discretion,2026-03-26,119.05,0.0081,0.0501,0.0531,0.4524
XOP,SPDR S&P OIL&GAS EXP,MR Discretion,2026-03-26,185.32,0.0204,0.0463,0.2056,0.4678
ALB,ALBEMARLE ,Materials,2026-03-26,174.5,-0.038,0.1136,-0.0233,0.2337
AMCR,AMCOR PLC,Materials,2026-03-26,39.87,-0.0168,0.0415,-0.1767,-0.0439
APD,"AIR PRODUCTS AND CHEMICALS, INC.",Materials,2026-03-26,293.17,0.0106,0.0433,0.0635,0.1868
AVY,AVERY DENNISON ,Materials,2026-03-26,168.52,-0.0124,0.0457,-0.1417,-0.0735
BALL,BALL ,Materials,2026-03-26,59.64,-0.0183,0.0452,-0.1116,0.1259
CF,"CF INDUSTRIES HOLDINGS, INC.",Materials,2026-03-26,132.56,0.0347,0.0613,0.3317,0.714
CRH,CRH PUBLIC LIMITED COMPANY,Materials,2026-03-26,103.2,-0.0269,0.0272,-0.1399,-0.1731
CTVA,"CORTEVA, INC.",Materials,2026-03-26,82.73,0.0085,0.0698,0.0326,0.2342
DD,"DUPONT DE NEMOURS, INC.",Materials,2026-03-26,46.02,-0.0067,0.0844,-0.0803,0.1448
DOW,DOW INC.,Materials,2026-03-26,39.47,-0.0038,0.0769,0.2844,0.6882
ECL,ECOLAB INC.,Materials,2026-03-26,264.25,-0.016,0.0303,-0.143,0.0066
FCX,FREEPORT-MCMORAN INC.,Materials,2026-03-26,55.83,-0.0221,0.0718,-0.1799,0.0992
IFF,INTERNATIONAL FLAVORS & FRAGRANCES INC.,Materials,2026-03-26,71.15,0.0062,0.068,-0.1347,0.0558
IP,INTERNATIONAL PAPER COMPANY,Materials,2026-03-26,36.15,-0.0088,0.0708,-0.1699,-0.0823
LIN,LINDE PUBLIC LIMITED COMPANY,Materials,2026-03-26,495.49,0.0064,0.015,-0.0248,0.1621
LYB,LYONDELLBASELL INDUSTRIES NV,Materials,2026-03-26,77.72,0.0069,0.06,0.3512,0.7949
MLM,"MARTIN MARIETTA MATERIALS, INC.",Materials,2026-03-26,580.11,-0.0158,0.0346,-0.1426,-0.0683
MOS,THE MOSAIC COMPANY,Materials,2026-03-26,25.0,-0.0454,0.0598,-0.102,0.0378
NEM,NEWMONT ,Materials,2026-03-26,99.36,-0.0213,0.0372,-0.2357,-0.0049
NUE,NUCOR ,Materials,2026-03-26,166.01,0.0051,0.0469,-0.0615,0.0178
PKG,PACKAGING  OF AMERICA,Materials,2026-03-26,212.6,-0.0036,0.0487,-0.0842,0.0309
PPG,"PPG INDUSTRIES, INC.",Materials,2026-03-26,105.31,-0.0129,0.0832,-0.1457,0.0278
SHW,THE SHERWIN-WILLIAMS COMPANY,Materials,2026-03-26,319.55,-0.0075,0.0528,-0.1187,-0.0138
STLD,"STEEL DYNAMICS, INC.",Materials,2026-03-26,174.42,0.0055,0.0639,-0.0969,0.0293
SW,SMURFIT WESTROCK PUBLIC LIMITED COMPANY,Materials,2026-03-26,40.44,-0.0057,0.1168,-0.1398,0.0458
VMC,VULCAN MATERIALS COMPANY,Materials,2026-03-26,266.54,-0.0111,0.0315,-0.1402,-0.0655
AMT,AMERICAN TOWER ,Real Estate,2026-03-26,168.92,0.0099,-0.0445,-0.1196,-0.0379
ARE,"ALEXANDRIA REAL ESTATE EQUITIES, INC.",Real Estate,2026-03-26,48.01,0.0154,0.0131,-0.1116,-0.019
AVB,"AVALONBAY COMMUNITIES, INC.",Real Estate,2026-03-26,163.41,-0.0015,0.0126,-0.078,-0.0987
BXP,"BOSTON PROPERTIES, INC.",Real Estate,2026-03-26,53.16,0.0061,0.0207,-0.0768,-0.2122
CBRE,"CBRE GROUP, INC.",Real Estate,2026-03-26,134.81,0.0004,0.0214,-0.087,-0.1616
CCI,CROWN CASTLE INC.,Real Estate,2026-03-26,77.97,0.0131,-0.0533,-0.1292,-0.1227
CPT,CAMDEN PROPERTY TRUST,Real Estate,2026-03-26,97.67,0.0034,0.0032,-0.0985,-0.1127
CSGP,"COSTAR GROUP, INC.",Real Estate,2026-03-26,41.3,-0.0027,-0.0373,-0.0746,-0.3858
DLR,"DIGITAL REALTY TRUST, INC.",Real Estate,2026-03-26,174.75,-0.0095,0.0084,-0.0138,0.1295
DOC,"HEALTHDOC PROPERTIES, INC.",Real Estate,2026-03-26,16.79,-0.0012,-0.0152,-0.0503,0.0442
EQIX,"EQUINIX, INC.",Real Estate,2026-03-26,963.39,-0.0027,0.0044,-0.0112,0.2574
EQR,EQUITY RESIDENTIAL,Real Estate,2026-03-26,59.51,0.018,0.0264,-0.0585,-0.056
ESS,"ESSEX PROPERTY TRUST, INC.",Real Estate,2026-03-26,243.71,0.0065,0.0147,-0.0447,-0.0687
EXR,EXTRA SPACE STORAGE INC.,Real Estate,2026-03-26,130.49,0.0038,0.0018,-0.136,0.0021
FRT,FEDERAL REALTY INVESTMENT TRUST,Real Estate,2026-03-26,103.7,0.0042,0.0053,-0.0466,0.0288
HST,"HOST HOTELS & RESORTS, INC.",Real Estate,2026-03-26,19.42,-0.0031,0.0441,-0.0087,0.0953
INVH,INVITATION HOMES INC.,Real Estate,2026-03-26,24.83,-0.0024,0.018,-0.0573,-0.1065
IRM,IRON MOUNTAIN INC.,Real Estate,2026-03-26,100.21,-0.0032,0.006,-0.075,0.2081
KIM,KIMCO REALTY .,Real Estate,2026-03-26,22.26,-0.0067,-0.0036,-0.0548,0.0982
MAA,"MID-AMERICA APARTMENT COMMUNITIES, INC.",Real Estate,2026-03-26,122.15,0.0042,0.003,-0.0875,-0.1207
O,REALTY INCOME ,Real Estate,2026-03-26,60.27,0.0035,-0.0112,-0.1004,0.0692
PLD,"PROLOGIS, INC.",Real Estate,2026-03-26,129.74,-0.0048,0.0135,-0.09,0.0163
PSA,PUBLIC STORAGE.,Real Estate,2026-03-26,268.01,0.0014,0.0084,-0.1272,0.0328
REG,REGENCY CENTERS ,Real Estate,2026-03-26,74.37,-0.0008,-0.0067,-0.0586,0.0774
SBAC,SBA COMMUNICATIONS ,Real Estate,2026-03-26,166.17,0.0062,-0.0458,-0.1739,-0.1409
SPG,"SIMON PROPERTY GROUP, INC.",Real Estate,2026-03-26,181.8,0.0013,-0.0147,-0.1082,-0.0179
UDR,"UDR, INC.",Real Estate,2026-03-26,34.07,0.0041,-0.0012,-0.0915,-0.0712
VICI,VICI PROPERTIES INC.,Real Estate,2026-03-26,27.16,0.0033,0.0123,-0.101,-0.0341
VTR,"VENTAS, INC.",Real Estate,2026-03-26,82.66,-0.0005,0.0019,-0.0406,0.0682
WELL,WELLTOWER INC.,Real Estate,2026-03-26,195.53,-0.0061,-0.0021,-0.056,0.0534
WY,WEYERHAEUSER COMPANY,Real Estate,2026-03-26,23.6,-0.0021,0.0503,-0.0379,-0.0038
DIA,SPDR DOW JONES INDUS AVG,Sector & Style ETFs,2026-03-26,459.31,-0.0104,0.0075,-0.062,-0.0442
IWD,ISHARES:RUSS 1000 VL ETF,Sector & Style ETFs,2026-03-26,212.51,-0.011,0.0057,-0.0577,0.0103
IWF,ISHARES:RUSS 1000 GR ETF,Sector & Style ETFs,2026-03-26,422.35,-0.0228,-0.0119,-0.0618,-0.1076
IWM,ISHARES:RUSS 2000 ETF,Sector & Style ETFs,2026-03-26,247.44,-0.0174,0.0216,-0.0534,0.0052
MDY,SPDR S&P MIDCAP 400 ETF,Sector & Style ETFs,2026-03-26,613.77,-0.0148,0.0204,-0.0598,0.0174
MTUM,ISHARES:MSCI USA MOM FCT,Sector & Style ETFs,2026-03-26,238.21,-0.0363,-0.0137,-0.0583,-0.0483
OEF,ISHARES:S&P 100,Sector & Style ETFs,2026-03-26,314.96,-0.0196,-0.0082,-0.0595,-0.0817
POWA,INVESCO BLOOMBERG PRICING POWER,Sector & Style ETFs,2026-03-26,86.01,-0.0069,0.0023,-0.0769,-0.0437
QQQ,INVESCO QQQ TRUST 1,Sector & Style ETFs,2026-03-26,573.79,-0.0239,-0.0142,-0.0552,-0.066
QUAL,ISHARES:MSCI USA QF,Sector & Style ETFs,2026-03-26,190.15,-0.0205,-0.0091,-0.0718,-0.0426
RSP,INVESCO S&P500 EWGHT,Sector & Style ETFs,2026-03-26,191.08,-0.0092,0.0031,-0.0678,-0.0025
SDY,SPDR S&P DIVIDEND,Sector & Style ETFs,2026-03-26,145.28,-0.001,0.0091,-0.0683,0.044
SMH,VANECK:SEMICONDUCTOR,Sector & Style ETFs,2026-03-26,380.84,-0.0456,-0.0101,-0.0628,0.0575
SPHB,INVESCO S&P500 HI BE,Sector & Style ETFs,2026-03-26,115.94,-0.0272,0.0028,-0.0582,-0.0088
SPLV,INVESCO S&P500 LOWVL,Sector & Style ETFs,2026-03-26,72.63,0.0012,0.004,-0.0616,0.0169
SPY,SPDR S&P 500 ETF,Sector & Style ETFs,2026-03-26,645.09,-0.0179,-0.0054,-0.0596,-0.054
XLB,SEL SECTOR:MATRLS SPDR,Sector & Style ETFs,2026-03-26,49.09,-0.0065,0.0449,-0.0809,0.0825
XLC,SEL SECTOR:COMM SVC SPDR,Sector & Style ETFs,2026-03-26,108.81,-0.0236,-0.0305,-0.0783,-0.0757
XLE,SEL SECTOR:ENERGY SPDR,Sector & Style ETFs,2026-03-26,61.52,0.0157,0.0373,0.1001,0.376
XLF,SEL SECTOR:FINL S SPDR,Sector & Style ETFs,2026-03-26,49.05,-0.0059,-0.0006,-0.0463,-0.1044
XLI,SEL SECTOR:INDUST SPDR,Sector & Style ETFs,2026-03-26,161.27,-0.0232,-0.0025,-0.0896,0.0396
XLK,SEL SECTOR:TECH SPDR,Sector & Style ETFs,2026-03-26,132.5,-0.0311,-0.0206,-0.0451,-0.0797
XLP,SEL SECTOR:C STP SPDR,Sector & Style ETFs,2026-03-26,81.14,-0.0045,-0.0018,-0.0985,0.0445
XLRE,SEL SECTOR:RL EST SPDR,Sector & Style ETFs,2026-03-26,40.29,0.0005,-0.0074,-0.081,-0.0015
XLU,SEL SECTOR:UTIL SPDR,Sector & Style ETFs,2026-03-26,45.33,0.0018,0.0152,-0.0503,0.0618
XLV,SEL SECTOR:H CARE SPDR,Sector & Style ETFs,2026-03-26,145.74,-0.0034,0.0028,-0.0903,-0.0585
XLY,SEL SECTOR:C DSC SPDR,Sector & Style ETFs,2026-03-26,108.83,-0.0172,0.0101,-0.0687,-0.0886
AEE,AMEREN ,Utilities,2026-03-26,108.57,0.0071,0.0237,-0.0416,0.0872
AEP,"AMERICAN ELECTRIC POWER COMPANY, INC.",Utilities,2026-03-26,128.85,0.0043,0.0254,-0.0371,0.1174
AES,THE AES ,Utilities,2026-03-26,14.01,-0.0036,-0.0064,-0.1892,-0.023
ATO,ATMOS ENERGY ,Utilities,2026-03-26,183.18,0.009,0.0149,-0.0193,0.0928
AWK,"AMERICAN WATER WORKS COMPANY, INC.",Utilities,2026-03-26,137.51,0.0217,0.0127,0.0109,0.0537
CEG,CONSTELLATION ENERGY,Utilities,2026-03-26,295.19,-0.0268,0.0468,-0.1052,-0.1644
CMS,CMS ENERGY ,Utilities,2026-03-26,76.33,0.0118,0.0257,-0.0223,0.0915
CNP,"CENTERPOINT ENERGY, INC.",Utilities,2026-03-26,42.33,0.0062,0.0074,-0.0269,0.1041
D,"DOMINION ENERGY, INC.",Utilities,2026-03-26,60.9,0.004,0.0256,-0.0355,0.0394
DTE,DTE ENERGY COMPANY,Utilities,2026-03-26,144.39,0.0066,0.0199,-0.026,0.1195
DUK,DUKE ENERGY ,Utilities,2026-03-26,129.38,0.0095,0.0203,-0.0112,0.1038
ED,"CONSOLIDATED EDISON, INC.",Utilities,2026-03-26,111.52,0.0135,0.0189,-0.0089,0.1228
EIX,EDISON INTERNATIONAL,Utilities,2026-03-26,70.77,-0.0059,0.0146,-0.0531,0.1791
ES,EVERSOURCE ENERGY,Utilities,2026-03-26,67.96,0.0137,0.0193,-0.1083,0.0094
ETR,ENTERGY ,Utilities,2026-03-26,102.86,0.001,0.0296,-0.0397,0.1128
EVRG,"EVERGY, INC.",Utilities,2026-03-26,80.4,0.0053,0.0216,-0.039,0.1091
EXC,EXELON ,Utilities,2026-03-26,48.4,0.0153,0.0422,-0.0216,0.1103
FE,FIRSTENERGY CORP.,Utilities,2026-03-26,50.03,0.0103,0.0307,-0.0221,0.1175
LNT,ALLIANT ENERGY ,Utilities,2026-03-26,70.26,0.007,0.0226,-0.0288,0.0808
NEE,"NEXTERA ENERGY, INC.",Utilities,2026-03-26,91.16,0.0,0.0185,-0.0278,0.1355
NI,NISOURCE INC.,Utilities,2026-03-26,45.44,-0.0053,0.0093,-0.0393,0.0881
NRG,"NRG ENERGY, INC.",Utilities,2026-03-26,146.14,-0.0324,0.0023,-0.1834,-0.0823
PCG,PG&E ,Utilities,2026-03-26,17.37,-0.004,0.0029,-0.0858,0.0809
PEG,PUBLIC SERVICE ENTERPRISE GROUP INC.,Utilities,2026-03-26,80.5,-0.007,0.0133,-0.0647,0.0025
PNW,PINNACLE WEST CAPITAL ,Utilities,2026-03-26,98.56,0.0088,0.0133,-0.0173,0.1112
PPL,PPL ,Utilities,2026-03-26,37.54,0.0102,0.0271,-0.0369,0.072
SO,THE SOUTHERN COMPANY,Utilities,2026-03-26,95.42,0.0086,0.0217,-0.0201,0.0943
SRE,SEMPRA,Utilities,2026-03-26,95.54,0.0023,0.0416,-0.0076,0.0821
VST,VISTRA CORP.,Utilities,2026-03-26,152.3,0.0052,0.043,-0.1242,-0.056
WEC,"WEC ENERGY GROUP, INC.",Utilities,2026-03-26,114.02,0.0115,0.0164,-0.0251,0.0812
XEL,XCEL ENERGY INC.,Utilities,2026-03-26,77.93,0.003,0.0151,-0.0651,0.0551
VIX,CBOE MKT VOLATILITY IDX,Volatility,2026-03-26,27.44,0.0833,0.0246,0.3817,0.8355
VXN,CBOE NASDAQ MKT VOL NDX,Volatility,2026-03-26,29.86,0.0799,0.0226,0.2178,0.5266
FVX,5 YR TSY YLD NDX,Yields,2026-03-26,4.1,0.0327,0.0224,0.1681,0.1022
TNX,10 Y TSY YLD NDX,Yields,2026-03-26,4.42,0.0208,0.0068,0.1162,0.0625
TYX,30 Y TSY YLD NDX,Yields,2026-03-26,4.94,0.0082,-0.004,0.067,0.0207
